city,state,lat,lon
Aaronsburg,PA,40.8769,-77.3880
Abbeville,AL,31.5755,-85.2790
Abbeville,GA,31.9648,-83.3068
Abbeville,LA,29.9588,-92.1427
Abbeville,MS,34.4556,-89.5688
Abbeville,SC,34.1819,-82.3785
Abbot,ME,45.2798,-69.5251
Abbotsford,WI,44.9641,-90.2994
Abbott,TX,31.8916,-97.0671
Abbottstown,PA,39.8881,-76.9931
Abbyville,KS,37.9626,-98.2071
Abell,MD,38.2496,-76.7441
Abercrombie,ND,46.4478,-96.7300
Aberdeen,ID,42.9767,-112.8181
Aberdeen,KY,37.2539,-86.6817
Aberdeen,MD,39.5109,-76.1805
Aberdeen,MS,33.8284,-88.5380
Aberdeen,NC,35.1216,-79.4450
Aberdeen,OH,38.6709,-83.7637
Aberdeen,SD,45.4661,-98.4856
Aberdeen,WA,46.9843,-123.7963
Aberdeen Proving Ground,MD,39.4724,-76.1303
Abernant,AL,33.2903,-87.1981
Abernathy,TX,33.8500,-101.8611
Abie,NE,41.3479,-96.9563
Abilene,KS,38.9371,-97.2063
Abilene,TX,32.4682,-99.7182
Abingdon,IL,40.8023,-90.4009
Abingdon,MD,39.4744,-76.2997
Abingdon,VA,36.6916,-82.0200
Abington,CT,41.8606,-72.0072
Abington,MA,42.1167,-70.9543
Abington,PA,40.1281,-75.1289
Abiquiu,NM,36.1769,-106.2449
Abita Springs,LA,30.4837,-90.0041
Abrams,WI,44.7869,-88.0571
Absaraka,ND,47.0144,-97.3888
Absarokee,MT,45.5154,-109.4692
Absecon,NJ,39.4624,-74.5031
Acampo,CA,38.2004,-121.2186
Accident,MD,39.6355,-79.3085
Accokeek,MD,38.6720,-77.0162
Accomac,VA,37.7159,-75.6803
Accord,MA,42.1747,-70.8871
Accord,NY,41.8083,-74.2353
Accoville,WV,37.7686,-81.8372
Ace,TX,30.5361,-94.8242
Achille,OK,33.8333,-96.3869
Achilles,VA,37.2800,-76.4406
Ackerly,TX,32.6091,-101.7951
Ackerman,MS,33.3517,-89.2014
Ackermanville,PA,40.8648,-75.2073
Ackley,IA,42.5527,-93.0608
Ackworth,IA,41.3737,-93.3767
Acme,LA,31.3016,-91.8216
Acme,MI,44.7719,-85.5014
Acme,PA,40.1049,-79.4827
Acme,WA,48.6752,-122.1914
Acosta,PA,40.1103,-79.0692
Acra,NY,42.3304,-74.0857
Acton,CA,34.4835,-118.1959
Acton,MA,42.4751,-71.4483
Acton,ME,43.5494,-70.9307
Acton,MT,45.9370,-108.6810
Acushnet,MA,41.6997,-70.9087
Acworth,GA,34.0658,-84.6769
Acworth,GA,34.0756,-84.6477
Acworth,NH,43.2178,-72.2925
Ada,MI,42.9566,-85.4810
Ada,MN,47.3156,-96.5036
Ada,OH,40.7709,-83.8154
Ada,OK,34.7800,-96.6924
Adah,PA,39.8831,-79.8908
Adair,IA,41.5137,-94.6444
Adair,IL,40.3852,-90.5037
Adair,OK,36.4115,-95.2732
Adairsville,GA,34.3595,-84.9176
Adairville,KY,36.6914,-86.8585
Adak,AK,55.9997,-161.2078
Adamant,VT,44.3575,-72.5046
Adams,KY,37.9914,-82.7024
Adams,MA,42.6223,-73.1172
Adams,MN,43.5591,-92.7305
Adams,ND,48.4223,-98.0867
Adams,NE,40.4576,-96.5396
Adams,NY,43.8161,-76.0543
Adams,OK,36.7564,-101.0767
Adams,OR,45.7497,-118.6176
Adams,TN,36.5582,-87.1226
Adams,WI,43.8967,-89.8219
Adams Basin,NY,43.1906,-77.8539
Adams Center,NY,43.8631,-76.0041
Adams Run,SC,32.7493,-80.3682
Adamsburg,PA,40.3126,-79.6565
Adamstown,MD,39.3065,-77.4477
Adamstown,PA,40.2430,-76.0565
Adamsville,AL,33.5884,-86.9597
Adamsville,OH,40.0793,-81.8718
Adamsville,PA,41.5067,-80.3765
Adamsville,RI,41.5544,-71.1317
Adamsville,TN,35.2556,-88.4134
Addieville,IL,38.3604,-89.5227
Addington,OK,34.2444,-97.9667
Addis,LA,30.3557,-91.2613
Addison,AL,34.2056,-87.1948
Addison,IL,41.9335,-88.0054
Addison,ME,44.5830,-67.7146
Addison,MI,42.0036,-84.3122
Addison,NY,42.0983,-77.2660
Addison,PA,39.7612,-79.3193
Addison,TX,32.9617,-96.8289
Addy,WA,48.4477,-117.8924
Addyston,OH,39.1374,-84.7096
Adel,GA,31.1251,-83.4213
Adel,IA,41.6221,-94.0380
Adel,OR,42.1487,-119.8833
Adelanto,CA,34.5841,-117.4242
Adell,WI,43.6151,-88.0254
Adelphi,OH,39.4667,-82.7472
Adelphia,NJ,40.2181,-74.2567
Adena,OH,40.2126,-80.8815
Adger,AL,33.4343,-87.1675
Adin,CA,41.2175,-120.9432
Adirondack,NY,43.7165,-73.7825
Adjuntas,PR,18.1788,-66.7516
Adkins,TX,29.3805,-98.2650
Admire,KS,38.6393,-96.1017
Adna,WA,46.6292,-123.0600
Adolph,MN,46.8410,-92.2201
Adolphus,KY,36.6775,-86.2636
Adona,AR,35.0470,-92.9033
Adrian,GA,32.5635,-82.5695
Adrian,MI,41.9005,-84.0446
Adrian,MN,43.6197,-95.9273
Adrian,MO,38.4125,-94.3683
Adrian,OR,43.6537,-117.0602
Adrian,PA,40.9049,-79.5074
Adrian,TX,35.2758,-102.6970
Adrian,WV,38.9134,-80.2887
Advance,IN,39.9958,-86.6200
Advance,MO,37.0922,-89.9106
Advance,NC,36.0065,-80.4463
Advent,WV,38.6236,-81.5721
Afton,IA,41.0401,-94.1940
Afton,MI,45.3637,-84.4695
Afton,MN,44.8697,-92.8234
Afton,NY,42.2417,-75.5366
Afton,OK,36.6301,-94.9075
Afton,TN,36.2042,-82.7467
Afton,TX,33.7718,-100.8021
Afton,VA,37.9626,-78.8410
Afton,WI,42.6039,-89.0711
Afton,WY,42.7128,-110.9420
Agar,SD,44.8393,-100.0712
Agate,CO,39.4203,-103.9846
Agate,ND,48.6228,-99.4928
Agawam,MA,42.0702,-72.6227
Agency,IA,40.9957,-92.3162
Agency,MO,39.6662,-94.7170
Agenda,KS,39.7029,-97.4270
Ages Brookside,KY,36.8407,-83.2353
Agness,OR,42.5748,-124.0648
Agoura Hills,CA,34.1572,-118.7572
Agra,KS,39.8037,-99.1255
Agra,OK,35.8825,-96.8779
Agua Dulce,TX,27.7814,-97.9083
Aguada,PR,18.3814,-67.1886
Aguadilla,PR,18.4554,-67.1308
Aguanga,CA,33.4473,-116.7997
Aguas Buenas,PR,18.2583,-66.1050
Aguila,AZ,33.9428,-113.1733
Aguilar,CO,37.3933,-104.6769
Aguirre,PR,18.2500,-66.1031
Ah Gwah Ching,MN,46.2428,-93.2747
Ahmeek,MI,47.2989,-88.3964
Ahoskie,NC,36.2957,-76.9966
Ahsahka,ID,46.5103,-116.3715
Ahwahnee,CA,37.4076,-119.7233
Aibonito,PR,18.1417,-66.2650
Aiea,HI,21.3908,-157.9332
Aiken,SC,33.5530,-81.7194
Aiken,TX,34.1422,-101.5253
Ailey,GA,32.2143,-82.4762
Aimwell,LA,31.7619,-91.9925
Ainsworth,IA,41.3202,-91.5472
Ainsworth,NE,42.5403,-99.8615
Airville,PA,39.8210,-76.4012
Airway Heights,WA,47.6447,-117.5922
Aitkin,MN,46.4799,-93.6454
Ajo,AZ,32.3735,-112.8587
Akaska,SD,45.3324,-100.1186
Akeley,MN,47.0010,-94.7234
Akers,LA,30.2900,-90.4017
Akiachak,AK,60.8919,-161.3923
Akiak,AK,60.8906,-161.1993
Akin,IL,37.9878,-88.7522
Akron,AL,32.8724,-87.7086
Akron,CO,40.1803,-103.2259
Akron,IA,42.8354,-96.5225
Akron,IN,41.0389,-86.0395
Akron,MI,43.5844,-83.5393
Akron,NY,43.0249,-78.5084
Akron,OH,41.0449,-81.5200
Akron,PA,40.1571,-76.2053
Akutan,AK,54.1430,-165.7854
Alabaster,AL,33.2369,-86.8129
Alachua,FL,29.7970,-82.4805
Aladdin,WY,44.7473,-104.1931
Alakanuk,AK,62.7470,-164.6023
Alamance,NC,36.0350,-79.4861
Alameda,CA,37.7648,-122.2605
Alamo,CA,37.8537,-122.0229
Alamo,GA,32.1330,-82.7944
Alamo,IN,39.9819,-87.0572
Alamo,ND,48.5858,-103.4222
Alamo,NV,37.3259,-115.3080
Alamo,TN,35.8017,-89.1765
Alamo,TX,26.1906,-98.1164
Alamogordo,NM,32.8932,-105.9485
Alamosa,CO,37.4703,-105.8786
Alanreed,TX,35.2125,-100.7339
Alanson,MI,45.4405,-84.7924
Alapaha,GA,31.3940,-83.2132
Alba,MI,44.9747,-84.9686
Alba,MO,37.2383,-94.4172
Alba,PA,41.7050,-76.8286
Alba,TX,32.7652,-95.5971
Albany,CA,37.8900,-122.2954
Albany,GA,31.5678,-84.1619
Albany,IL,41.7659,-90.2081
Albany,IN,40.2920,-85.2580
Albany,KY,36.6857,-85.1407
Albany,LA,30.5149,-90.5964
Albany,MN,45.6151,-94.5740
Albany,MO,40.2513,-94.3270
Albany,NY,42.6525,-73.7566
Albany,OH,39.2097,-82.2177
Albany,OK,33.8814,-96.1625
Albany,OR,44.6277,-123.0944
Albany,TX,32.7190,-99.3196
Albany,VT,44.7344,-72.3418
Albany,WI,42.7155,-89.4357
Albemarle,NC,35.3573,-80.2044
Albers,IL,38.5320,-89.6202
Albert,KS,38.4758,-98.9807
Albert,OK,35.2328,-98.4111
Albert City,IA,42.7784,-94.9824
Albert Lea,MN,43.6537,-93.3707
Alberta,AL,32.1449,-87.3425
Alberta,MN,45.5571,-96.0498
Alberta,VA,36.8806,-77.9055
Alberton,MT,46.9806,-114.4921
Albertson,NC,35.1176,-77.8515
Albertson,NY,40.7703,-73.6514
Albertville,AL,34.2739,-86.2064
Albertville,MN,45.2534,-93.6469
Albia,IA,41.0287,-92.7946
Albin,WY,41.4342,-104.1505
Albion,CA,39.2159,-123.7214
Albion,IA,42.1143,-92.9882
Albion,ID,42.4128,-113.5772
Albion,IL,38.3740,-88.0636
Albion,IN,41.3482,-85.4142
Albion,ME,44.5355,-69.4683
Albion,MI,42.2581,-84.7561
Albion,NE,41.7049,-97.9991
Albion,NY,43.2398,-78.2068
Albion,OK,34.6628,-95.0997
Albion,PA,41.8859,-80.3753
Albion,RI,41.9511,-71.4550
Albion,WA,46.7911,-117.2494
Alborn,MN,46.9782,-92.5579
Albright,WV,39.5701,-79.6358
Albrightsville,PA,40.9748,-75.5842
Albuquerque,NM,35.0936,-106.6423
Alburgh,VT,44.9685,-73.2810
Alburnett,IA,42.1583,-91.6392
Alburtis,PA,40.4862,-75.6211
Alcalde,NM,36.0900,-106.0567
Alcester,SD,43.0047,-96.6332
Alcoa,TN,35.7852,-83.9809
Alcolu,SC,33.7684,-80.1788
Alcova,WY,42.5684,-106.6102
Alcove,NY,42.4538,-74.0347
Alda,NE,40.8569,-98.4551
Alden,IA,42.5179,-93.3841
Alden,IL,42.4589,-88.5178
Alden,KS,38.2343,-98.3112
Alden,MI,44.8779,-85.2241
Alden,MN,43.6466,-93.5823
Alden,NY,42.8984,-78.5257
Alder,MT,45.3239,-112.1064
Alder Creek,NY,43.4157,-75.2137
Alderpoint,CA,40.1764,-123.6106
Alderson,OK,34.9000,-95.6917
Alderson,WV,37.7301,-80.6713
Aldie,VA,38.9756,-77.6417
Aldrich,MN,46.4025,-94.9920
Aldrich,MO,37.5057,-93.5576
Aledo,IL,41.2008,-90.7416
Aledo,TX,32.7004,-97.6039
Aleknagik,AK,59.2697,-158.6199
Aleppo,PA,39.8246,-80.4579
Alex,OK,34.9612,-97.7571
Alexander,AR,34.6313,-92.4727
Alexander,IA,42.8114,-93.4450
Alexander,IL,39.7259,-90.0353
Alexander,KS,38.4570,-99.5378
Alexander,NC,35.7064,-82.6311
Alexander,ND,47.8435,-103.6396
Alexander,NY,42.9159,-78.2589
Alexander City,AL,32.9414,-85.9511
Alexandria,AL,33.7808,-85.8924
Alexandria,IN,40.2561,-85.6681
Alexandria,KY,38.9406,-84.3943
Alexandria,LA,31.2885,-92.4633
Alexandria,MN,45.8817,-95.3820
Alexandria,MO,40.3445,-91.5154
Alexandria,NE,40.2614,-97.4039
Alexandria,OH,40.1060,-82.6077
Alexandria,PA,40.5499,-78.1071
Alexandria,SD,43.6238,-97.7821
Alexandria,TN,36.0711,-86.0372
Alexandria,VA,38.7911,-77.0766
Alexandria,VA,38.8200,-77.0589
Alexandria Bay,NY,44.3270,-75.9306
Alexis,IL,41.0521,-90.5436
Alexis,NC,35.3836,-81.1022
Alford,FL,30.7141,-85.3484
Alfred,ME,43.4875,-70.6961
Alfred,NY,42.2552,-77.7930
Alfred Station,NY,42.2558,-77.7781
Alger,MI,44.1395,-84.1872
Alger,OH,40.7060,-83.8250
Algodones,NM,35.4285,-106.6166
Algoma,MS,34.1761,-89.0311
Algoma,WI,44.6101,-87.4578
Algona,IA,43.0660,-94.2306
Algonac,MI,42.6307,-82.5602
Algonquin,IL,42.1709,-88.3014
Alhambra,CA,34.0914,-118.1293
Alhambra,IL,38.8822,-89.7441
Alice,TX,27.7432,-98.0836
Aliceville,AL,33.1228,-88.1667
Alicia,AR,35.9423,-91.0810
Alief,TX,29.7108,-95.5961
Aline,OK,36.5056,-98.4574
Aliquippa,PA,40.6044,-80.2816
Aliso Viejo,CA,33.5724,-117.7089
Alix,AR,35.4308,-93.7264
Alkol,WV,38.1609,-81.9840
Allakaket,AK,66.5432,-152.7122
Allamuchy,NJ,40.9217,-74.8106
Allardt,TN,36.3749,-84.8508
Alledonia,OH,39.9053,-80.9578
Alleene,AR,33.7700,-94.2603
Allegan,MI,42.5256,-85.8661
Allegany,NY,42.0918,-78.4999
Allegany,OR,43.4261,-124.0311
Alleghany,CA,39.5127,-120.7272
Alleman,IA,41.8159,-93.6063
Allen,KS,38.6375,-96.2500
Allen,KY,37.5662,-82.6363
Allen,MD,38.2872,-75.6883
Allen,MI,41.9264,-84.7608
Allen,NE,42.4437,-96.8574
Allen,OK,34.8502,-96.5585
Allen,SD,43.2908,-101.9329
Allen,TX,33.0934,-96.6454
Allen Junction,WV,37.5892,-81.3508
Allen Park,MI,42.2522,-83.2120
Allendale,IL,38.5232,-87.7219
Allendale,MI,42.9711,-85.9249
Allendale,MO,40.4856,-94.2883
Allendale,NJ,41.0327,-74.1342
Allendale,SC,33.0077,-81.3203
Allenhurst,GA,31.7741,-81.6186
Allenhurst,NJ,40.2367,-74.0067
Allenport,PA,40.0898,-79.8542
Allenspark,CO,40.2268,-105.5201
Allensville,KY,36.6947,-87.0244
Allensville,PA,40.5249,-77.8294
Allenton,MI,42.9199,-82.8868
Allenton,MO,38.5036,-90.6758
Allenton,WI,43.4681,-88.3539
Allentown,GA,32.6538,-83.1898
Allentown,NJ,40.1589,-74.5909
Allentown,NY,42.0836,-78.0647
Allentown,PA,40.6027,-75.4710
Allenwood,NJ,40.1414,-74.1003
Allenwood,PA,41.1264,-76.9724
Allerton,IA,40.7023,-93.3724
Allerton,IL,39.9188,-87.9312
Alleyton,TX,29.7453,-96.4631
Allgood,AL,33.9119,-86.5094
Alliance,NC,35.1447,-76.8025
Alliance,NE,42.1149,-102.8880
Alliance,OH,40.9158,-81.1182
Alligator,MS,34.1294,-90.7382
Allison,IA,42.7615,-92.7830
Allison,PA,39.9826,-79.8757
Allison,TX,35.6058,-100.1003
Allison Park,PA,40.5700,-79.9665
Allons,TN,36.4970,-85.3197
Allouez,MI,47.2872,-88.4094
Alloway,NJ,39.5608,-75.3628
Alloy,WV,38.1375,-81.2744
Allport,PA,40.9750,-78.2104
Allred,TN,36.3668,-85.1761
Allston,MA,42.3535,-71.1329
Allyn,WA,47.3850,-122.8536
Alma,AL,31.4639,-87.7539
Alma,AR,35.5000,-94.2073
Alma,CO,39.2839,-106.0622
Alma,GA,31.5465,-82.4633
Alma,IL,38.7231,-88.9157
Alma,KS,39.0092,-96.2923
Alma,MI,43.3809,-84.6635
Alma,MO,39.1048,-93.5429
Alma,NE,40.1189,-99.3601
Alma,NY,42.0169,-78.0400
Alma,WI,44.4294,-91.8079
Alma,WV,39.4298,-80.8172
Alma Center,WI,44.4452,-90.9356
Almelund,MN,45.4914,-92.7853
Almena,KS,39.8891,-99.7042
Almena,WI,45.4195,-92.0027
Almira,WA,47.7632,-118.9123
Almo,ID,42.1003,-113.6328
Almo,KY,36.7128,-88.3087
Almond,NC,35.3295,-83.5784
Almond,NY,42.3160,-77.7780
Almond,WI,44.2898,-89.3584
Almont,CO,38.6500,-106.6271
Almont,MI,42.9260,-83.0362
Almont,ND,46.7046,-101.5221
Almyra,AR,34.4146,-91.4310
Alna,ME,44.1061,-69.6042
Alpaugh,CA,35.8878,-119.4864
Alpena,AR,36.2998,-93.2792
Alpena,MI,45.0790,-83.4602
Alpena,SD,44.1709,-98.3962
Alpha,IL,41.1930,-90.3821
Alpha,KY,36.7797,-85.0924
Alpha,MI,46.0439,-88.3769
Alpha,MN,43.5946,-94.9051
Alpha,OH,39.7117,-84.0233
Alpharetta,GA,34.1048,-84.2949
Alpine,AL,33.3312,-86.2089
Alpine,AR,34.2289,-93.3789
Alpine,AZ,33.8279,-109.1283
Alpine,CA,32.8282,-116.7543
Alpine,NJ,40.9511,-73.9308
Alpine,NY,42.3510,-76.7348
Alpine,TN,36.3803,-85.1522
Alpine,TX,30.2631,-103.6541
Alpine,UT,40.4616,-111.7689
Alpine,WY,43.1753,-111.0339
Alplaus,NY,42.8573,-73.9002
Alsea,OR,44.3691,-123.6089
Alsen,ND,48.6368,-98.6225
Alsey,IL,39.5606,-90.4339
Alsip,IL,41.6723,-87.7339
Alstead,NH,43.1265,-72.3281
Alston,GA,32.0806,-82.4778
Alta,CA,39.2280,-120.7732
Alta,IA,42.6771,-95.3129
Alta,WY,43.7539,-111.0361
Alta Vista,IA,43.1482,-92.4237
Alta Vista,KS,38.8636,-96.4800
Altadena,CA,34.1912,-118.1392
Altair,TX,29.5711,-96.4539
Altamahaw,NC,36.1842,-79.5075
Altamont,IL,39.0634,-88.7481
Altamont,KS,37.1873,-95.2983
Altamont,MO,39.9050,-94.1282
Altamont,NY,42.7063,-74.0193
Altamont,TN,35.4258,-85.7635
Altamont,UT,40.3702,-110.4464
Altamonte Springs,FL,28.6627,-81.3719
Altaville,CA,38.0769,-120.5522
Altavista,VA,37.1222,-79.2911
Altenburg,MO,37.6306,-89.5815
Altha,FL,30.5319,-85.1704
Altheimer,AR,34.3062,-91.8289
Altmar,NY,43.4970,-75.9719
Alto,GA,34.4591,-83.6020
Alto,MI,42.8243,-85.4256
Alto,NM,33.3883,-105.6900
Alto,TX,31.6478,-95.0798
Alto Pass,IL,37.5681,-89.3172
Alton,AL,33.5792,-86.6375
Alton,IA,42.9782,-96.0173
Alton,IL,38.9087,-90.1568
Alton,KS,39.4514,-98.9539
Alton,MO,36.7025,-91.3927
Alton,NH,43.4630,-71.2297
Alton,NY,43.2111,-76.9808
Alton,UT,37.4699,-112.5484
Alton,VA,36.5894,-79.0202
Alton Bay,NH,43.4845,-71.2489
Altona,IL,41.1128,-90.1598
Altona,NY,44.8816,-73.6408
Altonah,UT,40.4419,-110.4385
Altoona,AL,34.0429,-86.3509
Altoona,FL,29.0219,-81.6323
Altoona,IA,41.6475,-93.4724
Altoona,KS,37.5197,-95.6483
Altoona,PA,40.5209,-78.4089
Altoona,WI,44.8021,-91.4382
Altura,MN,44.1361,-91.9745
Alturas,CA,41.4767,-120.5456
Alturas,FL,27.8714,-81.7153
Altus,AR,35.4049,-93.8115
Altus,OK,34.6484,-99.3205
Altus Afb,OK,34.6592,-99.2806
Alum Bank,PA,40.1858,-78.6206
Alum Bridge,WV,39.0425,-80.6882
Alum Creek,WV,38.2858,-81.7863
Alva,FL,26.7147,-81.6351
Alva,OK,36.8016,-98.6722
Alva,WY,44.6947,-104.4408
Alvada,OH,41.0463,-83.3770
Alvadore,OR,44.1269,-123.2633
Alvarado,MN,48.2020,-96.9915
Alvarado,TX,32.4395,-97.2130
Alvaton,KY,36.8630,-86.3632
Alverda,PA,40.6303,-78.8572
Alverton,PA,40.1279,-79.5586
Alvin,IL,40.3007,-87.6080
Alvin,TX,29.4120,-95.2515
Alviso,CA,37.4277,-121.9686
Alvo,NE,40.8992,-96.4036
Alvord,IA,43.3201,-96.2910
Alvord,TX,33.3698,-97.6885
Alvordton,OH,41.6625,-84.4355
Alzada,MT,45.1562,-104.2617
Ama,LA,29.9435,-90.2925
Amado,AZ,31.6438,-111.0722
Amador City,CA,38.4194,-120.8231
Amagansett,NY,40.9736,-72.1442
Amagon,AR,35.5616,-91.0796
Amalia,NM,36.9419,-105.4539
Amana,IA,41.8313,-91.8855
Amanda,OH,39.6251,-82.7552
Amanda Park,WA,47.4706,-123.9074
Amargosa Valley,NV,36.9440,-116.5776
Amarillo,TX,35.1663,-101.8868
Amarillo,TX,35.2032,-101.8421
Amasa,MI,46.2267,-88.4533
Amawalk,NY,41.2946,-73.7611
Amazonia,MO,39.9092,-94.9113
Amber,OK,35.1377,-97.7646
Amberg,WI,45.4989,-87.9643
Amberson,PA,40.1703,-77.6775
Ambia,IN,40.4793,-87.4796
Ambler,AK,67.4695,-156.4557
Ambler,PA,40.1663,-75.2072
Amboy,CA,34.5990,-115.7749
Amboy,IL,41.7042,-89.3472
Amboy,IN,40.6105,-85.9497
Amboy,MN,43.8903,-94.1774
Amboy,WA,45.9195,-122.4574
Ambridge,PA,40.5954,-80.2198
Ambrose,GA,31.5367,-82.9976
Ambrose,ND,48.8172,-103.7007
Amelia,LA,29.6605,-91.1111
Amelia,NE,42.1809,-99.0080
Amelia,OH,39.0211,-84.2112
Amelia Court House,VA,37.3502,-77.9552
Amenia,ND,47.0194,-97.2048
Amenia,NY,41.8447,-73.5542
American Canyon,CA,38.1750,-122.2597
American Falls,ID,42.7899,-112.8707
American Fork,UT,40.3928,-111.7941
Americus,GA,32.0708,-84.2247
Americus,GA,32.0881,-84.2362
Americus,KS,38.5098,-96.2608
Amery,WI,45.3252,-92.3615
Ames,IA,42.0299,-93.6394
Ames,NE,41.4613,-96.6463
Ames,OK,36.2423,-98.1820
Amesbury,MA,42.8559,-70.9367
Amesville,OH,39.4086,-81.9650
Amherst,CO,40.6824,-102.1706
Amherst,MA,42.3770,-72.5156
Amherst,NE,40.8495,-99.2609
Amherst,NH,42.8569,-71.6075
Amherst,OH,41.3905,-82.2282
Amherst,SD,45.7074,-97.9301
Amherst,TX,33.9976,-102.4416
Amherst,VA,37.6027,-79.0506
Amherst,WI,44.4231,-89.3035
Amherst Junction,WI,44.5065,-89.3038
Amherstdale,WV,37.7956,-81.7589
Amidon,ND,46.4560,-103.2647
Amigo,WV,37.5921,-81.3491
Amissville,VA,38.6714,-77.9958
Amistad,NM,35.8983,-103.2130
Amite,LA,30.7182,-90.5705
Amity,AR,34.2594,-93.4206
Amity,MO,39.8837,-94.5136
Amity,OR,45.1157,-123.1744
Amity,PA,40.0618,-80.1949
Amityville,NY,40.6842,-73.4171
Amlin,OH,40.0720,-83.1792
Amma,WV,38.5455,-81.2532
Ammon,VA,37.1508,-77.7444
Amo,IN,39.6881,-86.6136
Amonate,VA,37.1908,-81.6389
Amoret,MO,38.2605,-94.5734
Amorita,OK,36.9412,-98.2458
Amory,MS,33.9844,-88.4709
Amsterdam,MO,38.3954,-94.5763
Amsterdam,NY,42.9488,-74.1839
Amsterdam,OH,40.4731,-80.9596
Amston,CT,41.6290,-72.3646
Anabel,MO,39.7368,-92.3511
Anacoco,LA,31.2218,-93.3589
Anaconda,MT,46.1299,-112.9739
Anacortes,WA,48.5004,-122.6309
Anadarko,OK,35.0728,-98.2429
Anaheim,CA,33.8427,-117.9540
Anahola,HI,22.1453,-159.3156
Anahuac,TX,29.7810,-94.5548
Anaktuvuk Pass,AK,68.1188,-151.6790
Analomink,PA,41.0511,-75.2208
Anamoose,ND,47.8703,-100.2529
Anamosa,IA,42.1078,-91.2851
Anasco,PR,18.2847,-67.1400
Anatone,WA,46.1285,-117.0883
Anawalt,WV,37.3358,-81.4367
Anchor,IL,40.5441,-88.5266
Anchor Point,AK,59.7888,-151.7329
Anchorage,AK,61.2116,-149.8761
Anchorville,MI,42.7118,-82.7094
Ancona,IL,41.0551,-88.7660
Ancram,NY,42.0851,-73.6424
Ancramdale,NY,42.0381,-73.5819
Andale,KS,37.7827,-97.6407
Andalusia,AL,31.2971,-86.4905
Andalusia,IL,41.4353,-90.7284
Anderson,AK,64.3007,-149.1718
Anderson,AL,34.9518,-87.2723
Anderson,CA,40.4574,-122.3282
Anderson,IN,40.1146,-85.7253
Anderson,MO,36.6692,-94.4766
Anderson,SC,34.5261,-82.6304
Anderson,TX,30.5443,-96.0018
Anderson Island,WA,47.1587,-122.6960
Andersonville,GA,32.1299,-84.1010
Andersonville,TN,36.1915,-84.0544
Andes,NY,42.1569,-74.7887
Andover,CT,41.7332,-72.3767
Andover,IA,41.9926,-90.2386
Andover,IL,41.2939,-90.2919
Andover,KS,37.6985,-97.1179
Andover,MA,42.6496,-71.1565
Andover,ME,44.6637,-70.7967
Andover,MN,45.2507,-93.2845
Andover,NH,43.4287,-71.7830
Andover,NJ,40.9614,-74.7524
Andover,NY,42.1575,-77.7920
Andover,OH,41.6225,-80.5754
Andover,SD,45.4222,-97.9175
Andover,VA,36.9236,-82.7967
Andreas,PA,40.7465,-75.8342
Andrew,IA,42.1585,-90.6004
Andrews,IN,40.8618,-85.6067
Andrews,NC,35.1959,-83.8228
Andrews,SC,33.4525,-79.5604
Andrews,TX,32.3201,-102.5409
Andrews Air Force Base,MD,38.8033,-76.8714
Aneta,ND,47.6993,-97.9814
Aneth,UT,37.2147,-109.2983
Angel Fire,NM,36.5547,-105.2631
Angela,MT,46.7719,-106.3157
Angeles,PR,18.2869,-66.7997
Angelica,NY,42.3263,-77.9947
Angels Camp,CA,38.0640,-120.5544
Angelus Oaks,CA,34.1531,-116.9485
Angie,LA,30.9224,-89.8567
Angier,NC,35.4897,-78.7249
Angle Inlet,MN,49.3249,-95.0902
Angleton,TX,29.1810,-95.4467
Angola,IN,41.6563,-85.0198
Angola,LA,30.9656,-91.5979
Angola,NY,42.6366,-79.0497
Angoon,AK,57.5698,-134.3711
Angora,MN,47.7577,-92.6413
Angora,NE,41.8934,-103.0850
Anguilla,MS,33.0121,-90.8095
Angwin,CA,38.5769,-122.4477
Aniak,AK,61.6916,-157.7585
Animas,NM,31.7937,-108.5857
Anita,IA,41.4500,-94.7794
Anita,PA,41.0018,-78.9666
Aniwa,WI,45.0104,-89.2683
Ankeny,IA,41.7276,-93.6022
Anmoore,WV,39.2567,-80.2925
Ann Arbor,MI,42.2794,-83.7840
Anna,IL,37.4668,-89.2207
Anna,OH,40.4051,-84.2103
Anna,TX,33.3445,-96.5639
Anna Maria,FL,27.5308,-82.7336
Annabella,UT,38.7092,-112.0592
Annada,MO,39.2558,-90.8224
Annandale,MN,45.2483,-94.1061
Annandale,NJ,40.6287,-74.8855
Annandale,VA,38.8307,-77.2142
Annandale On Hudson,NY,41.9953,-73.8311
Annapolis,CA,38.7145,-123.3142
Annapolis,IL,39.1179,-87.8029
Annapolis,MD,38.9996,-76.5031
Annapolis,MO,37.3981,-90.6702
Annapolis Junction,MD,39.1310,-76.7981
Annawan,IL,41.3980,-89.9129
Annemanie,AL,32.0528,-87.5708
Anniston,AL,33.6539,-85.8382
Anniston,MO,36.8258,-89.3278
Annona,TX,33.5535,-94.8992
Annville,KY,37.3070,-83.9597
Annville,PA,40.3456,-76.5447
Anoka,MN,45.2385,-93.4078
Anselmo,NE,41.6362,-99.7991
Ansley,NE,41.3019,-99.3645
Anson,ME,44.7831,-69.9309
Anson,TX,32.7489,-99.8953
Ansonia,CT,41.3427,-73.0742
Ansonia,OH,40.2151,-84.6406
Ansonville,NC,35.1044,-80.1094
Ansted,WV,38.1369,-81.0955
Antelope,CA,38.7083,-121.3289
Antelope,MT,48.6968,-104.4529
Antelope,OR,44.8892,-120.7914
Antes Fort,PA,41.1917,-77.2242
Anthon,IA,42.3870,-95.8948
Anthony,FL,29.3048,-82.1262
Anthony,KS,37.1512,-98.0285
Anthony,NM,31.9345,-106.5735
Anthony,TX,31.9907,-106.5976
Antigo,WI,45.1314,-89.1419
Antimony,UT,38.1015,-111.9930
Antioch,CA,37.9939,-121.8089
Antioch,IL,42.4648,-88.1178
Antioch,TN,36.0600,-86.6722
Antler,ND,48.9585,-101.3338
Antlers,OK,34.2349,-95.6254
Antoine,AR,34.0283,-93.4372
Anton,CO,39.6865,-103.4343
Anton,TX,33.8043,-102.1652
Anton Chico,NM,35.1593,-105.1410
Antonito,CO,37.0855,-106.0379
Antrim,NH,43.0595,-71.9387
Antwerp,NY,44.2358,-75.6005
Antwerp,OH,41.1887,-84.7448
Anvik,AK,62.8309,-160.1304
Anza,CA,33.5688,-116.7135
Apache,OK,34.9034,-98.3695
Apache Junction,AZ,33.3277,-111.3259
Apalachicola,FL,29.7255,-85.0063
Apalachin,NY,42.0556,-76.1519
Apex,NC,35.7225,-78.8408
Apison,TN,35.0149,-85.0164
Aplington,IA,42.5870,-92.8751
Apollo,PA,40.5565,-79.5772
Apollo Beach,FL,27.7716,-82.4102
Apopka,FL,28.6619,-81.4851
Appalachia,VA,36.9060,-82.7914
Apple Creek,OH,40.7551,-81.8093
Apple Grove,WV,38.7131,-82.1726
Apple River,IL,42.4714,-90.1201
Apple Springs,TX,31.2269,-94.9812
Apple Valley,CA,34.5291,-117.2132
Applegate,CA,38.9955,-120.9905
Applegate,MI,43.3619,-82.6479
Appleton,MN,45.2054,-95.9949
Appleton,NY,43.3105,-78.6372
Appleton,WA,45.9090,-121.1486
Appleton,WI,44.2773,-88.3976
Appleton City,MO,38.1848,-94.0229
Appling,GA,33.6271,-82.2856
Appomattox,VA,37.3530,-78.8224
Aptos,CA,36.9772,-121.8983
Apulia Station,NY,42.8186,-76.0728
Aquasco,MD,38.5825,-76.7149
Aquashicola,PA,40.8111,-75.5906
Aquebogue,NY,40.9444,-72.6275
Aquilla,TX,31.8589,-97.2258
Arab,AL,34.3283,-86.4896
Arabi,GA,31.8629,-83.7286
Arabi,LA,29.9612,-89.9965
Aragon,GA,34.0666,-85.0696
Aragon,NM,33.8859,-108.5466
Aransas Pass,TX,27.9092,-97.1497
Arapaho,OK,35.5789,-98.9595
Arapahoe,CO,38.8417,-102.1940
Arapahoe,NC,35.0055,-76.8149
Arapahoe,NE,40.3027,-99.8997
Arapahoe,WY,42.9679,-108.4941
Ararat,NC,36.3869,-80.6089
Ararat,VA,36.6139,-80.5093
Arbela,MO,40.4863,-92.0047
Arboles,CO,37.1016,-107.3907
Arbon,ID,42.5026,-112.5585
Arbovale,WV,38.4546,-79.7934
Arbuckle,CA,39.0138,-122.0274
Arbyrd,MO,36.0501,-90.2284
Arcade,NY,42.5630,-78.4134
Arcadia,CA,34.1324,-118.0264
Arcadia,FL,27.1861,-81.8095
Arcadia,IA,42.0573,-95.0371
Arcadia,IN,40.1776,-86.0409
Arcadia,KS,37.6341,-94.6548
Arcadia,LA,32.5556,-92.9245
Arcadia,MI,44.5232,-86.2061
Arcadia,MO,37.5701,-90.5928
Arcadia,NE,41.4293,-99.1205
Arcadia,OH,41.1116,-83.5019
Arcadia,OK,35.6543,-97.3243
Arcadia,PA,40.7811,-78.8528
Arcadia,SC,34.9581,-81.9908
Arcadia,WI,44.2539,-91.4805
Arcanum,OH,39.9884,-84.5370
Arcata,CA,40.8667,-124.0817
Arch Cape,OR,45.8019,-123.9667
Archbald,PA,41.4956,-75.5552
Archbold,OH,41.5333,-84.3048
Archer,FL,29.5597,-82.5108
Archer,IA,43.1179,-95.7417
Archer,NE,41.1782,-98.1182
Archer City,TX,33.5956,-98.6253
Archibald,LA,32.3489,-91.7772
Archie,MO,38.4986,-94.3630
Arco,ID,43.6355,-113.3176
Arco,MN,44.4091,-96.1999
Arcola,IL,39.6870,-88.3037
Arcola,IN,41.1036,-85.2942
Arcola,MO,37.5313,-93.8587
Arcola,MS,33.2697,-90.8797
Arcola,PA,40.1525,-75.4569
Arcola,VA,38.9517,-77.5344
Arctic Village,AK,68.0774,-145.4231
Ardara,PA,40.3630,-79.7335
Arden,NC,35.4637,-82.5354
Arden,NY,41.2744,-74.1533
Ardenvoir,WA,47.7375,-120.3678
Ardmore,AL,34.9804,-86.8346
Ardmore,OK,34.1767,-97.1342
Ardmore,PA,40.0020,-75.2966
Ardmore,TN,35.0574,-86.8796
Ardsley,NY,41.0113,-73.8413
Ardsley On Hudson,NY,41.0261,-73.8708
Arecibo,PR,18.4389,-66.6924
Aredale,IA,42.8549,-92.9769
Arena,WI,43.1521,-89.9386
Arenas Valley,NM,32.7822,-108.1890
Arendtsville,PA,39.9231,-77.2989
Arenzville,IL,39.8979,-90.3636
Argenta,IL,39.9916,-88.8214
Argillite,KY,38.4322,-82.8094
Argonia,KS,37.2840,-97.7557
Argonne,WI,45.6583,-88.8886
Argos,IN,41.2308,-86.2506
Argusville,ND,47.1066,-96.9058
Argyle,FL,30.7194,-86.0444
Argyle,GA,31.0739,-82.6486
Argyle,IA,40.5657,-91.5639
Argyle,MI,43.5642,-82.9361
Argyle,MN,48.3314,-96.8671
Argyle,MO,38.2986,-92.0155
Argyle,NY,43.2381,-73.4641
Argyle,TX,33.1062,-97.1600
Argyle,WI,42.6955,-89.8598
Ariel,WA,45.9952,-122.4677
Arimo,ID,42.5600,-112.1746
Arion,IA,41.9504,-95.4623
Aripeka,FL,28.4319,-82.6644
Arispe,IA,40.9494,-94.2189
Aristes,PA,40.8183,-76.3386
Ariton,AL,31.5830,-85.7077
Arivaca,AZ,31.5747,-111.3317
Arizona City,AZ,32.7558,-111.6703
Arjay,KY,36.8283,-83.6415
Ark,VA,37.4383,-76.5761
Arkabutla,MS,34.6989,-90.1222
Arkadelphia,AR,34.1153,-93.0690
Arkansas City,AR,33.6143,-91.2325
Arkansas City,KS,37.0676,-97.0357
Arkansaw,WI,44.6267,-92.0566
Arkdale,WI,44.0529,-89.8962
Arkoma,OK,35.3434,-94.4403
Arkport,NY,42.4225,-77.6918
Arkville,NY,42.0823,-74.5545
Arlee,MT,47.1860,-114.0760
Arley,AL,34.0632,-87.1828
Arlington,AL,32.0668,-87.5597
Arlington,AZ,33.3133,-112.7891
Arlington,CO,38.4068,-103.3697
Arlington,GA,31.4397,-84.7250
Arlington,IA,42.7338,-91.6668
Arlington,IL,41.4437,-89.2219
Arlington,IN,39.6488,-85.5828
Arlington,KS,37.8598,-98.1590
Arlington,KY,36.8001,-88.9438
Arlington,MA,42.4042,-71.1472
Arlington,MN,44.6153,-94.0762
Arlington,NE,41.4417,-96.3070
Arlington,OH,40.8761,-83.6685
Arlington,OR,45.6664,-120.1971
Arlington,SD,44.3668,-97.0687
Arlington,TN,35.2752,-89.7295
Arlington,TX,32.6336,-97.1469
Arlington,VA,38.8871,-77.0932
Arlington,VT,43.0857,-73.1594
Arlington,WA,48.1829,-122.1121
Arlington,WI,43.3269,-89.3631
Arlington Heights,IL,42.1116,-87.9791
Arlington Heights,MA,42.4203,-71.1806
Arma,KS,37.5439,-94.7000
Armada,MI,42.8409,-82.8899
Armagh,PA,40.4425,-79.0131
Armbrust,PA,40.2361,-79.5539
Armington,IL,40.3170,-89.3218
Arminto,WY,43.1209,-107.3436
Armona,CA,36.3095,-119.7053
Armonk,NY,41.1360,-73.7009
Armorel,AR,35.9428,-89.7581
Armour,SD,43.3160,-98.3414
Armstrong,IA,43.4024,-94.4853
Armstrong,IL,40.2175,-87.8943
Armstrong,MO,39.2566,-92.7090
Armstrong,TX,26.7387,-97.7093
Armstrong Creek,WI,45.6726,-88.4908
Armuchee,GA,34.4411,-85.1843
Arnaudville,LA,30.3981,-91.9263
Arnegard,ND,47.8088,-103.4538
Arnett,OK,36.1205,-99.7327
Arnett,WV,37.8502,-81.4355
Arnold,CA,38.2418,-120.3422
Arnold,KS,38.6091,-100.0120
Arnold,MD,39.0476,-76.4941
Arnold,MI,46.0508,-87.4919
Arnold,MO,38.4305,-90.3870
Arnold,NE,41.4456,-100.1567
Arnold A F B,TN,35.3433,-86.2394
Arnolds Park,IA,43.3636,-95.1313
Arnoldsburg,WV,38.8227,-81.1551
Arnoldsville,GA,33.8803,-83.2341
Arnot,PA,41.6625,-77.1233
Arock,OR,43.9709,-117.0342
Aroda,VA,38.3256,-78.2366
Aroma Park,IL,41.0947,-87.7719
Aromas,CA,36.8785,-121.6398
Arona,PA,40.2680,-79.6591
Arp,TX,32.2418,-95.0639
Arpin,WI,44.5419,-90.0370
Arrey,NM,32.8021,-107.3544
Arriba,CO,39.3025,-103.2710
Arrington,TN,35.9049,-86.5645
Arrington,VA,37.6877,-78.9185
Arrow Rock,MO,39.0697,-92.9464
Arrowsmith,IL,40.4120,-88.6296
Arroyo,PR,17.9633,-66.0633
Arroyo Grande,CA,35.1145,-120.5729
Arroyo Hondo,NM,36.5318,-105.6220
Arroyo Seco,NM,36.5046,-105.5946
Art,TX,30.7754,-99.0937
Artemas,PA,39.7575,-78.4031
Artemus,KY,36.8388,-83.8329
Artesia,CA,33.8666,-118.0680
Artesia,MS,33.4153,-88.6439
Artesia,NM,32.8384,-104.4074
Artesia Wells,TX,28.2797,-99.2842
Artesian,SD,44.0354,-97.9540
Arthur,IA,42.3363,-95.3675
Arthur,IL,39.7077,-88.4555
Arthur,ND,47.1048,-97.2097
Arthur,NE,41.5740,-101.6931
Arthur,TN,36.5481,-83.6708
Arthur City,TX,33.8400,-95.4940
Arthurdale,WV,39.4950,-79.8153
Artie,WV,37.9181,-81.3788
Artois,CA,39.6197,-122.1928
Arvada,CO,39.8039,-105.0859
Arvada,WY,44.6899,-106.1092
Arverne,NY,40.5926,-73.7974
Arvilla,ND,47.9093,-97.4871
Arvin,CA,35.1966,-118.8336
Arvonia,VA,37.6714,-78.3889
Ary,KY,37.3544,-83.1393
Asbury,MO,37.2942,-94.5655
Asbury,NJ,40.6502,-75.0159
Asbury,WV,37.8488,-80.5653
Asbury Park,NJ,40.2356,-74.0295
Ascutney,VT,43.4069,-72.4075
Ash,NC,34.0659,-78.5056
Ash Flat,AR,36.2197,-91.6107
Ash Fork,AZ,35.2150,-112.5027
Ash Grove,MO,37.3160,-93.5781
Ashaway,RI,41.4231,-71.7837
Ashburn,GA,31.7059,-83.6608
Ashburn,MO,39.5290,-91.1877
Ashburn,VA,39.0322,-77.4985
Ashburnham,MA,42.6496,-71.9267
Ashby,MA,42.6745,-71.8174
Ashby,MN,46.0781,-95.8214
Ashby,NE,41.9776,-101.9636
Ashcamp,KY,37.2589,-82.4613
Ashdown,AR,33.6787,-94.1351
Asheboro,NC,35.6935,-79.8197
Asher,KY,37.0442,-83.4042
Asher,OK,34.9849,-96.8763
Asherton,TX,28.4364,-99.7486
Asheville,NC,35.5971,-82.5565
Ashfield,MA,42.5232,-72.8110
Ashfield,PA,40.7844,-75.7139
Ashford,AL,31.1888,-85.2535
Ashford,CT,41.8643,-72.1587
Ashford,WA,46.7531,-121.9898
Ashford,WV,38.1823,-81.7113
Ashippun,WI,43.2119,-88.5161
Ashkum,IL,40.8844,-87.9411
Ashland,AL,33.2474,-85.8290
Ashland,IL,39.8917,-90.0287
Ashland,KS,37.1823,-99.7590
Ashland,KY,38.4430,-82.7027
Ashland,LA,32.1417,-93.0981
Ashland,MA,42.2539,-71.4583
Ashland,ME,46.6184,-68.3876
Ashland,MO,38.7878,-92.2537
Ashland,MS,34.7946,-89.2054
Ashland,MT,45.5827,-106.2797
Ashland,NE,41.0541,-96.3904
Ashland,NH,43.7034,-71.6121
Ashland,NY,42.2372,-74.3079
Ashland,OH,40.8559,-82.3189
Ashland,OR,42.1885,-122.6930
Ashland,PA,40.7732,-76.3430
Ashland,VA,37.7395,-77.4784
Ashland,WI,46.5779,-90.8767
Ashland City,TN,36.2731,-87.0447
Ashley,IL,38.3060,-89.2311
Ashley,IN,41.5347,-85.0504
Ashley,MI,43.1891,-84.4880
Ashley,ND,46.0537,-99.3164
Ashley,OH,40.4163,-82.9542
Ashley Falls,MA,42.0596,-73.3202
Ashmore,IL,39.5254,-88.0341
Ashtabula,OH,41.8679,-80.7947
Ashton,IA,43.3053,-95.7655
Ashton,ID,43.9881,-111.6195
Ashton,IL,41.8643,-89.2086
Ashton,MD,39.1510,-76.9924
Ashton,NE,41.2672,-98.8034
Ashton,SD,45.0128,-98.4425
Ashton,WV,38.6571,-82.1089
Ashuelot,NH,42.7851,-72.4349
Ashville,AL,33.8374,-86.2552
Ashville,NY,42.1084,-79.4056
Ashville,OH,39.7316,-82.9446
Ashville,PA,40.5513,-78.5346
Ashwood,OR,44.7195,-120.7192
Askov,MN,46.1964,-92.7528
Asotin,WA,46.1343,-117.0015
Aspen,CO,39.1951,-106.8236
Aspermont,TX,33.1301,-100.2344
Aspers,PA,39.9765,-77.2287
Aspinwall,IA,41.9083,-95.1499
Assaria,KS,38.6676,-97.6203
Assawoman,VA,37.8663,-75.5297
Assonet,MA,41.7975,-71.0607
Assumption,IL,39.5095,-89.0398
Astatula,FL,28.7088,-81.7195
Aston,PA,39.8643,-75.4332
Astor,FL,29.1650,-81.5399
Astoria,IL,40.2311,-90.3443
Astoria,NY,40.7706,-73.9265
Astoria,OR,46.1558,-123.7980
Astoria,SD,44.5735,-96.5416
Atalissa,IA,41.5614,-91.1748
Atascadero,CA,35.4754,-120.6638
Atascosa,TX,29.2705,-98.7421
Atchison,KS,39.5594,-95.1304
Atco,NJ,39.7709,-74.8794
Atglen,PA,39.9458,-75.9703
Athelstane,WI,45.4228,-88.1753
Athena,OR,45.8289,-118.4971
Athens,AL,34.8036,-86.9707
Athens,GA,33.9761,-83.3632
Athens,IL,39.9648,-89.7211
Athens,IN,41.0536,-86.1253
Athens,LA,32.6451,-93.0239
Athens,ME,44.9388,-69.6695
Athens,MI,42.1030,-85.2317
Athens,NY,42.2736,-73.8152
Athens,OH,39.3178,-82.1020
Athens,PA,41.9490,-76.4889
Athens,TN,35.4574,-84.6043
Athens,TX,32.1935,-95.8432
Athens,WI,45.0320,-90.0626
Athens,WV,37.4323,-80.9974
Atherton,CA,37.4563,-122.2002
Athol,ID,47.9267,-116.7318
Athol,KS,39.7719,-98.9077
Athol,KY,37.5525,-83.5628
Athol,MA,42.5921,-72.2146
Athol,NY,43.4839,-73.8817
Athol Springs,NY,42.7697,-78.8667
Atka,AK,52.1992,-174.2133
Atkins,AR,35.2449,-92.9507
Atkins,IA,41.9881,-91.8760
Atkins,VA,36.8665,-81.4048
Atkinson,IL,41.4162,-90.0225
Atkinson,NC,34.5304,-78.1671
Atkinson,NE,42.5483,-98.9761
Atkinson,NH,42.8370,-71.1603
Atlanta,GA,33.7498,-84.3169
Atlanta,GA,33.7564,-84.3918
Atlanta,ID,43.5674,-115.3570
Atlanta,IL,40.2586,-89.2300
Atlanta,IN,40.1470,-85.9339
Atlanta,KS,37.4343,-96.7661
Atlanta,LA,31.8736,-92.7641
Atlanta,MI,44.9924,-84.1480
Atlanta,MO,39.9146,-92.4750
Atlanta,NE,40.3849,-99.4844
Atlanta,NY,42.5563,-77.4801
Atlanta,TX,33.1090,-94.1646
Atlantic,IA,41.4003,-95.0101
Atlantic,NC,34.8888,-76.3521
Atlantic,PA,41.5333,-80.2863
Atlantic,VA,37.9006,-75.5081
Atlantic Beach,FL,30.3483,-81.4159
Atlantic Beach,NC,34.6973,-76.8152
Atlantic Beach,NY,40.5887,-73.7255
Atlantic City,NJ,39.3664,-74.4317
Atlantic Highlands,NJ,40.4077,-74.0324
Atlantic Mine,MI,47.0937,-88.6613
Atlas,MI,42.9378,-83.5344
Atlasburg,PA,40.3411,-80.3831
Atmore,AL,31.0572,-87.4873
Atoka,OK,34.3445,-96.1418
Atoka,TN,35.4213,-89.8216
Atomic City,ID,43.4450,-112.8119
Atqasuk,AK,71.2906,-156.7886
Attalla,AL,34.0296,-86.0967
Attapulgus,GA,30.7489,-84.4839
Attica,IN,40.2811,-87.2241
Attica,KS,37.2528,-98.2264
Attica,MI,43.0547,-83.1668
Attica,NY,42.8499,-78.2798
Attica,OH,41.0778,-82.8897
Attleboro,MA,41.9296,-71.3009
Attleboro Falls,MA,41.9710,-71.3104
Atwater,CA,37.3532,-120.6008
Atwater,MN,45.1116,-94.7938
Atwater,OH,41.0335,-81.1985
Atwood,CA,33.8656,-117.8300
Atwood,CO,40.5174,-103.0393
Atwood,IL,39.8044,-88.4494
Atwood,IN,41.2608,-85.9753
Atwood,KS,39.7926,-101.0318
Atwood,OK,34.9192,-96.3577
Atwood,TN,35.9663,-88.6247
Au Gres,MI,44.0338,-83.7020
Au Sable Forks,NY,44.4499,-73.6857
Au Train,MI,46.4282,-86.7793
Auberry,CA,37.0726,-119.4572
Aubrey,AR,34.7027,-90.9113
Aubrey,TX,33.2920,-96.9879
Auburn,AL,32.6020,-85.4890
Auburn,CA,38.9828,-121.0938
Auburn,GA,34.0136,-83.8278
Auburn,IA,42.2809,-94.9034
Auburn,IL,39.5918,-89.7440
Auburn,IN,41.3590,-85.0468
Auburn,KS,38.9167,-95.8199
Auburn,KY,36.8818,-86.7198
Auburn,MA,42.2055,-71.8391
Auburn,ME,44.0948,-70.2390
Auburn,MI,43.6080,-84.1027
Auburn,NE,40.3789,-95.8526
Auburn,NH,42.9925,-71.3449
Auburn,NY,42.9300,-76.5626
Auburn,PA,40.5962,-76.1344
Auburn,WA,47.3163,-122.2701
Auburn,WV,39.0864,-80.8837
Auburn,WY,42.8051,-110.9944
Auburn Hills,MI,42.6875,-83.2342
Auburn University,AL,32.6010,-85.4882
Auburndale,FL,28.0724,-81.8122
Auburndale,MA,42.3472,-71.2500
Auburndale,WI,44.6378,-90.0136
Auburntown,TN,35.9744,-86.1075
Audubon,IA,41.7300,-94.9164
Audubon,MN,46.8719,-95.9881
Audubon,NJ,39.8910,-75.0724
Audubon,PA,40.1244,-75.4359
Augusta,AR,35.2788,-91.3527
Augusta,GA,33.4601,-81.9730
Augusta,GA,33.5117,-82.0995
Augusta,IL,40.2341,-90.9554
Augusta,KS,37.6836,-96.9648
Augusta,KY,38.7630,-83.9954
Augusta,ME,44.3232,-69.7665
Augusta,MI,42.3563,-85.3540
Augusta,MO,38.5728,-90.8815
Augusta,MT,47.4537,-112.3883
Augusta,NJ,41.1451,-74.6848
Augusta,OH,40.6858,-81.0211
Augusta,WI,44.6947,-91.1232
Augusta,WV,39.2998,-78.5931
Augusta Springs,VA,38.1019,-79.3183
Auke Bay,AK,58.3833,-134.6597
Aulander,NC,36.1475,-77.1141
Ault,CO,40.5938,-104.7356
Aultman,PA,40.5401,-79.2198
Aumsville,OR,44.8178,-122.8786
Aurelia,IA,42.6912,-95.4381
Auriesville,NY,42.9294,-74.3169
Aurora,CO,39.7368,-104.8646
Aurora,CO,39.7378,-104.8152
Aurora,IA,42.6203,-91.7335
Aurora,IL,41.7582,-88.2971
Aurora,IL,41.7826,-88.2607
Aurora,IN,39.0719,-84.9452
Aurora,KS,39.4472,-97.5304
Aurora,ME,44.8861,-68.2959
Aurora,MN,47.4951,-92.2415
Aurora,MO,36.9477,-93.7124
Aurora,NC,35.3023,-76.7994
Aurora,NE,40.8528,-98.0201
Aurora,NY,42.7472,-76.6775
Aurora,OH,41.3209,-81.3604
Aurora,OR,45.2284,-122.8039
Aurora,SD,44.2838,-96.7043
Aurora,UT,38.9222,-111.9333
Aurora,WV,39.3047,-79.5711
Austell,GA,33.8337,-84.6252
Austerlitz,NY,42.3223,-73.4550
Austin,AR,35.0284,-91.9594
Austin,CO,38.7975,-107.9738
Austin,IN,38.7478,-85.7962
Austin,KY,36.8124,-85.9850
Austin,MN,43.6695,-92.9784
Austin,NV,39.5080,-117.0811
Austin,PA,41.6296,-78.0908
Austin,TX,30.2107,-97.9427
Austin,TX,30.2303,-97.7144
Austin,TX,30.5060,-97.7472
Austinburg,OH,41.7554,-80.8584
Austinville,IA,42.5962,-92.9594
Austinville,VA,36.8195,-80.8583
Austwell,TX,28.3900,-96.8419
Autaugaville,AL,32.4625,-86.7149
Autryville,NC,35.0997,-78.6021
Auxier,KY,37.7218,-82.7677
Auxvasse,MO,39.0122,-91.8858
Ava,IL,37.8793,-89.4654
Ava,MO,36.9407,-92.6765
Ava,NY,43.3445,-75.4509
Ava,OH,39.8317,-81.5750
Avalon,CA,33.3320,-118.3437
Avalon,NJ,39.0951,-74.7262
Avalon,TX,32.2053,-96.7897
Avalon,WI,42.6598,-88.8371
Avant,OK,36.4894,-96.0619
Avawam,KY,37.2244,-83.2753
Avella,PA,40.2734,-80.4565
Avenal,CA,35.9877,-120.1227
Avenel,NJ,40.5826,-74.2785
Avenue,MD,38.2826,-76.7466
Avera,GA,33.1410,-82.5150
Averill,VT,44.9923,-71.7003
Averill Park,NY,42.6365,-73.5504
Avery,CA,38.2044,-120.3689
Avery,ID,47.2714,-115.8660
Avery,TX,33.5339,-94.7867
Avery Island,LA,29.9033,-91.9103
Avila Beach,CA,35.1800,-120.7308
Avilla,IN,41.3689,-85.2414
Avilla,MO,37.1947,-94.1170
Avinger,TX,32.8485,-94.5795
Avis,PA,41.1847,-77.3142
Aviston,IL,38.6067,-89.6075
Avoca,AR,36.4019,-94.0706
Avoca,IA,41.4768,-95.3509
Avoca,IN,38.9119,-86.5478
Avoca,MI,43.0564,-82.6781
Avoca,MN,43.9706,-95.6002
Avoca,NE,40.8159,-96.0957
Avoca,NY,42.4151,-77.4343
Avoca,TX,32.8832,-99.6964
Avoca,WI,43.1571,-90.2889
Avon,CO,39.6314,-106.5217
Avon,CT,41.7905,-72.8653
Avon,IL,40.6549,-90.4461
Avon,IN,39.7628,-86.3997
Avon,MA,42.1258,-71.0437
Avon,MN,45.6122,-94.4360
Avon,MS,33.2300,-91.0472
Avon,MT,46.5972,-112.6011
Avon,NC,35.3519,-75.5108
Avon,NY,42.9030,-77.7274
Avon,OH,41.4467,-82.0204
Avon,SD,43.0397,-98.0283
Avon By The Sea,NJ,40.1918,-74.0167
Avon Lake,OH,41.5019,-82.0111
Avon Park,FL,27.6001,-81.5015
Avondale,AZ,33.4321,-112.3438
Avondale,CO,38.2116,-104.3597
Avondale,PA,39.8219,-75.7687
Avondale,WV,37.4125,-81.7844
Avondale Estates,GA,33.7717,-84.2607
Avonmore,PA,40.5221,-79.4853
Awendaw,SC,32.9515,-79.6861
Axis,AL,31.0068,-88.0427
Axson,GA,31.3035,-82.7319
Axtell,KS,39.8707,-96.2676
Axtell,NE,40.5269,-99.1169
Axtell,TX,31.6610,-96.9882
Axtell,UT,39.0532,-111.8243
Axton,VA,36.6548,-79.7396
Ayden,NC,35.4565,-77.4051
Aydlett,NC,36.3045,-75.9029
Ayer,MA,42.5591,-71.5788
Aylett,VA,37.8221,-77.1885
Aynor,SC,33.9823,-79.1777
Ayr,ND,47.0196,-97.5728
Ayr,NE,40.4411,-98.4390
Ayrshire,IA,43.0370,-94.8478
Azalea,OR,42.8450,-123.1550
Azalia,MI,42.0189,-83.6658
Azle,TX,32.8925,-97.5367
Azle,TX,32.9035,-97.5412
Aztec,NM,36.8205,-108.0110
Azusa,CA,34.1248,-117.9031
Babb,MT,48.8788,-113.3681
Babbitt,MN,47.7091,-91.9570
Babcock,WI,44.3031,-90.0986
Babson Park,FL,27.8317,-81.5342
Babson Park,MA,42.2986,-71.2600
Babylon,NY,40.6342,-73.3246
Backus,MN,46.8699,-94.3959
Bacliff,TX,29.5055,-94.9893
Baconton,GA,31.3878,-84.1135
Bacova,VA,38.0539,-79.8439
Bad Axe,MI,43.8067,-83.0054
Baden,PA,40.6416,-80.1985
Badger,CA,36.6314,-119.0122
Badger,IA,42.5996,-94.1630
Badger,MN,48.7913,-96.0965
Badger,SD,44.4918,-97.2184
Badin,NC,35.4058,-80.1169
Bagdad,AZ,34.5785,-113.1755
Bagdad,FL,30.5986,-87.0311
Bagdad,KY,38.2608,-85.0651
Baggs,WY,41.0312,-107.6687
Bagley,IA,41.8341,-94.4415
Bagley,MN,47.4870,-95.4133
Bagley,WI,42.9207,-91.0685
Bagwell,TX,33.8361,-95.1487
Bahama,NC,36.1566,-78.8903
Bailey,CO,39.4482,-105.4693
Bailey,MI,43.2768,-85.8313
Bailey,MS,32.4754,-88.6991
Bailey,NC,35.8072,-78.0892
Bailey,TX,33.4319,-96.1656
Bailey Island,ME,43.7341,-69.9952
Baileys Harbor,WI,45.0565,-87.1676
Baileyton,AL,34.2683,-86.6213
Baileyville,IL,42.1905,-89.5939
Baileyville,KS,39.8816,-96.1801
Baileyville,ME,45.1332,-67.4175
Bainbridge,GA,30.9355,-84.5809
Bainbridge,IN,39.7407,-86.7711
Bainbridge,NY,42.3120,-75.4894
Bainbridge,OH,39.2131,-83.2763
Bainbridge,PA,40.1086,-76.6726
Bainbridge Island,WA,47.6450,-122.5313
Bainville,MT,48.1580,-104.1995
Baird,TX,32.3916,-99.3777
Bairdford,PA,40.6311,-79.8817
Bairoil,WY,42.2327,-107.5633
Baisden,WV,37.5715,-81.9328
Bajadero,PR,18.4286,-66.6836
Baker,CA,35.3606,-116.0638
Baker,FL,30.8316,-86.6770
Baker,LA,30.5881,-91.1681
Baker,MT,46.3552,-104.2667
Baker,NV,39.0660,-114.2462
Baker,WV,39.0656,-78.7748
Baker City,OR,44.7801,-117.8286
Bakers Mills,NY,43.6147,-74.0253
Bakersfield,CA,35.3866,-119.0171
Bakersfield,MO,36.5332,-92.1507
Bakersfield,VT,44.7905,-72.7968
Bakerstown,PA,40.6478,-79.9310
Bakersville,NC,36.0286,-82.1711
Bakersville,OH,40.3556,-81.6458
Bakerton,WV,39.3628,-77.7633
Bakewell,TN,35.3822,-85.1089
Bala Cynwyd,PA,40.0118,-75.2342
Balaton,MN,44.2253,-95.8838
Bald Knob,AR,35.3113,-91.5502
Baldwin,GA,34.4564,-83.5298
Baldwin,IA,42.0732,-90.8200
Baldwin,IL,38.1754,-89.8414
Baldwin,LA,29.8488,-91.5458
Baldwin,MD,39.5194,-76.4927
Baldwin,MI,43.8894,-85.8819
Baldwin,ND,46.9543,-100.7615
Baldwin,NY,40.6548,-73.6097
Baldwin,WI,44.9657,-92.3655
Baldwin City,KS,38.7953,-95.2276
Baldwin Park,CA,34.0842,-117.9695
Baldwin Place,NY,41.3475,-73.7625
Baldwinsville,NY,43.1620,-76.3237
Baldwinville,MA,42.5936,-72.0646
Baldwyn,MS,34.5280,-88.6375
Balfour,ND,47.9685,-100.5209
Balko,OK,36.5996,-100.7103
Ball,LA,31.4048,-92.4075
Ball Ground,GA,34.3393,-84.3758
Ballantine,MT,45.9547,-108.1231
Ballard,WV,37.4980,-80.7614
Ballentine,SC,34.1242,-81.2375
Ballico,CA,37.4525,-120.7002
Ballinger,TX,31.7468,-99.9589
Ballouville,CT,41.8767,-71.8617
Ballston Lake,NY,42.9192,-73.8552
Ballston Spa,NY,43.0050,-73.8486
Ballwin,MO,38.6041,-90.5521
Bally,PA,40.4006,-75.5875
Balm,FL,27.7592,-82.2614
Balmorhea,TX,31.0124,-103.6933
Balsam,NC,35.4267,-83.0853
Balsam Grove,NC,35.2298,-82.8779
Balsam Lake,WI,45.4588,-92.4150
Balta,ND,48.1667,-100.0367
Baltic,CT,41.6263,-72.0775
Baltic,OH,40.4476,-81.6792
Baltic,SD,43.7309,-96.7563
Baltimore,MD,39.1718,-76.6483
Baltimore,MD,39.2595,-76.7091
Baltimore,MD,39.2946,-76.6252
Baltimore,OH,39.8645,-82.6240
Bamberg,SC,33.2779,-81.0177
Banco,VA,38.4511,-78.2819
Bancroft,IA,43.2935,-94.2108
Bancroft,ID,42.7205,-111.8429
Bancroft,MI,42.8820,-84.1207
Bancroft,NE,42.0267,-96.6171
Bancroft,WI,44.3065,-89.5304
Bancroft,WV,38.5094,-81.8400
Bandana,KY,37.1461,-88.9458
Bandera,TX,29.7276,-99.0453
Bandon,OR,43.0968,-124.4037
Bandy,VA,37.1661,-81.6508
Bangall,NY,41.8756,-73.6917
Bangor,CA,39.4249,-121.3505
Bangor,ME,44.8242,-68.7918
Bangor,MI,42.3312,-86.1311
Bangor,PA,40.8549,-75.1956
Bangor,WI,43.8687,-90.9809
Bangs,TX,31.7684,-99.1077
Banks,AL,31.8368,-85.7998
Banks,AR,33.5497,-92.2604
Banks,ID,44.1492,-115.9837
Banks,OR,45.6535,-123.1210
Bankston,AL,33.7008,-87.6897
Banner,KY,37.5771,-82.6974
Banner,MS,34.0949,-89.4154
Banner,WY,44.5908,-106.8733
Banner Elk,NC,36.1705,-81.8412
Banning,CA,33.9282,-116.8899
Bannister,MI,43.1615,-84.3597
Bannock,OH,40.0986,-80.9772
Banquete,TX,27.8058,-97.7958
Bantam,CT,41.7215,-73.2520
Bantry,ND,48.5119,-100.7894
Bapchule,AZ,33.1364,-111.8725
Baptistown,NJ,40.5217,-75.0064
Bar Harbor,ME,44.3738,-68.2448
Bar Mills,ME,43.6131,-70.5503
Baraboo,WI,43.4825,-89.7462
Baraga,MI,46.7902,-88.4955
Barataria,LA,29.7179,-90.1262
Barbeau,MI,46.2848,-84.2173
Barberton,OH,41.0186,-81.6153
Barberville,FL,29.1869,-81.4211
Barboursville,VA,38.1996,-78.3127
Barboursville,WV,38.3893,-82.2960
Barbourville,KY,36.8648,-83.8993
Barceloneta,PR,18.4525,-66.5389
Barclay,MD,39.1299,-75.8601
Barco,NC,36.3588,-75.9793
Bard,CA,32.7892,-114.5553
Bard,NM,35.1154,-103.3178
Bardolph,IL,40.4981,-90.5025
Bardstown,KY,37.8083,-85.4613
Bardwell,KY,36.8634,-89.0209
Bardwell,TX,32.2689,-96.6958
Bargersville,IN,39.5000,-86.1797
Barhamsville,VA,37.4617,-76.8321
Baring,MO,40.2509,-92.2311
Baring,WA,47.7578,-121.4476
Barium Springs,NC,35.7189,-80.8983
Bark River,MI,45.7054,-87.2405
Barker,NY,43.3368,-78.5420
Barker,TX,29.7842,-95.6847
Barkhamsted,CT,41.9249,-72.9827
Barksdale,TX,29.7085,-100.0710
Barksdale Afb,LA,32.5143,-93.6382
Barling,AR,35.3330,-94.3082
Barlow,KY,37.0493,-89.0408
Barlow,OH,39.3986,-81.6650
Barnard,KS,39.1816,-98.0711
Barnard,MO,40.1862,-94.8056
Barnard,SD,45.7205,-98.5534
Barnard,VT,43.7286,-72.6194
Barnardsville,NC,35.7748,-82.4567
Barnegat,NJ,39.7552,-74.2470
Barnegat Light,NJ,39.7575,-74.1067
Barnes,KS,39.6841,-96.8676
Barnes City,IA,41.4883,-92.4703
Barneston,NE,40.0483,-96.5767
Barnesville,GA,33.0457,-84.1515
Barnesville,MD,39.2233,-77.3764
Barnesville,MN,46.6773,-96.3727
Barnesville,NC,34.4086,-79.0469
Barnesville,OH,39.9812,-81.1713
Barnesville,PA,40.8138,-76.0611
Barnet,VT,44.3179,-72.0783
Barnett,MO,38.3967,-92.6686
Barneveld,NY,43.2237,-75.1612
Barneveld,WI,43.0158,-89.9042
Barney,GA,31.0074,-83.5219
Barney,ND,46.2496,-96.9708
Barnhart,MO,38.3384,-90.4142
Barnhart,TX,31.1596,-101.1918
Barnhill,IL,38.2781,-88.3508
Barnsdall,OK,36.5429,-96.1318
Barnstable,MA,41.6983,-70.3001
Barnstead,NH,43.3651,-71.2869
Barnum,IA,42.5159,-94.3703
Barnum,MN,46.5196,-92.6292
Barnwell,SC,33.2335,-81.3523
Baroda,MI,41.9488,-86.4913
Barrackville,WV,39.5036,-80.1669
Barranquitas,PR,18.1883,-66.3083
Barre,MA,42.4097,-72.1084
Barre,VT,44.1945,-72.4936
Barren Springs,VA,36.9078,-80.8090
Barrett,MN,45.8996,-95.8754
Barrington,IL,42.1614,-88.1383
Barrington,NH,43.2027,-71.0377
Barrington,NJ,39.8651,-75.0564
Barrington,RI,41.7443,-71.3175
Barron,WI,45.4005,-91.8500
Barronett,WI,45.6190,-92.0196
Barrow,AK,71.2346,-156.8174
Barry,IL,39.7047,-91.0265
Barry,MN,45.5474,-96.5605
Barry,TX,32.1014,-96.6251
Barryton,MI,43.7507,-85.1547
Barrytown,NY,42.0006,-73.9215
Barryville,NY,41.4912,-74.9152
Barstow,CA,34.8914,-117.0387
Barstow,IL,41.5183,-90.3569
Barstow,MD,38.5253,-76.6164
Barstow,TX,31.4639,-103.3971
Bart,PA,39.9233,-76.0764
Bartelso,IL,38.5385,-89.4578
Bartlesville,OK,36.7440,-95.9921
Bartlett,IL,41.9836,-88.1604
Bartlett,KS,37.0601,-95.2115
Bartlett,NE,41.8697,-98.5567
Bartlett,NH,44.0866,-71.2491
Bartlett,OH,39.4194,-81.8158
Bartlett,TX,30.7991,-97.4263
Bartley,NE,40.2581,-100.2908
Bartley,WV,37.3406,-81.7378
Barto,PA,40.3815,-75.5749
Barton,AR,34.5475,-90.7681
Barton,MD,39.5331,-79.0281
Barton,NY,42.0695,-76.3983
Barton,OH,40.1072,-80.8414
Barton,VT,44.7395,-72.1600
Barton City,MI,44.7020,-83.5994
Bartonsville,PA,41.0080,-75.2967
Bartow,FL,27.8957,-81.8127
Bartow,GA,32.8632,-82.4708
Bartow,WV,38.5513,-79.7952
Barwick,GA,30.8919,-83.7383
Basalt,CO,39.3535,-106.9988
Basalt,ID,43.3156,-112.1636
Basco,IL,40.3283,-91.1970
Bascom,FL,30.9514,-85.0972
Bascom,OH,41.1328,-83.2853
Basehor,KS,39.1281,-94.9570
Basile,LA,30.4978,-92.5736
Basin,MT,46.2714,-112.2628
Basin,WY,44.3788,-108.0438
Baskerville,VA,36.7236,-78.2790
Baskett,KY,37.8708,-87.4625
Baskin,LA,32.2897,-91.7132
Basking Ridge,NJ,40.6789,-74.5605
Basom,NY,43.0807,-78.3951
Bass Harbor,ME,44.1993,-68.3804
Bass Lake,CA,37.3244,-119.5568
Bassett,AR,35.5138,-90.1922
Bassett,NE,42.5763,-99.5387
Bassett,VA,36.7534,-80.0055
Bassett,WI,42.5406,-88.2278
Bassfield,MS,31.5037,-89.7027
Bastian,VA,37.1574,-81.1989
Bastrop,LA,32.7894,-91.9078
Bastrop,TX,30.1388,-97.2921
Basye,VA,38.7958,-78.7674
Bat Cave,NC,35.4514,-82.2872
Batavia,IA,40.9905,-92.1431
Batavia,IL,41.8482,-88.3098
Batavia,NY,43.0003,-78.1929
Batavia,OH,39.0957,-84.1451
Batchelor,LA,30.8026,-91.6687
Batchtown,IL,39.0725,-90.6591
Bates,OR,44.5931,-118.5075
Bates City,MO,39.0219,-94.0798
Batesburg,SC,33.9386,-81.5490
Batesland,SD,43.0790,-102.1738
Batesville,AR,35.7826,-91.6352
Batesville,IN,39.3001,-85.2221
Batesville,MS,34.3317,-89.9142
Batesville,TX,28.9286,-99.6115
Batesville,VA,37.9956,-78.7225
Bath,IL,40.1618,-90.1486
Bath,IN,39.4992,-84.8360
Bath,ME,43.9062,-69.8266
Bath,MI,42.8206,-84.4545
Bath,NC,35.4702,-76.7715
Bath,NH,44.1734,-71.9567
Bath,NY,42.3455,-77.3233
Bath,OH,41.1889,-81.6364
Bath,PA,40.7551,-75.4086
Bath,SC,33.5044,-81.8692
Bath,SD,45.4564,-98.3552
Bath Springs,TN,35.4521,-88.1286
Bathgate,ND,48.8686,-97.4832
Baton Rouge,LA,30.4507,-91.1870
Batson,TX,30.2250,-94.6096
Battery Park,VA,36.9964,-76.5744
Battiest,OK,34.3933,-94.9247
Battle Creek,IA,42.3327,-95.6045
Battle Creek,MI,42.3053,-85.1389
Battle Creek,NE,41.9943,-97.5982
Battle Ground,IN,40.5248,-86.8238
Battle Ground,WA,45.7907,-122.5318
Battle Lake,MN,46.3142,-95.7144
Battle Mountain,NV,40.6220,-116.9554
Battleboro,NC,35.8439,-77.4311
Battlement Mesa,CO,39.3583,-107.9142
Battletown,KY,38.0393,-86.2991
Baudette,MN,48.6927,-94.5995
Bausman,PA,40.0242,-76.3311
Bauxite,AR,34.5455,-92.3605
Baxley,GA,31.7837,-82.3486
Baxter,IA,41.8204,-93.1583
Baxter,KY,36.8749,-83.3141
Baxter,MN,46.3433,-94.2864
Baxter,TN,36.1249,-85.6378
Baxter,WV,39.5361,-80.1417
Baxter Springs,KS,37.0281,-94.7393
Bay,AR,35.7456,-90.5507
Bay Center,WA,46.6317,-123.9536
Bay City,MI,43.6122,-83.9199
Bay City,OR,45.5197,-123.8761
Bay City,TX,28.9825,-95.9692
Bay City,WI,44.6166,-92.4469
Bay Minette,AL,30.8635,-87.7644
Bay Pines,FL,27.8139,-82.7783
Bay Port,MI,43.8377,-83.3525
Bay Saint Louis,MS,30.3243,-89.3974
Bay Shore,MI,45.3181,-85.2583
Bay Shore,NY,40.7337,-73.2527
Bay Springs,MS,31.9449,-89.2338
Bay Village,OH,41.4841,-81.9289
Bayamon,PR,18.3406,-66.1663
Bayard,IA,41.8386,-94.5915
Bayard,NE,41.7579,-103.3019
Bayard,NM,32.7563,-108.1077
Bayard,WV,39.2542,-79.3981
Bayboro,NC,35.1526,-76.7518
Bayfield,CO,37.2603,-107.6137
Bayfield,WI,46.8354,-90.8217
Baylis,IL,39.7612,-90.8832
Bayonne,NJ,40.6664,-74.1192
Bayou La Batre,AL,30.4080,-88.2507
Bayport,MN,45.0214,-92.7844
Bayport,NY,40.7444,-73.0542
Bays,KY,37.6461,-83.2469
Bayside,CA,40.8224,-124.0273
Bayside,NY,40.7900,-73.7772
Bayside,TX,28.0968,-97.2106
Baytown,TX,29.7461,-94.9653
Bayview,ID,47.9654,-116.5687
Bayville,NJ,39.9147,-74.1905
Bayville,NY,40.9074,-73.5601
Bazine,KS,38.4565,-99.7016
Beach,ND,46.9324,-103.9843
Beach City,OH,40.6562,-81.5851
Beach Haven,NJ,39.6363,-74.1890
Beach Haven,PA,41.0683,-76.1761
Beach Lake,PA,41.6034,-75.1165
Beachwood,NJ,39.9302,-74.1961
Beachwood,OH,41.4701,-81.5232
Beacon,IA,41.2871,-92.7284
Beacon,NY,41.5097,-73.9634
Beacon Falls,CT,41.4369,-73.0597
Beale Afb,CA,39.1458,-121.5903
Bealeton,VA,38.5697,-77.8004
Beallsville,MD,39.1671,-77.4144
Beallsville,OH,39.8726,-81.0144
Beallsville,PA,40.0645,-80.0251
Beals,ME,44.5130,-67.6056
Beaman,IA,42.2367,-92.8162
Bean Station,TN,36.3249,-83.3142
Bear,DE,39.6102,-75.6747
Bear Branch,KY,37.2109,-83.4944
Bear Creek,AL,34.2135,-87.6861
Bear Creek,NC,35.6129,-79.3726
Bear Creek,PA,41.1192,-75.7194
Bear Creek,WI,44.5348,-88.7404
Bear Lake,MI,44.4311,-86.1425
Bear Lake,PA,41.9701,-79.4614
Bear Mountain,NY,41.3067,-73.9961
Bear River City,UT,41.6147,-112.1258
Bearcreek,MT,45.1523,-109.0447
Bearden,AR,33.7298,-92.6180
Beardsley,MN,45.5539,-96.7060
Beardstown,IL,40.0044,-90.4229
Bearsville,NY,42.0420,-74.1713
Beasley,TX,29.4790,-95.9681
Beason,IL,40.1437,-89.1948
Beatrice,AL,31.7273,-87.1719
Beatrice,NE,40.2705,-96.7435
Beattie,KS,39.8988,-96.4286
Beatty,NV,36.9086,-116.7583
Beatty,OR,42.4369,-121.2200
Beattyville,KY,37.5819,-83.7023
Beaufort,MO,38.4294,-91.1709
Beaufort,NC,34.7580,-76.6228
Beaufort,SC,32.4335,-80.6728
Beaumont,CA,33.9504,-116.9701
Beaumont,KS,37.6079,-96.6386
Beaumont,KY,36.8876,-85.6488
Beaumont,MS,31.1368,-88.9055
Beaumont,TX,30.0688,-94.1039
Beaumont,VA,37.7611,-78.0261
Beauty,KY,37.8400,-82.4392
Beaver,AK,66.3388,-147.2798
Beaver,AR,36.4736,-93.7672
Beaver,IA,42.0399,-94.1033
Beaver,KY,37.3722,-82.6803
Beaver,OH,39.0238,-82.8475
Beaver,OK,36.7956,-100.5329
Beaver,OR,45.2767,-123.8234
Beaver,PA,40.6972,-80.3365
Beaver,UT,38.2807,-112.6299
Beaver,WA,48.0673,-124.3054
Beaver,WV,37.7516,-81.0731
Beaver Bay,MN,47.2578,-91.3003
Beaver City,NE,40.1290,-99.8065
Beaver Creek,MN,43.6223,-96.3698
Beaver Crossing,NE,40.7887,-97.2914
Beaver Dam,KY,37.3870,-86.8729
Beaver Dam,WI,43.4616,-88.8407
Beaver Dams,NY,42.2798,-76.9720
Beaver Falls,NY,43.8797,-75.4458
Beaver Falls,PA,40.7662,-80.3399
Beaver Island,MI,45.7221,-85.5316
Beaver Meadows,PA,40.9227,-75.9406
Beaver Springs,PA,40.7528,-77.2318
Beavercreek,OR,45.2597,-122.4751
Beaverdale,PA,40.3219,-78.6972
Beaverdam,OH,40.8333,-83.9767
Beaverdam,VA,37.9038,-77.6308
Beaverton,AL,33.9429,-88.0157
Beaverton,MI,43.8866,-84.4241
Beaverton,OR,45.4750,-122.8054
Beavertown,PA,40.7774,-77.1691
Beaverville,IL,40.9672,-87.6217
Beccaria,PA,40.7579,-78.5080
Bechtelsville,PA,40.3795,-75.6257
Beckemeyer,IL,38.6056,-89.4358
Becker,MN,45.4365,-93.8410
Becker,MS,33.9331,-88.4811
Becket,MA,42.3594,-73.1203
Beckley,WV,37.7932,-81.2061
Beckville,TX,32.2452,-94.4555
Beckwourth,CA,39.8203,-120.3778
Bedford,IA,40.6683,-94.7324
Bedford,IN,38.8729,-86.4871
Bedford,KY,38.5864,-85.3133
Bedford,MA,42.4843,-71.2768
Bedford,MI,42.3953,-85.2322
Bedford,NH,42.9403,-71.5213
Bedford,NY,41.1909,-73.6355
Bedford,OH,41.3921,-81.5232
Bedford,PA,39.9908,-78.5261
Bedford,TX,32.8536,-97.1358
Bedford,VA,37.3153,-79.5331
Bedford,WY,42.9323,-110.9556
Bedford Hills,NY,41.2344,-73.6915
Bedford Park,IL,41.7594,-87.7867
Bedias,TX,30.7641,-95.9336
Bedminster,NJ,40.6571,-74.6432
Bedminster,PA,40.4258,-75.1794
Bedrock,CO,38.3844,-108.9532
Bee,NE,41.0007,-97.0745
Bee,VA,37.1014,-82.1856
Bee Branch,AR,35.4234,-92.4085
Bee Spring,KY,37.2975,-86.2794
Beebe,AR,35.0937,-91.9074
Beebe Plain,VT,45.0053,-72.1411
Beech Bluff,TN,35.5922,-88.6396
Beech Bottom,WV,40.2264,-80.6517
Beech Creek,KY,37.1837,-87.1239
Beech Creek,PA,41.0845,-77.5851
Beech Grove,AR,36.1832,-90.6181
Beech Grove,IN,39.7154,-86.0933
Beech Grove,KY,37.6161,-87.3964
Beech Island,SC,33.4272,-81.8911
Beecher,IL,41.3444,-87.6115
Beecher City,IL,39.1835,-88.8038
Beecher Falls,VT,45.0061,-71.5199
Beechgrove,TN,35.6447,-86.2046
Beechmont,KY,37.1776,-87.0393
Beedeville,AR,35.4203,-91.1064
Beeler,KS,38.4811,-100.1710
Beemer,NE,41.9374,-96.8150
Beersheba Springs,TN,35.4704,-85.6821
Beeson,WV,37.4909,-81.2062
Beetown,WI,42.7950,-90.8853
Beeville,TX,28.4222,-97.7616
Beggs,OK,35.7896,-96.0264
Beirne,AR,33.8886,-93.2039
Bejou,MN,47.4491,-95.9454
Bel Air,MD,39.5394,-76.3564
Bel Alton,MD,38.4731,-76.9789
Belcamp,MD,39.4756,-76.2420
Belcher,KY,37.3137,-82.3965
Belcher,LA,32.7544,-93.8508
Belchertown,MA,42.2751,-72.4110
Belcourt,ND,48.8379,-99.7688
Belden,CA,39.9217,-121.3259
Belden,MS,34.2787,-88.8160
Belden,NE,42.4022,-97.1956
Beldenville,WI,44.7721,-92.4372
Belding,MI,43.0885,-85.2313
Belen,MS,34.2731,-90.3542
Belen,NM,34.6456,-106.7612
Belews Creek,NC,36.2269,-80.0930
Belfair,WA,47.4550,-122.8224
Belfast,ME,44.4354,-69.0148
Belfast,NY,42.3200,-78.0943
Belfast,TN,35.4069,-86.7095
Belfield,ND,46.8877,-103.1795
Belford,NJ,40.4173,-74.0889
Belfry,KY,37.6401,-82.2573
Belfry,MT,45.0498,-109.0788
Belgium,WI,43.4995,-87.8509
Belgrade,ME,44.4688,-69.8606
Belgrade,MN,45.4865,-94.9699
Belgrade,MO,37.7889,-90.8613
Belgrade,MT,45.7801,-111.1439
Belgrade,NE,41.4611,-98.0866
Belgrade Lakes,ME,44.5111,-69.8637
Belhaven,NC,35.5205,-76.6236
Belington,WV,39.0244,-79.9495
Belk,AL,33.6475,-87.9314
Belknap,IL,37.3266,-88.9507
Bell,CA,33.9692,-118.1720
Bell,FL,29.7837,-82.8711
Bell Buckle,TN,35.6381,-86.3949
Bell City,LA,30.1145,-92.9441
Bell City,MO,37.0116,-89.7984
Bell Gardens,CA,33.9775,-118.1861
Bella Vista,AR,36.4651,-94.2520
Bella Vista,CA,40.7409,-122.0725
Bellaire,MI,44.9765,-85.2265
Bellaire,OH,40.0204,-80.7638
Bellaire,TX,29.7023,-95.4611
Bellamy,AL,32.4489,-88.1336
Bellarthur,NC,35.5792,-77.4906
Bellbrook,OH,39.6402,-84.0824
Belle,MO,38.2711,-91.7303
Belle,WV,38.2254,-81.5058
Belle Center,OH,40.5024,-83.7688
Belle Chasse,LA,29.8345,-90.0042
Belle Fourche,SD,44.6723,-103.8396
Belle Glade,FL,26.6843,-80.6724
Belle Haven,VA,37.5645,-75.8694
Belle Mead,NJ,40.4677,-74.6290
Belle Mina,AL,34.6567,-86.8792
Belle Plaine,IA,41.8992,-92.2574
Belle Plaine,KS,37.4052,-97.2852
Belle Plaine,MN,44.6139,-93.7604
Belle Rive,IL,38.2153,-88.7558
Belle Rose,LA,30.0260,-91.0444
Belle Valley,OH,39.7906,-81.5564
Belle Vernon,PA,40.1437,-79.8345
Belleair Beach,FL,27.9229,-82.8413
Bellefontaine,MS,33.6486,-89.3100
Bellefontaine,OH,40.3605,-83.7571
Bellefonte,PA,40.9094,-77.7642
Bellemont,AZ,35.2381,-111.8328
Bellerose,NY,40.7347,-73.7230
Belleview,FL,29.0520,-82.0420
Belleview,MO,37.6820,-90.7991
Belleville,AR,35.1038,-93.4518
Belleville,IL,38.5127,-89.9847
Belleville,KS,39.8241,-97.6290
Belleville,MI,42.1949,-83.4854
Belleville,NJ,40.7946,-74.1631
Belleville,NY,43.7854,-76.1151
Belleville,PA,40.6016,-77.7358
Belleville,WI,42.8669,-89.5377
Belleville,WV,39.1314,-81.6923
Bellevue,IA,42.2582,-90.4356
Bellevue,ID,43.4397,-114.2498
Bellevue,KY,39.1024,-84.4787
Bellevue,MI,42.4525,-85.0489
Bellevue,NE,41.1497,-95.9099
Bellevue,OH,41.2684,-82.8577
Bellevue,TX,33.5879,-98.1574
Bellevue,WA,47.6199,-122.2074
Bellflower,CA,33.8867,-118.1265
Bellflower,IL,40.3401,-88.5227
Bellflower,MO,39.0012,-91.3489
Bellingham,MA,42.0746,-71.4768
Bellingham,MN,45.1556,-96.3224
Bellingham,WA,48.7490,-122.4887
Bellmawr,NJ,39.8689,-75.0944
Bellmont,IL,38.3844,-87.9114
Bellmore,IN,39.7592,-87.1053
Bellmore,NY,40.6770,-73.5345
Bellona,NY,42.7554,-77.0217
Bellows Falls,VT,43.1482,-72.4664
Bellport,NY,40.7733,-72.9469
Bells,TN,35.7198,-89.0729
Bells,TX,33.6178,-96.4237
Bellvale,NY,41.2503,-74.3111
Bellville,GA,32.1522,-81.9744
Bellville,OH,40.6136,-82.5175
Bellville,TX,29.9658,-96.2531
Bellvue,CO,40.6265,-105.2610
Bellwood,AL,31.1731,-85.7933
Bellwood,IL,41.8825,-87.8786
Bellwood,NE,41.3474,-97.2747
Bellwood,PA,40.6039,-78.3372
Belmar,NJ,40.1783,-74.0222
Belmond,IA,42.8511,-93.6200
Belmont,CA,37.5174,-122.2927
Belmont,LA,31.7100,-93.4959
Belmont,MA,42.3958,-71.1792
Belmont,MI,43.0779,-85.5868
Belmont,MS,34.5102,-88.2309
Belmont,NC,35.2440,-81.0440
Belmont,NH,43.4512,-71.4890
Belmont,NY,42.2334,-78.0110
Belmont,OH,40.0320,-81.0066
Belmont,TX,29.5231,-97.6836
Belmont,VT,43.4284,-72.8257
Belmont,WA,47.0881,-117.1614
Belmont,WI,42.7308,-90.3359
Belmont,WV,39.3679,-81.2788
Belmore,OH,41.0983,-83.9847
Beloit,KS,39.4545,-98.1117
Beloit,OH,40.8957,-80.9897
Beloit,WI,42.5229,-89.0399
Belpre,KS,37.9347,-99.0936
Belpre,OH,39.2868,-81.5968
Belsano,PA,40.5194,-78.8714
Belspring,VA,37.1908,-80.6083
Belt,MT,47.3821,-110.9081
Belton,KY,37.1511,-86.9774
Belton,MO,38.8161,-94.5328
Belton,SC,34.5087,-82.5101
Belton,TX,31.0723,-97.4720
Beltrami,MN,47.5721,-96.4549
Beltsville,MD,39.0347,-76.9078
Belva,WV,38.2491,-81.1566
Belvedere Tiburon,CA,37.8899,-122.4726
Belvidere,IL,42.2595,-88.8509
Belvidere,NC,36.3096,-76.5436
Belvidere,NE,40.2510,-97.5554
Belvidere,NJ,40.8308,-75.0503
Belvidere,SD,43.8860,-101.2387
Belvidere,TN,35.1415,-86.1728
Belvidere Center,VT,44.7500,-72.6917
Belview,MN,44.6055,-95.3178
Belvue,KS,39.2273,-96.1866
Belzoni,MS,33.1842,-90.4924
Bement,IL,39.9222,-88.5688
Bemidji,MN,47.4881,-94.8488
Bemus Point,NY,42.1513,-79.3581
Ben Bolt,TX,27.6472,-98.0811
Ben Franklin,TX,33.4741,-95.7591
Ben Hur,VA,36.7328,-83.0822
Ben Lomond,AR,33.8353,-94.1183
Ben Lomond,CA,37.0862,-122.0839
Ben Wheeler,TX,32.4126,-95.6371
Bena,MN,47.3477,-94.2519
Bena,VA,37.2708,-76.4558
Benavides,TX,27.5986,-98.4078
Bend,OR,44.0928,-121.2936
Bend,TX,31.1123,-98.4821
Bendena,KS,39.7174,-95.1765
Bendersville,PA,39.9825,-77.2497
Benedict,KS,37.6514,-95.6242
Benedict,MD,38.5092,-76.6800
Benedict,MN,47.1581,-94.6903
Benedict,ND,47.7865,-101.0579
Benedict,NE,41.0033,-97.6029
Benedicta,ME,45.8125,-68.4089
Benet Lake,WI,42.4981,-88.0817
Benezett,PA,41.3253,-78.3576
Benge,WA,46.8676,-117.9699
Benham,KY,36.9574,-82.9094
Benicia,CA,38.0685,-122.1614
Benjamin,TX,33.5839,-99.7919
Benkelman,NE,40.0980,-101.5344
Benld,IL,39.0939,-89.8031
Bennet,NE,40.6382,-96.5134
Bennett,CO,39.7254,-104.4273
Bennett,IA,41.7353,-90.9656
Bennett,NC,35.5673,-79.5225
Bennettsville,SC,34.6255,-79.6898
Bennington,IN,38.8760,-85.0719
Bennington,KS,39.0224,-97.6031
Bennington,NE,41.3623,-96.1575
Bennington,NH,43.0103,-71.9153
Bennington,OK,33.9771,-96.0188
Bennington,VT,42.8827,-73.1923
Benoit,MS,33.6448,-91.0338
Benoit,WI,46.5019,-91.0767
Bensalem,PA,40.1109,-74.9378
Bensenville,IL,41.9536,-87.9350
Benson,AZ,31.9883,-110.2941
Benson,IL,40.8306,-89.1165
Benson,MD,39.5053,-76.3867
Benson,MN,45.3129,-95.5766
Benson,NC,35.4037,-78.5421
Benson,VT,43.5947,-73.2661
Bent,NM,33.1480,-105.8635
Bent Mountain,VA,37.2068,-80.1455
Bentley,KS,37.8796,-97.5164
Bentley,LA,31.4660,-92.4927
Bentley,MI,43.8860,-84.1447
Bentleyville,PA,40.1187,-80.0070
Benton,AR,34.5801,-92.5952
Benton,CA,37.7981,-118.4985
Benton,IA,40.7258,-94.3931
Benton,IL,38.0000,-88.9227
Benton,KS,37.7946,-97.0971
Benton,KY,36.8806,-88.3548
Benton,LA,32.6976,-93.6910
Benton,MO,37.0697,-89.5664
Benton,MS,32.8158,-90.2815
Benton,PA,41.2231,-76.3406
Benton,TN,35.1730,-84.6544
Benton,WI,42.5349,-90.3380
Benton City,MO,39.1209,-91.7661
Benton City,WA,46.2806,-119.4913
Benton Harbor,MI,42.1086,-86.4234
Benton Ridge,OH,41.0047,-83.7942
Bentonia,MS,32.7000,-90.3722
Bentonville,AR,36.3577,-94.2224
Bentonville,IN,39.7453,-86.1942
Bentonville,OH,38.7494,-83.6133
Bentonville,VA,38.8273,-78.2791
Benwood,WV,40.0133,-80.7160
Benzonia,MI,44.5955,-86.0961
Berclair,TX,28.5306,-97.5908
Berea,KY,37.5799,-84.2749
Berea,OH,41.3676,-81.8618
Berea,WV,39.1305,-80.9223
Beresford,SD,43.0874,-96.7813
Bergen,NY,43.0869,-77.9603
Bergenfield,NJ,40.9238,-73.9989
Berger,MO,38.6444,-91.3374
Bergheim,TX,29.8399,-98.5933
Bergholz,OH,40.4777,-80.8862
Bergland,MI,46.5881,-89.5973
Bergman,AR,36.3161,-93.0075
Bergoo,WV,38.4864,-80.3008
Bergton,VA,38.7925,-78.9668
Berino,NM,32.0681,-106.6231
Berkeley,CA,37.8691,-122.2696
Berkeley,IL,41.8865,-87.9107
Berkeley Heights,NJ,40.6752,-74.4346
Berkeley Springs,WV,39.5874,-78.2192
Berkey,OH,41.6989,-83.8310
Berkley,MA,41.8353,-71.0765
Berkley,MI,42.5028,-83.1887
Berkshire,MA,42.5125,-73.1933
Berkshire,NY,42.3074,-76.1920
Berlin,CT,41.6208,-72.7705
Berlin,GA,31.0681,-83.6239
Berlin,MA,42.3844,-71.6356
Berlin,MD,38.3475,-75.1866
Berlin,ND,46.4008,-98.5233
Berlin,NH,44.4811,-71.1892
Berlin,NJ,39.7788,-74.9308
Berlin,NY,42.6919,-73.3702
Berlin,OH,40.5611,-81.7944
Berlin,PA,39.9188,-78.9637
Berlin,WI,43.9769,-88.9490
Berlin Center,OH,41.0243,-80.9341
Berlin Heights,OH,41.3205,-82.4777
Bern,ID,42.3191,-111.3926
Bern,KS,39.9571,-95.9610
Bernalillo,NM,35.3285,-106.5309
Bernard,IA,42.3321,-90.8630
Bernard,ME,44.2415,-68.3580
Bernardston,MA,42.6838,-72.5634
Bernardsville,NJ,40.7225,-74.5778
Berne,IN,40.6615,-84.9343
Berne,NY,42.6108,-74.1466
Bernhards Bay,NY,43.2717,-75.9373
Bernice,LA,32.8210,-92.6263
Bernie,MO,36.6727,-89.9878
Bernville,PA,40.4551,-76.1247
Berrien Center,MI,41.9484,-86.2850
Berrien Springs,MI,41.9480,-86.3540
Berry,AL,33.6945,-87.6226
Berry,KY,38.5160,-84.3611
Berry Creek,CA,39.6384,-121.3855
Berrysburg,PA,40.6020,-76.8112
Berryton,KS,38.9442,-95.5825
Berryville,AR,36.3519,-93.5587
Berryville,VA,39.1532,-77.9688
Bertha,MN,46.2515,-95.0357
Berthold,ND,48.3234,-101.8006
Berthoud,CO,40.2993,-105.1055
Bertram,TX,30.7411,-98.0529
Bertrand,MO,36.8927,-89.4483
Bertrand,NE,40.5608,-99.5759
Berwick,IA,41.6650,-93.5447
Berwick,IL,40.7799,-90.5059
Berwick,LA,29.6988,-91.2057
Berwick,ME,43.2899,-70.8550
Berwick,PA,41.0665,-76.2443
Berwind,WV,37.2475,-81.6411
Berwyn,IL,41.8418,-87.7908
Berwyn,PA,40.0412,-75.4475
Beryl,UT,37.9601,-113.6196
Bessemer,AL,33.4090,-86.9475
Bessemer,MI,46.4802,-90.0515
Bessemer,PA,40.9755,-80.4937
Bessemer City,NC,35.2849,-81.2863
Bessie,OK,35.3854,-98.9896
Bethalto,IL,38.9074,-90.0344
Bethania,NC,36.1822,-80.3383
Bethany,CT,41.4262,-73.0007
Bethany,IL,39.6348,-88.7543
Bethany,KY,37.6503,-83.4736
Bethany,LA,32.3662,-94.0034
Bethany,MO,40.2601,-94.0189
Bethany,OK,35.5043,-97.6399
Bethany,WV,40.2020,-80.5546
Bethany Beach,DE,38.5310,-75.0674
Bethel,AK,60.8324,-161.8241
Bethel,CT,41.3813,-73.4008
Bethel,DE,38.5685,-75.6243
Bethel,ME,44.4162,-70.8037
Bethel,MN,45.3941,-93.2331
Bethel,MO,39.8922,-92.0316
Bethel,NC,35.7909,-77.3748
Bethel,NY,41.6693,-74.8940
Bethel,OH,38.9424,-84.0919
Bethel,OK,34.3584,-94.8781
Bethel,PA,40.4808,-76.2742
Bethel,VT,43.8195,-72.6528
Bethel Island,CA,38.0150,-121.6394
Bethel Park,PA,40.3210,-80.0398
Bethel Springs,TN,35.2289,-88.6440
Bethelridge,KY,37.2246,-84.7790
Bethera,SC,33.2014,-79.7883
Bethesda,MD,38.9806,-77.1008
Bethesda,OH,40.0192,-81.0767
Bethlehem,CT,41.6387,-73.2091
Bethlehem,GA,33.9261,-83.7282
Bethlehem,IN,38.5392,-85.4206
Bethlehem,KY,38.4024,-85.0649
Bethlehem,MD,38.7461,-75.9444
Bethlehem,NH,44.2808,-71.6829
Bethlehem,PA,40.6002,-75.3805
Bethlehem,PA,40.6335,-75.3952
Bethpage,NY,40.7400,-73.4857
Bethpage,TN,36.5186,-86.3146
Bethune,CO,39.3448,-102.4281
Bethune,SC,34.4201,-80.3662
Betsy Layne,KY,37.5316,-82.7002
Bettendorf,IA,41.5509,-90.4942
Betterton,MD,39.3655,-76.0639
Bettles Field,AK,67.1005,-151.0624
Bettsville,OH,41.2464,-83.2358
Beulah,CO,38.0837,-104.9724
Beulah,MI,44.6460,-86.0383
Beulah,MO,37.6445,-91.8787
Beulah,MS,33.7880,-90.9795
Beulah,ND,47.2707,-101.8075
Beulah,WY,44.5736,-104.1531
Beulaville,NC,34.9340,-77.7697
Beverly,KS,38.9844,-97.9818
Beverly,KY,36.9442,-83.5560
Beverly,MA,42.5608,-70.8759
Beverly,NJ,40.0565,-74.9114
Beverly,OH,39.5714,-81.6346
Beverly,WA,46.8484,-119.9121
Beverly,WV,38.8280,-79.8651
Beverly Hills,CA,34.0732,-118.3927
Beverly Hills,FL,28.9166,-82.4583
Beverly Shores,IN,41.6925,-86.9775
Bevier,MO,39.7497,-92.5619
Bevington,IA,41.3718,-93.8129
Bevinsville,KY,37.3385,-82.7125
Bexar,AR,36.3061,-91.9860
Beyer,PA,40.7864,-79.2014
Bible School Park,NY,42.1147,-76.0747
Bickleton,WA,45.9597,-120.1042
Bickmore,WV,38.3659,-81.1068
Bicknell,IN,38.7727,-87.3137
Bicknell,UT,38.3408,-111.5433
Biddeford,ME,43.4836,-70.4719
Biddeford Pool,ME,43.4427,-70.3520
Biddle,MT,45.2570,-105.2901
Bidwell,OH,38.9276,-82.2701
Bieber,CA,41.1214,-121.1431
Bienville,LA,32.2523,-92.9084
Big Arm,MT,47.7585,-114.2070
Big Bar,CA,40.7480,-123.2290
Big Bay,MI,46.8158,-87.7283
Big Bear City,CA,34.2422,-116.9204
Big Bear Lake,CA,34.2439,-116.9106
Big Bend,CA,41.0208,-121.9100
Big Bend,WI,42.8885,-88.2122
Big Bend,WV,38.9719,-81.1360
Big Bend National Park,TX,29.1477,-103.3306
Big Cabin,OK,36.6079,-95.2747
Big Clifty,KY,37.5278,-86.1395
Big Cove Tannery,PA,39.8897,-78.0124
Big Creek,CA,37.2050,-119.2450
Big Creek,KY,37.1417,-83.6331
Big Creek,MS,33.8514,-89.4378
Big Creek,WV,38.0046,-82.0161
Big Falls,MN,48.1560,-93.7296
Big Falls,WI,44.6156,-89.0161
Big Flat,AR,36.0068,-92.3917
Big Flats,NY,42.1455,-76.9527
Big Horn,WY,44.6833,-106.9917
Big Indian,NY,42.1439,-74.4467
Big Island,VA,37.5306,-79.3827
Big Lake,AK,61.5842,-149.4401
Big Lake,MN,45.3506,-93.7399
Big Lake,TX,31.2406,-101.4788
Big Laurel,KY,37.0028,-83.1565
Big Oak Flat,CA,37.8236,-120.2572
Big Pine,CA,37.1679,-118.2916
Big Pine Key,FL,24.6800,-81.3620
Big Piney,WY,42.5521,-110.1330
Big Pool,MD,39.6457,-78.0104
Big Prairie,OH,40.6188,-82.0720
Big Rapids,MI,43.6897,-85.4797
Big Rock,IL,41.7593,-88.5376
Big Rock,TN,36.5716,-87.7378
Big Rock,VA,37.3186,-82.2246
Big Run,PA,40.9669,-78.8786
Big Run,WV,39.5941,-80.5837
Big Sandy,MT,48.1497,-110.0776
Big Sandy,TN,36.2285,-88.0627
Big Sandy,TX,32.6168,-95.0880
Big Sandy,WV,37.4642,-81.6983
Big Sky,MT,45.2847,-111.3675
Big Spring,TX,32.2418,-101.4675
Big Springs,NE,41.0696,-102.0933
Big Springs,WV,38.9963,-81.0698
Big Stone City,SD,45.2850,-96.5614
Big Stone Gap,VA,36.8581,-82.7627
Big Sur,CA,36.2458,-121.7009
Big Timber,MT,45.8283,-109.9631
Big Wells,TX,28.5693,-99.5781
Bigelow,AR,34.9847,-92.6308
Bigelow,MN,43.5336,-95.6515
Bigfoot,TX,29.0531,-98.8582
Bigfork,MN,47.7502,-93.6707
Bigfork,MT,48.0397,-114.0199
Biggers,AR,36.3430,-90.7845
Biggs,CA,39.4149,-121.6959
Biggsville,IL,40.8531,-90.8561
Bighill,KY,37.5544,-84.2083
Bighorn,MT,46.2383,-107.2059
Bigler,PA,40.9847,-78.3067
Biglerville,PA,39.9281,-77.2885
Billerica,MA,42.5519,-71.2518
Billings,MO,37.0628,-93.5476
Billings,MT,45.7745,-108.5005
Billings,NY,41.6711,-73.7636
Billings,OK,36.5246,-97.4189
Billingsley,AL,32.6106,-86.7163
Biloxi,MS,30.4035,-88.8971
Bim,WV,37.8934,-81.6880
Bimble,KY,36.8868,-83.8282
Binford,ND,47.5739,-98.3546
Bingen,WA,45.6341,-121.1758
Binger,OK,35.3106,-98.3148
Bingham,IL,39.1467,-89.1958
Bingham,ME,45.0682,-69.8857
Bingham,NE,42.2607,-102.1331
Bingham Canyon,UT,40.5646,-112.0977
Bingham Lake,MN,43.8942,-95.0457
Binghamton,NY,42.1463,-75.8865
Biola,CA,36.8022,-120.0153
Bippus,IN,40.9442,-85.6239
Birch Harbor,ME,44.3842,-68.0317
Birch River,WV,38.4914,-80.7459
Birch Run,MI,43.2649,-83.7903
Birch Tree,MO,36.9476,-91.5008
Birchdale,MN,48.6247,-94.1677
Birchleaf,VA,37.1695,-82.2483
Birchrunville,PA,40.1294,-75.6381
Birchwood,TN,35.3520,-84.9618
Birchwood,WI,45.6403,-91.5776
Bird City,KS,39.7579,-101.5319
Bird In Hand,PA,40.0561,-76.1830
Bird Island,MN,44.7507,-94.8716
Birds Landing,CA,38.1504,-121.8443
Birdsboro,PA,40.2563,-75.8344
Birdseye,IN,38.3006,-86.7102
Birdsnest,VA,37.4321,-75.9043
Birmingham,AL,33.4016,-86.7055
Birmingham,AL,33.5190,-86.8014
Birmingham,IA,40.8626,-91.9534
Birmingham,MI,42.5444,-83.2133
Birmingham,NJ,39.9758,-74.7106
Birmingham,OH,41.3300,-82.3608
Birnamwood,WI,44.9269,-89.2124
Birney,MT,45.2862,-106.5095
Bisbee,AZ,31.4086,-109.9117
Bisbee,ND,48.5552,-99.3636
Biscoe,AR,34.8337,-91.4900
Biscoe,NC,35.3257,-79.7596
Bishop,CA,37.3863,-118.4416
Bishop,GA,33.8081,-83.4777
Bishop,TX,27.5886,-97.7830
Bishop,VA,37.2086,-81.5583
Bishop Hill,IL,41.2017,-90.1189
Bishopville,MD,38.4296,-75.1855
Bishopville,SC,34.2241,-80.2750
Bismarck,AR,34.3110,-93.1872
Bismarck,IL,40.2552,-87.6138
Bismarck,MO,37.7699,-90.6207
Bismarck,ND,46.8234,-100.7748
Bison,KS,38.5193,-99.1986
Bison,OK,36.1962,-97.8805
Bison,SD,45.5161,-102.4827
Bitely,MI,43.7321,-85.8778
Bittinger,MD,39.5978,-79.2142
Bivalve,MD,38.2953,-75.8914
Bivins,TX,32.9660,-94.1404
Biwabik,MN,47.5331,-92.3400
Bixby,MO,37.6722,-91.0835
Bixby,OK,35.9173,-95.8729
Blachly,OR,44.1966,-123.5348
Black,AL,31.0132,-85.7456
Black,MO,37.5473,-90.9917
Black Canyon City,AZ,34.0732,-112.1310
Black Creek,NC,35.6350,-77.9333
Black Creek,NY,42.2855,-78.2312
Black Creek,WI,44.4856,-88.4448
Black Diamond,WA,47.3114,-122.0053
Black Eagle,MT,47.5262,-111.2764
Black Earth,WI,43.1322,-89.7390
Black Hawk,CO,39.8011,-105.5040
Black Hawk,SD,44.1512,-103.3486
Black Lick,PA,40.4669,-79.1932
Black Mountain,NC,35.6125,-82.3251
Black Oak,AR,35.8359,-90.3542
Black River,MI,44.8138,-83.3407
Black River,NY,44.0042,-75.7958
Black River Falls,WI,44.2921,-90.8480
Black Rock,AR,36.1149,-91.1176
Blackburn,MO,39.0988,-93.4281
Blackduck,MN,47.7381,-94.4961
Blackey,KY,37.1343,-82.9402
Blackfoot,ID,43.1943,-112.3615
Blackford,KY,37.4483,-87.9347
Blacklick,OH,40.0210,-82.8079
Blacksburg,SC,35.1150,-81.5080
Blacksburg,VA,37.2288,-80.4273
Blackshear,GA,31.2931,-82.2617
Blackstock,SC,34.5779,-81.1249
Blackstone,IL,41.0719,-88.6498
Blackstone,MA,42.0287,-71.5269
Blackstone,VA,37.0916,-77.9851
Blacksville,WV,39.6958,-80.2326
Blackville,SC,33.3645,-81.2718
Blackwater,MO,38.9727,-92.9683
Blackwater,VA,36.6390,-82.9866
Blackwell,MO,38.0717,-90.7095
Blackwell,OK,36.8006,-97.2867
Blackwell,TX,32.0820,-100.3111
Blackwood,NJ,39.7741,-75.0587
Bladen,NE,40.2990,-98.6046
Bladenboro,NC,34.5658,-78.7793
Bladensburg,MD,38.9452,-76.9203
Bladensburg,OH,40.2844,-82.2842
Blain,PA,40.3293,-77.5117
Blaine,KY,38.0270,-82.8513
Blaine,ME,46.5047,-67.8692
Blaine,OH,40.0678,-80.8175
Blaine,TN,36.1583,-83.6783
Blaine,WA,48.9636,-122.7323
Blair,NE,41.5454,-96.1617
Blair,OK,34.7788,-99.3334
Blair,SC,34.4967,-81.3459
Blair,WI,44.2968,-91.2235
Blair,WV,37.8783,-81.8281
Blairs,VA,36.6674,-79.3789
Blairs Mills,PA,40.2548,-77.7695
Blairsburg,IA,42.4937,-93.6594
Blairsden-graeagle,CA,39.7847,-120.6274
Blairstown,IA,41.9063,-92.0829
Blairstown,MO,38.5227,-93.9641
Blairstown,NJ,40.9674,-74.9651
Blairsville,GA,34.8763,-83.9920
Blairsville,PA,40.4413,-79.2533
Blakely,GA,31.3775,-84.9342
Blakely Island,WA,48.5128,-122.6114
Blakesburg,IA,40.9848,-92.5940
Blakeslee,OH,41.5242,-84.7303
Blakeslee,PA,41.0485,-75.5343
Blanca,CO,37.4317,-105.5178
Blanch,NC,36.5338,-79.3042
Blanchard,IA,40.6122,-95.2054
Blanchard,ID,48.0223,-116.9909
Blanchard,LA,32.5808,-93.8925
Blanchard,MI,43.5228,-85.0589
Blanchard,ND,47.3537,-97.2621
Blanchard,OK,35.1192,-97.6401
Blanchard,PA,41.0642,-77.5981
Blanchardville,WI,42.8062,-89.8555
Blanchester,OH,39.3034,-83.9740
Blanco,NM,36.7256,-107.7953
Blanco,OK,34.7622,-95.7921
Blanco,TX,30.0874,-98.4107
Bland,MO,38.3074,-91.6263
Bland,VA,37.1376,-81.0201
Blandburg,PA,40.6869,-78.4111
Blandford,MA,42.1829,-72.9361
Blanding,UT,37.5863,-109.4866
Blandinsville,IL,40.5516,-90.8595
Blandon,PA,40.4435,-75.8837
Blanford,IN,39.6650,-87.5206
Blanket,TX,31.7882,-98.8311
Blauvelt,NY,41.0626,-73.9629
Blawenburg,NJ,40.4075,-74.7031
Bledsoe,KY,36.9123,-83.3539
Bledsoe,TX,33.6192,-103.0208
Bleiblerville,TX,29.9676,-96.4187
Blencoe,IA,41.9237,-96.0827
Blenheim,SC,34.5020,-79.6594
Blenker,WI,44.6133,-89.9150
Blessing,TX,28.8649,-96.2180
Blevins,AR,33.8755,-93.5360
Bliss,ID,42.9449,-114.9104
Bliss,NY,42.5799,-78.2581
Blissfield,MI,41.8276,-83.8773
Blissfield,OH,40.3997,-81.9656
Block Island,RI,41.1715,-71.5748
Blocker,OK,35.0614,-95.5681
Blocksburg,CA,40.2761,-123.6353
Blockton,IA,40.6242,-94.5049
Blodgett,MO,37.0042,-89.5269
Blodgett,OR,44.6281,-123.6067
Blodgett Mills,NY,42.5683,-76.1261
Blomkest,MN,44.9395,-95.0640
Bloomburg,TX,33.1339,-94.0647
Bloomdale,OH,41.1815,-83.5724
Bloomer,WI,45.1025,-91.4900
Bloomery,WV,39.3286,-78.3816
Bloomfield,CT,41.8316,-72.7249
Bloomfield,IA,40.7324,-92.3987
Bloomfield,IN,39.0295,-86.8675
Bloomfield,KY,37.9080,-85.2862
Bloomfield,MO,36.8989,-89.9456
Bloomfield,MT,47.3408,-104.8782
Bloomfield,NE,42.5978,-97.6545
Bloomfield,NJ,40.8035,-74.1891
Bloomfield,NM,36.6955,-107.9784
Bloomfield,NY,42.8851,-77.4600
Bloomfield Hills,MI,42.5450,-83.2771
Blooming Glen,PA,40.3694,-75.2486
Blooming Grove,NY,41.4092,-74.1956
Blooming Grove,TX,32.0758,-96.7010
Blooming Prairie,MN,43.8977,-93.0608
Bloomingburg,NY,41.5644,-74.4304
Bloomingburg,OH,39.6286,-83.4095
Bloomingdale,GA,32.1177,-81.3085
Bloomingdale,IL,41.9483,-88.0782
Bloomingdale,IN,39.8348,-87.2560
Bloomingdale,MI,42.3842,-85.9568
Bloomingdale,NJ,41.0128,-74.3338
Bloomingdale,NY,44.3985,-74.0829
Bloomingdale,OH,40.3742,-80.8072
Bloomingrose,WV,38.1412,-81.6367
Bloomington,CA,34.0662,-117.3993
Bloomington,ID,42.1919,-111.4006
Bloomington,IL,40.4783,-88.9893
Bloomington,IN,39.1401,-86.5083
Bloomington,MD,39.4878,-79.1137
Bloomington,NE,40.1383,-99.0094
Bloomington,NY,41.8562,-74.0669
Bloomington,TX,28.6890,-96.8841
Bloomington,WI,42.8726,-90.9099
Bloomington Springs,TN,36.2195,-85.6479
Bloomsburg,PA,41.0115,-76.4384
Bloomsbury,NJ,40.6437,-75.0966
Bloomsdale,MO,38.0451,-90.2805
Bloomville,NY,42.3522,-74.8071
Bloomville,OH,41.0182,-82.9899
Blossburg,PA,41.6698,-77.0797
Blossom,TX,33.6945,-95.3823
Blossvale,NY,43.2303,-75.6873
Blount,WV,38.3121,-81.4052
Blounts Creek,NC,35.3820,-76.9250
Blountstown,FL,30.4394,-85.0620
Blountsville,AL,34.0929,-86.5686
Blountville,TN,36.5356,-82.3656
Blowing Rock,NC,36.0946,-81.7510
Bloxom,VA,37.8273,-75.6156
Blue,AZ,33.6512,-109.0685
Blue Ball,PA,40.1186,-76.0475
Blue Bell,PA,40.1594,-75.2797
Blue Creek,OH,38.7565,-83.3527
Blue Creek,WV,38.4506,-81.4575
Blue Diamond,NV,36.0464,-115.4031
Blue Earth,MN,43.6394,-94.0924
Blue Eye,MO,36.5432,-93.4299
Blue Gap,AZ,36.1008,-110.2253
Blue Grass,IA,41.5112,-90.7380
Blue Grass,VA,38.5152,-79.5613
Blue Hill,ME,44.4343,-68.5885
Blue Hill,NE,40.3110,-98.4270
Blue Island,IL,41.6582,-87.6795
Blue Jay,CA,34.2461,-117.2089
Blue Jay,WV,37.7369,-81.1381
Blue Lake,CA,40.9287,-123.8967
Blue Mound,IL,39.6978,-89.1136
Blue Mound,KS,38.0908,-95.0053
Blue Mounds,WI,43.0050,-89.8345
Blue Mountain,AR,35.1304,-93.7168
Blue Mountain,MS,34.6710,-89.0088
Blue Mountain Lake,NY,43.8375,-74.4298
Blue Point,NY,40.7501,-73.0352
Blue Rapids,KS,39.6750,-96.6359
Blue Ridge,GA,34.8555,-84.3281
Blue Ridge,TX,33.3061,-96.3901
Blue Ridge,VA,37.3885,-79.8172
Blue Ridge Summit,PA,39.7270,-77.4698
Blue River,KY,37.6481,-82.8274
Blue River,OR,44.1778,-122.2230
Blue River,WI,43.2366,-90.5873
Blue Rock,OH,39.8000,-81.8910
Blue Springs,MO,39.0169,-94.2814
Blue Springs,MS,34.4273,-88.8590
Blue Springs,NE,40.1407,-96.6590
Bluebell,UT,40.3517,-110.2941
Bluefield,VA,37.2495,-81.3251
Bluefield,WV,37.2798,-81.2290
Bluegrove,TX,33.6739,-98.2297
Bluejacket,OK,36.7975,-95.1018
Bluemont,VA,39.1111,-77.8342
Bluewater,NM,35.1647,-108.1917
Bluff,UT,37.2844,-109.5511
Bluff City,AR,33.6982,-93.1868
Bluff City,KS,37.0838,-97.8754
Bluff City,TN,36.4774,-82.2362
Bluff Dale,TX,32.4018,-98.1638
Bluff Springs,IL,39.9878,-90.3458
Bluffs,IL,39.7441,-90.5305
Bluffton,AR,34.9016,-93.5919
Bluffton,GA,31.5228,-84.8678
Bluffton,IN,40.7368,-85.1622
Bluffton,MN,46.4918,-95.2236
Bluffton,OH,40.8790,-83.8914
Bluffton,SC,32.2513,-80.8721
Bluffton,TX,30.8256,-98.5150
Bluford,IL,38.3531,-88.7587
Blum,TX,32.1052,-97.3652
Blunt,SD,44.5026,-99.9463
Bly,OR,42.3978,-121.0406
Blythe,CA,33.6057,-114.5971
Blythe,GA,33.2941,-82.2030
Blythedale,MO,40.5024,-93.8954
Blytheville,AR,35.9345,-89.9225
Blythewood,SC,34.1911,-80.9758
Boalsburg,PA,40.7793,-77.7822
Board Camp,AR,34.5378,-94.0953
Boardman,OR,45.8272,-119.7206
Boaz,AL,34.1737,-86.1480
Boaz,AL,34.1739,-86.1211
Boaz,KY,36.9300,-88.6223
Bob White,WV,37.9587,-81.7209
Bobtown,PA,39.7611,-79.9817
Boca Grande,FL,26.7486,-82.2622
Boca Raton,FL,26.3583,-80.0833
Bock,MN,45.7844,-93.5537
Bode,IA,42.8661,-94.2781
Bodega,CA,38.3393,-122.9514
Bodega Bay,CA,38.3309,-123.0373
Bodfish,CA,35.5870,-118.4847
Boelus,NE,41.1003,-98.6976
Boerne,TX,29.7777,-98.7134
Bogalusa,LA,30.7733,-89.8653
Bogard,MO,39.4994,-93.5374
Bogart,GA,33.9340,-83.5055
Bogata,TX,33.4699,-95.1937
Boggstown,IN,39.5683,-85.9160
Bogota,NJ,40.8744,-74.0281
Bogota,TN,36.1639,-89.4383
Bogue,KS,39.3782,-99.6788
Bogue Chitto,MS,31.4563,-90.4732
Bohannon,VA,37.3905,-76.3614
Bohemia,NY,40.7678,-73.1163
Boiceville,NY,42.0048,-74.2658
Boiling Springs,NC,35.2542,-81.6672
Boiling Springs,PA,40.1449,-77.1195
Boiling Springs,SC,35.0342,-81.9775
Bois D Arc,MO,37.2214,-93.5447
Boise,ID,43.6136,-116.2025
Boise,ID,43.6154,-116.2161
Boise City,OK,36.7283,-102.5355
Boissevain,VA,37.2817,-81.3806
Bokchito,OK,33.9859,-96.1621
Bokeelia,FL,26.6627,-82.1401
Bokoshe,OK,35.1609,-94.7222
Bolckow,MO,40.1007,-94.8847
Boles,AR,34.7654,-94.0629
Boles,IL,37.3672,-89.0056
Boley,OK,35.4913,-96.4704
Boligee,AL,32.7746,-88.0267
Bolinas,CA,37.9079,-122.6947
Boling,TX,29.2529,-95.9740
Bolingbroke,GA,32.9492,-83.8033
Bolingbrook,IL,41.6976,-88.0873
Bolivar,MO,37.6085,-93.4126
Bolivar,NY,42.0704,-78.1448
Bolivar,OH,40.6347,-81.4464
Bolivar,PA,40.3673,-79.1605
Bolivar,TN,35.2461,-89.0007
Bolivia,NC,34.0260,-78.1681
Bolt,WV,37.7673,-81.4156
Bolton,CT,41.7689,-72.4396
Bolton,MA,42.4365,-71.6076
Bolton,MS,32.3778,-90.4474
Bolton,NC,34.3091,-78.3372
Bolton Landing,NY,43.5766,-73.6714
Bombay,NY,44.9479,-74.5947
Bomont,WV,38.4073,-81.2200
Bomoseen,VT,43.6224,-73.2064
Bon Air,AL,33.2636,-86.3356
Bon Aqua,TN,35.9471,-87.2996
Bon Secour,AL,30.3289,-87.7214
Bon Wier,TX,30.6876,-93.7665
Bonaire,GA,32.5460,-83.6047
Bonanza,OR,42.2463,-121.3336
Bonanza,UT,40.0211,-109.1767
Bonaparte,IA,40.7148,-91.7897
Boncarbo,CO,37.2167,-104.6944
Bond,CO,39.8691,-106.6763
Bondsville,MA,42.2125,-72.3458
Bonduel,WI,44.7379,-88.4390
Bondurant,IA,41.7017,-93.4527
Bondurant,WY,43.2238,-110.3353
Bondville,IL,40.1133,-88.3694
Bondville,VT,43.1618,-72.9128
Bone Gap,IL,38.4490,-88.0025
Bonesteel,SD,43.0695,-98.9880
Boneville,GA,33.4333,-82.4389
Bonfield,IL,41.1573,-88.0619
Bonham,TX,33.5806,-96.1836
Bonifay,FL,30.8464,-85.6900
Bonita,CA,32.6671,-117.0221
Bonita,LA,32.9123,-91.6822
Bonita Springs,FL,26.3869,-81.7330
Bonlee,NC,35.6458,-79.4147
Bonne Terre,MO,37.9314,-90.5251
Bonneau,SC,33.2973,-79.9216
Bonner,MT,46.8601,-113.7463
Bonner Springs,KS,39.0685,-94.8861
Bonnerdale,AR,34.3498,-93.3194
Bonners Ferry,ID,48.7306,-116.3322
Bonney Lake,WA,47.1819,-122.1739
Bonnie,IL,38.1980,-88.9229
Bonnieville,KY,37.3741,-85.8960
Bonnots Mill,MO,38.5533,-91.9293
Bonnyman,KY,37.3108,-83.2286
Bono,AR,35.9086,-90.7848
Bonsall,CA,33.2940,-117.1897
Boody,IL,39.7628,-89.0721
Booker,TX,36.4429,-100.5238
Boomer,NC,36.0552,-81.3137
Boomer,WV,38.1506,-81.2875
Boon,MI,44.2916,-85.6144
Boone,CO,38.2646,-104.2585
Boone,IA,42.0694,-93.8781
Boone,NC,36.2142,-81.6660
Boone Grove,IN,41.3547,-87.1294
Boones Mill,VA,37.1331,-79.9556
Booneville,AR,35.1364,-93.9274
Booneville,IA,41.5340,-93.8814
Booneville,KY,37.4787,-83.6606
Booneville,MS,34.6694,-88.5443
Boons Camp,KY,37.8216,-82.6704
Boonsboro,MD,39.5322,-77.6835
Boonton,NJ,40.9115,-74.4140
Boonville,CA,39.0350,-123.4020
Boonville,IN,38.0474,-87.2620
Boonville,MO,38.9536,-92.7450
Boonville,NC,36.2340,-80.6357
Boonville,NY,43.4786,-75.3440
Booth,AL,32.5003,-86.5719
Boothbay,ME,43.8945,-69.6273
Boothbay Harbor,ME,43.8546,-69.6184
Boothville,LA,29.3214,-89.3939
Boqueron,PR,18.0289,-67.1694
Bordelonville,LA,31.1053,-91.9072
Borden,IN,38.4362,-85.9215
Bordentown,NJ,40.1431,-74.7032
Borderland,WV,37.7139,-82.3092
Borger,TX,35.6643,-101.4032
Boring,MD,39.5317,-76.8231
Boring,OR,45.4297,-122.3807
Boron,CA,35.0037,-117.6629
Borrego Springs,CA,33.2386,-116.3514
Borup,MN,47.1896,-96.5530
Boscobel,WI,43.1393,-90.7061
Bosler,WY,41.5627,-105.8197
Bosque,NM,34.4996,-106.8038
Bosque Farms,NM,34.8764,-106.6975
Boss,MO,37.6373,-91.2109
Bossier City,LA,32.5449,-93.7038
Bostic,NC,35.4533,-81.8118
Boston,GA,30.7855,-83.7971
Boston,IN,39.7411,-84.8519
Boston,KY,37.7640,-85.6199
Boston,MA,42.3576,-71.0684
Boston,NY,42.6314,-78.7391
Boston,VA,38.5382,-78.1423
Bostwick,FL,29.7739,-81.6372
Bostwick,GA,33.7372,-83.5144
Boswell,IN,40.5180,-87.3789
Boswell,OK,34.0245,-95.8403
Boswell,PA,40.1918,-79.0362
Bosworth,MO,39.4767,-93.3335
Bothell,WA,47.7497,-122.2159
Bothell,WA,47.8489,-122.2070
Botkins,OH,40.4659,-84.1780
Botsford,CT,41.3664,-73.2575
Bottineau,ND,48.8451,-100.4329
Bouckville,NY,42.8940,-75.5678
Boulder,CO,40.0497,-105.2143
Boulder,MT,46.2306,-112.1138
Boulder,UT,37.9166,-111.4266
Boulder,WY,42.6881,-109.5401
Boulder City,NV,35.9727,-114.8344
Boulder Creek,CA,37.1499,-122.1331
Boulder Junction,WI,46.1112,-89.6325
Boulevard,CA,32.6719,-116.3200
Bound Brook,NJ,40.5681,-74.5397
Bountiful,UT,40.8775,-111.8727
Bourbon,IN,41.3098,-86.1174
Bourbon,MO,38.1720,-91.2225
Bourbonnais,IL,41.1661,-87.8790
Bourg,LA,29.5485,-90.6087
Bourneville,OH,39.2819,-83.1567
Bouse,AZ,33.9325,-114.0050
Bouton,IA,41.8284,-93.9963
Boutte,LA,29.8973,-90.3934
Bovard,PA,40.3197,-79.5036
Bovey,MN,47.2868,-93.3723
Bovill,ID,46.8589,-116.3925
Bovina,TX,34.4815,-102.8061
Bovina Center,NY,42.2709,-74.7661
Bow,NH,43.1388,-71.5448
Bow,WA,48.5620,-122.4134
Bowbells,ND,48.7968,-102.2473
Bowden,WV,38.9349,-79.6193
Bowdle,SD,45.4329,-99.6360
Bowdoin,ME,44.0458,-70.0258
Bowdoinham,ME,44.0368,-69.9188
Bowdon,GA,33.5373,-85.2533
Bowdon,ND,47.4343,-99.7015
Bowdon Junction,GA,33.6631,-85.1469
Bowen,IL,40.2341,-91.0705
Bowers,PA,40.4872,-75.7425
Bowerston,OH,40.4371,-81.1862
Bowersville,GA,34.3996,-83.0484
Bowersville,OH,39.5806,-83.7250
Bowie,AZ,32.3264,-109.4864
Bowie,MD,38.9797,-76.7435
Bowie,TX,33.5568,-97.8373
Bowlegs,OK,35.1461,-96.6697
Bowler,WI,44.9337,-88.9761
Bowling Green,FL,27.6277,-81.8451
Bowling Green,IN,39.3812,-87.0052
Bowling Green,KY,37.0079,-86.4559
Bowling Green,MO,39.3346,-91.1962
Bowling Green,OH,41.3815,-83.6507
Bowling Green,SC,35.1497,-81.2125
Bowling Green,VA,38.0137,-77.1802
Bowlus,MN,45.8121,-94.4175
Bowman,GA,34.1919,-83.0284
Bowman,ND,46.1733,-103.4020
Bowman,SC,33.3475,-80.6709
Bowmansdale,PA,40.1661,-76.9783
Bowmanstown,PA,40.7997,-75.6622
Bowmansville,NY,42.9478,-78.6830
Bowmansville,PA,40.1967,-76.0178
Bowstring,MN,47.5431,-93.7964
Box Elder,MT,48.2841,-109.8205
Box Elder,SD,44.1199,-103.0682
Box Springs,GA,32.5656,-84.6130
Boxborough,MA,42.4869,-71.5182
Boxford,MA,42.6797,-71.0114
Boxholm,IA,42.1706,-94.1052
Boyce,LA,31.3216,-92.6867
Boyce,VA,39.0698,-78.0203
Boyceville,WI,45.0642,-92.0248
Boyd,MN,44.8507,-95.9421
Boyd,MT,45.4578,-109.0658
Boyd,TX,33.0594,-97.5868
Boyd,WI,44.9437,-91.0294
Boyden,IA,43.2034,-95.9823
Boyds,MD,39.2100,-77.3167
Boyds,WA,48.6919,-118.1991
Boydton,VA,36.6544,-78.3752
Boyers,PA,41.1083,-79.8991
Boyertown,PA,40.3339,-75.6604
Boyes,MT,45.4900,-104.8841
Boyes Hot Springs,CA,38.3139,-122.4808
Boykin,AL,32.0778,-87.2814
Boykins,VA,36.5951,-77.1975
Boyle,MS,33.6854,-90.7335
Boylston,MA,42.3377,-71.7310
Boyne City,MI,45.2052,-85.0183
Boyne Falls,MI,45.2116,-84.8916
Boynton,OK,35.6577,-95.6600
Boynton,PA,39.7667,-79.0669
Boynton Beach,FL,26.5250,-80.0666
Boys Ranch,TX,35.5314,-102.2536
Boys Town,NE,41.2611,-96.1317
Bozeman,MT,45.6693,-111.0431
Bozman,MD,38.7515,-76.2764
Bozrah,CT,41.5465,-72.1711
Braceville,IL,41.2288,-88.2690
Bracey,VA,36.5763,-78.1059
Brackenridge,PA,40.6082,-79.7414
Brackettville,TX,29.3096,-100.4155
Brackney,PA,41.9666,-75.9375
Braddock,ND,46.5499,-100.2416
Braddock,PA,40.4063,-79.8644
Braddock Heights,MD,39.4186,-77.5039
Braddyville,IA,40.5991,-94.9956
Braden,TN,35.3794,-89.5681
Bradenton,FL,27.5028,-82.5139
Bradenton Beach,FL,27.5151,-82.7210
Bradenville,PA,40.2961,-79.3097
Bradford,AR,35.4277,-91.5190
Bradford,IA,42.6104,-93.2181
Bradford,IL,41.1532,-89.6521
Bradford,IN,38.3678,-86.0619
Bradford,ME,45.0855,-68.9235
Bradford,NH,43.2943,-71.9850
Bradford,NY,42.3825,-77.0913
Bradford,OH,40.1286,-84.4293
Bradford,PA,41.9547,-78.6540
Bradford,RI,41.4114,-71.7465
Bradford,TN,36.0645,-88.8046
Bradford,VT,44.0006,-72.1406
Bradfordsville,KY,37.4662,-85.1436
Bradfordwoods,PA,40.6342,-80.0823
Bradgate,IA,42.7794,-94.4002
Bradley,AR,33.1070,-93.6275
Bradley,CA,35.8093,-120.9728
Bradley,FL,27.7914,-81.8583
Bradley,IL,41.1454,-87.8601
Bradley,ME,44.9015,-68.6263
Bradley,MI,42.6303,-85.6431
Bradley,OK,34.8741,-97.7118
Bradley,SC,34.0326,-82.2027
Bradley,SD,45.0751,-97.6387
Bradley,WV,37.8653,-81.1942
Bradley Beach,NJ,40.2023,-74.0132
Bradleyville,MO,36.7659,-92.9151
Bradner,OH,41.3298,-83.4456
Bradshaw,NE,40.9207,-97.7607
Bradshaw,WV,37.3500,-81.8017
Brady,MT,48.0312,-111.7550
Brady,NE,41.0515,-100.3736
Brady,TX,31.1283,-99.3372
Brady Lake,OH,41.1594,-81.3172
Bradyville,TN,35.7053,-86.0912
Bragg City,MO,36.2732,-89.8736
Braggadocio,MO,36.1753,-89.8294
Braggs,OK,35.6574,-95.2033
Braham,MN,45.7175,-93.2037
Braidwood,IL,41.2657,-88.2231
Brainard,NE,41.1832,-96.9882
Brainard,NY,42.4051,-73.6159
Brainardsville,NY,44.8578,-74.0339
Brainerd,MN,46.3572,-94.2019
Braintree,MA,42.2093,-70.9963
Braithwaite,LA,29.6736,-89.8853
Braman,OK,36.9331,-97.3082
Bramwell,WV,37.3321,-81.3256
Branch,AR,35.2971,-93.9454
Branch,LA,30.3287,-92.3346
Branch,MI,43.9233,-86.1314
Branchdale,PA,40.6643,-76.3328
Branchland,WV,38.2694,-82.2684
Branchport,NY,42.6065,-77.2052
Branchton,PA,41.0725,-79.9858
Branchville,IN,38.1572,-86.5859
Branchville,NJ,41.1705,-74.7500
Branchville,SC,33.2628,-80.8059
Branchville,VA,36.5787,-77.2704
Brandamore,PA,40.0536,-75.8203
Brandeis,CA,34.3216,-118.7027
Brandenburg,KY,37.9662,-86.1084
Brandon,FL,27.9378,-82.2861
Brandon,IA,42.3309,-92.0059
Brandon,MN,46.0039,-95.5788
Brandon,MS,32.3038,-89.9640
Brandon,SD,43.5964,-96.5782
Brandon,TX,32.0456,-96.9603
Brandon,VT,43.8065,-73.0882
Brandon,WI,43.7258,-88.7841
Brandsville,MO,36.5849,-91.7355
Brandt,SD,44.6738,-96.6435
Brandy Camp,PA,41.3208,-78.6878
Brandy Station,VA,38.5110,-77.9037
Brandywine,MD,38.6922,-76.8320
Brandywine,WV,38.6357,-79.2096
Branford,CT,41.2800,-72.8106
Branford,FL,29.9395,-82.8993
Branscomb,CA,39.7005,-123.5550
Branson,CO,37.0518,-103.8741
Branson,MO,36.6436,-93.2183
Brant,MI,43.2548,-84.2978
Brant,NY,42.5883,-79.0181
Brant Lake,NY,43.6989,-73.7205
Brant Rock,MA,42.0861,-70.6417
Brantingham,NY,43.7103,-75.4025
Brantley,AL,31.5710,-86.2743
Brantwood,WI,45.5514,-90.1160
Braselton,GA,34.1389,-83.7812
Brashear,MO,40.1959,-92.4333
Brashear,TX,33.1155,-95.7345
Brasher Falls,NY,44.8467,-74.7473
Brasstown,NC,35.0314,-83.9668
Brattleboro,VT,42.8574,-72.5933
Brave,PA,39.7247,-80.2603
Brawley,CA,32.9792,-115.5296
Braxton,MS,32.0016,-89.9672
Braymer,MO,39.5915,-93.7887
Brayton,IA,41.5524,-94.9740
Brazeau,MO,37.6611,-89.6528
Brazil,IN,39.5210,-87.1278
Brazoria,TX,29.0236,-95.5867
Brea,CA,33.9252,-117.8895
Breaks,VA,37.2958,-82.2811
Breaux Bridge,LA,30.2750,-91.9059
Breckenridge,CO,39.4817,-106.0378
Breckenridge,MI,43.3935,-84.5023
Breckenridge,MN,46.2797,-96.5622
Breckenridge,MO,39.7582,-93.8068
Breckenridge,TX,32.7532,-98.9099
Brecksville,OH,41.3166,-81.6261
Breda,IA,42.1758,-95.0007
Breeden,WV,37.9198,-82.2547
Breeding,KY,36.9810,-85.4078
Breedsville,MI,42.3464,-86.0731
Breese,IL,38.6188,-89.5284
Breesport,NY,42.1939,-76.7361
Breezewood,PA,39.9905,-78.2453
Breezy Point,NY,40.5600,-73.9149
Breinigsville,PA,40.5526,-75.6553
Bremen,AL,33.9737,-87.0043
Bremen,GA,33.7309,-85.1286
Bremen,IN,41.4467,-86.1932
Bremen,KS,39.8775,-96.7458
Bremen,KY,37.3430,-87.2330
Bremen,ME,44.0063,-69.4307
Bremen,ND,47.7272,-99.3716
Bremerton,WA,47.6019,-122.6299
Bremo Bluff,VA,37.7453,-78.2672
Bremond,TX,31.1560,-96.6697
Brenham,TX,30.1774,-96.4028
Brent,AL,32.9357,-87.2114
Brentford,SD,45.1531,-98.3193
Brenton,WV,37.5844,-81.6495
Brentwood,CA,37.9324,-121.6894
Brentwood,MD,38.9407,-76.9531
Brentwood,NY,40.7779,-73.2482
Brentwood,TN,36.0331,-86.7828
Brethren,MI,44.2966,-85.9964
Bretton Woods,NH,44.2581,-71.4417
Bretz,WV,39.5422,-79.8008
Brevard,NC,35.2208,-82.7404
Brevig Mission,AK,65.3342,-166.4786
Brewer,ME,44.7874,-68.7539
Brewerton,NY,43.2252,-76.1351
Brewster,KS,39.3655,-101.3730
Brewster,MA,41.7492,-70.0699
Brewster,MN,43.7032,-95.4807
Brewster,NE,41.9467,-99.8292
Brewster,NY,41.4097,-73.5992
Brewster,OH,40.7144,-81.5988
Brewster,WA,48.1206,-119.7720
Brewton,AL,31.1189,-87.0673
Brian Head,UT,37.6985,-112.8437
Briar,MO,36.6391,-90.9278
Briarcliff Manor,NY,41.1444,-73.8350
Brice,OH,39.9181,-82.8322
Bricelyn,MN,43.5746,-93.8211
Briceville,TN,36.1854,-84.2160
Brick,NJ,40.0408,-74.1269
Brickeys,AR,34.8548,-90.5377
Bridal Veil,OR,45.5579,-122.1766
Bridge City,TX,30.0405,-93.8473
Bridgehampton,NY,40.9367,-72.3028
Bridgeport,AL,34.9446,-85.7277
Bridgeport,CA,38.2566,-119.2080
Bridgeport,CT,41.1669,-73.2052
Bridgeport,IL,38.6945,-87.8549
Bridgeport,MI,43.3553,-83.8549
Bridgeport,NE,41.6766,-103.0701
Bridgeport,NJ,39.8016,-75.3478
Bridgeport,NY,43.1590,-75.9700
Bridgeport,OH,40.0752,-80.7747
Bridgeport,OR,44.4858,-117.7442
Bridgeport,PA,40.1030,-75.3402
Bridgeport,TX,33.1870,-97.7810
Bridgeport,WA,48.0161,-119.7028
Bridgeport,WV,39.2954,-80.2427
Bridger,MT,45.2857,-108.9082
Bridgeton,IN,39.6484,-87.1814
Bridgeton,MO,38.7506,-90.4161
Bridgeton,NC,35.1214,-77.0211
Bridgeton,NJ,39.4453,-75.2267
Bridgeview,IL,41.7431,-87.8066
Bridgeville,CA,40.4686,-123.5494
Bridgeville,DE,38.7366,-75.6088
Bridgeville,PA,40.3472,-80.1153
Bridgewater,CT,41.5287,-73.3609
Bridgewater,IA,41.1571,-94.6410
Bridgewater,MA,41.9773,-70.9723
Bridgewater,ME,46.4222,-67.8415
Bridgewater,MI,42.1608,-83.9022
Bridgewater,NJ,40.5904,-74.6267
Bridgewater,NY,42.8792,-75.2514
Bridgewater,SD,43.5543,-97.4959
Bridgewater,VA,38.3859,-78.9937
Bridgewater,VT,43.5804,-72.6467
Bridgewater Corners,VT,43.6021,-72.6822
Bridgman,MI,41.9362,-86.5543
Bridgton,ME,44.0520,-70.7241
Bridport,VT,43.9538,-73.3476
Brielle,NJ,40.1077,-74.0635
Brier Hill,NY,44.5525,-75.6722
Brier Hill,PA,39.9803,-79.8283
Brierfield,AL,33.0427,-86.9517
Brigantine,NJ,39.4037,-74.3776
Briggs,TX,30.9325,-97.9702
Briggsdale,CO,40.6392,-104.2871
Briggsville,AR,34.9161,-93.5157
Briggsville,WI,43.6759,-89.5803
Brigham City,UT,41.5079,-112.0152
Brighton,CO,39.9806,-104.8103
Brighton,CO,40.0072,-104.7156
Brighton,IA,41.1543,-91.8284
Brighton,IL,39.0361,-90.1443
Brighton,MA,42.3478,-71.1566
Brighton,MI,42.5294,-83.7803
Brighton,MO,37.4728,-93.3603
Brighton,TN,35.4703,-89.7525
Brightwaters,NY,40.7280,-73.2646
Brightwood,OR,45.3652,-122.0036
Brightwood,VA,38.4114,-78.1698
Brill,WI,45.6028,-91.6719
Brilliant,AL,34.0377,-87.7563
Brilliant,OH,40.2683,-80.6319
Brillion,WI,44.1779,-88.0833
Brimfield,IL,40.8407,-89.8970
Brimfield,MA,42.1165,-72.1885
Brimhall,NM,35.8005,-108.5815
Brimley,MI,46.4111,-84.5638
Brimson,MN,47.3142,-91.8625
Bringhurst,IN,40.5163,-86.5204
Brinkhaven,OH,40.4583,-82.1553
Brinkley,AR,34.8781,-91.1886
Brinklow,MD,39.1838,-77.0163
Brinktown,MO,38.0673,-92.1231
Brinnon,WA,47.6776,-122.9375
Brinson,GA,30.9767,-84.7378
Brisbane,CA,37.6811,-122.4001
Brisbin,PA,40.8387,-78.3526
Briscoe,TX,35.5855,-100.1679
Bristol,CT,41.6823,-72.9302
Bristol,FL,30.4223,-84.9466
Bristol,GA,31.4028,-82.2496
Bristol,IL,41.7074,-88.4014
Bristol,IN,41.7169,-85.8262
Bristol,ME,43.9519,-69.4954
Bristol,NH,43.6120,-71.7507
Bristol,PA,40.1092,-74.8607
Bristol,RI,41.6825,-71.2676
Bristol,SD,45.3090,-97.7466
Bristol,TN,36.5686,-82.1819
Bristol,VA,36.6181,-82.1823
Bristol,VA,36.6445,-82.1597
Bristol,VT,44.1460,-73.0717
Bristol,WI,42.5325,-88.0478
Bristolville,OH,41.3797,-80.8568
Bristow,IA,42.7741,-92.8864
Bristow,IN,38.1631,-86.7218
Bristow,NE,42.8806,-98.6027
Bristow,OK,35.8209,-96.3758
Bristow,VA,38.7228,-77.5364
Britt,IA,43.1006,-93.7752
Britt,MN,47.6550,-92.6321
Brittany,LA,30.2119,-90.8814
Britton,MI,41.9887,-83.8377
Britton,SD,45.8023,-97.7418
Brixey,MO,36.7590,-92.4026
Broad Brook,CT,41.9114,-72.5437
Broad Run,VA,38.8236,-77.7133
Broad Top,PA,40.2019,-78.1406
Broadalbin,NY,43.0727,-74.1684
Broadbent,OR,42.9850,-124.1189
Broaddus,TX,31.2952,-94.2156
Broadford,VA,36.9330,-81.6594
Broadlands,IL,39.9142,-87.9948
Broadus,MT,45.4606,-105.4250
Broadview,IL,41.8639,-87.8533
Broadview,MT,46.0821,-108.8091
Broadview,NM,34.8040,-103.1292
Broadview Heights,OH,41.3291,-81.6809
Broadwater,NE,41.5825,-102.8225
Broadway,NC,35.4181,-79.0435
Broadway,NJ,40.7319,-75.0519
Broadway,OH,40.3411,-83.4122
Broadway,VA,38.6083,-78.7875
Brock,NE,40.4772,-95.9801
Brocket,ND,48.2255,-98.3559
Brockport,NY,43.2128,-77.9368
Brockport,PA,41.2822,-78.7128
Brockton,MA,42.0800,-71.0377
Brockton,MT,48.2101,-104.8548
Brockton,PA,40.7632,-76.0499
Brockway,MT,47.2485,-105.7776
Brockway,PA,41.2406,-78.8116
Brockwell,AR,36.1358,-91.9513
Brocton,IL,39.6923,-87.9263
Brocton,NY,42.3940,-79.4344
Brodhead,KY,37.3815,-84.4336
Brodhead,WI,42.6111,-89.3714
Brodheadsville,PA,40.9309,-75.4104
Brodnax,VA,36.7319,-77.9898
Brogan,OR,44.1994,-117.5904
Brogue,PA,39.8830,-76.4882
Brohard,WV,39.0338,-81.1775
Brohman,MI,43.6853,-85.8158
Brokaw,WI,45.0272,-89.6531
Broken Arrow,OK,35.9908,-95.8143
Broken Arrow,OK,36.0544,-95.7223
Broken Bow,NE,41.4126,-99.6355
Broken Bow,OK,34.0270,-94.7623
Bromide,OK,34.4183,-96.4967
Bronaugh,MO,37.6900,-94.4860
Bronson,FL,29.4610,-82.6356
Bronson,IA,42.4292,-96.1986
Bronson,KS,37.9214,-95.0303
Bronson,MI,41.8643,-85.1838
Bronson,TX,31.3391,-93.9993
Bronston,KY,36.9525,-84.6314
Bronte,TX,31.8789,-100.2988
Bronwood,GA,31.8308,-84.3644
Bronx,NY,40.8222,-73.9217
Bronxville,NY,40.9391,-73.8353
Brook,IN,40.8655,-87.3527
Brook Park,MN,45.9387,-92.9835
Brook Park,OH,41.3979,-81.8118
Brookdale,CA,37.1064,-122.1050
Brooke,VA,38.3875,-77.3800
Brookeland,TX,31.1063,-94.0036
Brooker,FL,29.9190,-82.2956
Brookesmith,TX,31.5176,-99.1277
Brookeville,MD,39.1871,-77.0603
Brookfield,CT,41.4650,-73.3980
Brookfield,GA,31.4183,-83.3911
Brookfield,IL,41.8217,-87.8492
Brookfield,MA,42.1991,-72.0989
Brookfield,MO,39.7846,-93.0719
Brookfield,NY,42.8075,-75.3439
Brookfield,OH,41.2480,-80.5788
Brookfield,VT,44.0321,-72.5953
Brookfield,WI,43.0622,-88.0980
Brookhaven,MS,31.5858,-90.4520
Brookhaven,NY,40.7843,-72.8921
Brookhaven,PA,39.8654,-75.3885
Brookings,OR,42.0640,-124.2678
Brookings,SD,44.3056,-96.7914
Brookland,AR,35.9165,-90.5762
Brooklandville,MD,39.4203,-76.6703
Brooklet,GA,32.2940,-81.6280
Brooklin,ME,44.2541,-68.5565
Brookline,MA,42.3302,-71.1304
Brookline,MO,37.1272,-93.3835
Brookline,NH,42.7384,-71.6663
Brookline Village,MA,42.3328,-71.1167
Brooklyn,AL,31.2625,-86.7711
Brooklyn,CT,41.7807,-71.9541
Brooklyn,IA,41.7321,-92.4285
Brooklyn,IN,39.5392,-86.3692
Brooklyn,MD,39.2333,-76.6150
Brooklyn,MI,42.1044,-84.2414
Brooklyn,MS,30.9989,-89.2337
Brooklyn,NY,40.6940,-73.9903
Brooklyn,PA,41.7511,-75.8072
Brooklyn,WI,42.8423,-89.3818
Brookneal,VA,37.0827,-78.9227
Brookport,IL,37.1387,-88.6119
Brooks,CA,38.7393,-122.1334
Brooks,GA,33.2984,-84.4769
Brooks,KY,38.0546,-85.7713
Brooks,ME,44.5678,-69.1404
Brooks,MN,47.8129,-96.0117
Brookshire,TX,29.8072,-95.9755
Brookside,AL,33.6378,-86.9167
Brookside,NJ,40.7942,-74.5683
Brookston,IN,40.6011,-86.8753
Brookston,MN,46.8384,-92.6430
Brookston,TX,33.6246,-95.6888
Brooksville,FL,28.5658,-82.3737
Brooksville,KY,38.6644,-84.0786
Brooksville,ME,44.3756,-68.7313
Brooksville,MS,33.2140,-88.5014
Brookton,ME,45.5686,-67.7078
Brooktondale,NY,42.3765,-76.3668
Brookville,IN,39.4213,-84.9994
Brookville,KS,38.7858,-97.8630
Brookville,OH,39.8414,-84.4165
Brookville,PA,41.1600,-79.0641
Brookwood,AL,33.2775,-87.3090
Broomall,PA,39.9747,-75.3602
Broomes Island,MD,38.4180,-76.5478
Broomfield,CO,39.8760,-105.1028
Broomfield,CO,39.9245,-105.0609
Brooten,MN,45.4932,-95.0900
Broseley,MO,36.7076,-90.2405
Brothers,OR,43.7789,-120.4770
Broughton,IL,37.9546,-88.4678
Broussard,LA,30.1219,-91.9502
Browder,KY,37.2593,-86.9782
Browerville,MN,46.0905,-94.8346
Brown City,MI,43.2171,-82.9978
Brownell,KS,38.6239,-99.7328
Brownfield,ME,43.9713,-70.9032
Brownfield,PA,39.8569,-79.7122
Brownfield,TX,33.1698,-102.2762
Browning,IL,40.1550,-90.3517
Browning,MO,40.0290,-93.1607
Browning,MT,48.5493,-113.0197
Browns,IL,38.3764,-87.9928
Browns Mills,NJ,39.9597,-74.5655
Browns Summit,NC,36.2019,-79.7101
Browns Valley,CA,39.2844,-121.3465
Browns Valley,MN,45.6069,-96.8063
Brownsboro,AL,34.7167,-86.4687
Brownsboro,TX,32.2905,-95.6229
Brownsburg,IN,39.8466,-86.3869
Brownsburg,VA,37.9283,-79.3194
Brownsdale,MN,43.7248,-92.8738
Brownstown,IL,38.9891,-88.9494
Brownstown,IN,38.8836,-86.0486
Brownstown,PA,40.1236,-76.2142
Brownstown,WA,46.4044,-120.6058
Brownsville,CA,39.4525,-121.2612
Brownsville,IN,39.6845,-84.9881
Brownsville,KY,37.1882,-86.2740
Brownsville,MD,39.3819,-77.6606
Brownsville,MN,43.6707,-91.3012
Brownsville,OH,39.9469,-82.2567
Brownsville,OR,44.3770,-122.9485
Brownsville,PA,40.0267,-79.9206
Brownsville,TN,35.6100,-89.2624
Brownsville,TX,25.9337,-97.5174
Brownsville,VT,43.4646,-72.4944
Brownsville,WI,43.6109,-88.5097
Brownton,MN,44.7281,-94.3306
Browntown,WI,42.5579,-89.7816
Brownville,ME,45.3412,-69.0423
Brownville,NE,40.3994,-95.6935
Brownville,NY,44.0069,-75.9844
Brownville Junction,ME,45.3500,-69.0528
Brownwood,MO,37.0808,-89.9544
Brownwood,TX,31.7047,-98.9752
Broxton,GA,31.6484,-82.9050
Bruce,MS,34.0066,-89.3484
Bruce,SD,44.4675,-96.9110
Bruce,WI,45.4479,-91.2906
Bruce Crossing,MI,46.5280,-89.1680
Bruceton,TN,36.0268,-88.2518
Bruceton Mills,WV,39.6454,-79.6159
Brucetown,VA,39.2544,-78.0669
Bruceville,IN,38.7563,-87.4313
Bruceville,TX,31.3267,-97.2342
Bruin,PA,41.0571,-79.7291
Bruington,VA,37.7801,-76.9402
Brule,NE,41.1002,-101.9099
Brule,WI,46.5763,-91.5539
Brumley,MO,38.0709,-92.4747
Brundidge,AL,31.7013,-85.8177
Bruneau,ID,42.7601,-115.6773
Bruner,MO,36.9990,-92.9692
Bruni,TX,27.4353,-98.8501
Bruning,NE,40.3302,-97.5573
Bruno,MN,46.2845,-92.6190
Bruno,NE,41.2718,-96.9646
Bruno,WV,37.6906,-81.8692
Brunson,SC,32.9413,-81.1807
Brunsville,IA,42.8097,-96.2689
Brunswick,GA,31.1697,-81.4930
Brunswick,MD,39.3164,-77.6230
Brunswick,ME,43.8976,-69.9555
Brunswick,MO,39.4374,-93.1187
Brunswick,NC,34.2867,-78.7014
Brunswick,NE,42.3510,-97.9440
Brunswick,OH,41.2471,-81.8280
Brunswick,TN,35.2672,-89.7686
Brusett,MT,47.3423,-107.5999
Brush,CO,40.2603,-103.6279
Brush Creek,TN,36.1107,-86.0203
Brush Prairie,WA,45.7304,-122.4843
Brush Valley,PA,40.5286,-79.0588
Brushton,NY,44.8282,-74.5223
Brusly,LA,30.3877,-91.2526
Brussels,IL,38.9371,-90.5907
Brussels,WI,44.7476,-87.6225
Brutus,MI,45.5068,-84.7467
Bryan,OH,41.4748,-84.5629
Bryan,TX,30.6327,-96.3662
Bryans Road,MD,38.6415,-77.0766
Bryant,AL,34.9450,-85.6324
Bryant,AR,34.6068,-92.4920
Bryant,FL,26.8589,-80.6339
Bryant,IA,41.9629,-90.3388
Bryant,IL,40.4831,-90.0661
Bryant,IN,40.5446,-84.9117
Bryant,SD,44.5987,-97.4537
Bryant,WI,45.2030,-88.9983
Bryant Pond,ME,44.3957,-70.6435
Bryantown,MD,38.5426,-76.8465
Bryants Store,KY,36.7831,-83.9307
Bryantsville,KY,37.7144,-84.6492
Bryantville,MA,42.0439,-70.8431
Bryce,UT,37.5700,-112.2950
Bryceville,FL,30.4193,-81.9724
Bryn Athyn,PA,40.1314,-75.0678
Bryn Mawr,CA,34.0483,-117.2300
Bryn Mawr,PA,40.0236,-75.3295
Bryson,TX,33.1595,-98.3703
Bryson City,NC,35.4241,-83.4392
Buchanan,GA,33.8283,-85.1506
Buchanan,MI,41.8327,-86.3708
Buchanan,ND,47.0409,-98.8112
Buchanan,NY,41.2583,-73.9412
Buchanan,TN,36.4146,-88.1515
Buchanan,VA,37.5284,-79.7053
Buchanan Dam,TX,30.7598,-98.4532
Buchtel,OH,39.4619,-82.1819
Buck Creek,IN,40.4878,-86.7614
Buck Hill Falls,PA,41.1878,-75.2661
Buckatunna,MS,31.5080,-88.5257
Buckeye,AZ,33.3890,-112.6077
Buckeye,IA,42.4172,-93.3747
Buckeye,WV,38.1815,-80.1393
Buckeye Lake,OH,39.9336,-82.4725
Buckeystown,MD,39.3347,-77.4319
Buckfield,ME,44.2877,-70.3683
Buckhannon,WV,38.9841,-80.2178
Buckhead,GA,33.5368,-83.3435
Buckholts,TX,30.8858,-97.1241
Buckhorn,KY,37.3010,-83.4936
Buckhorn,NM,32.8135,-108.4780
Buckingham,IA,42.2552,-92.4098
Buckingham,IL,41.0433,-88.1772
Buckingham,PA,40.3236,-75.0603
Buckingham,VA,37.5833,-78.5985
Buckland,AK,65.9811,-161.1317
Buckland,MA,42.6152,-72.7641
Buckland,OH,40.6228,-84.2600
Buckley,IL,40.6018,-88.0361
Buckley,MI,44.5199,-85.6935
Buckley,WA,47.1524,-122.0621
Bucklin,KS,37.5530,-99.6325
Bucklin,MO,39.8006,-92.8928
Buckman,MN,45.8975,-94.0933
Buckner,AR,33.3753,-93.4470
Buckner,IL,37.9669,-88.9780
Buckner,KY,38.3630,-85.4741
Buckner,MO,39.1303,-94.2062
Bucks,AL,31.0103,-88.0242
Buckskin,IN,38.2209,-87.4308
Bucksport,ME,44.6015,-68.7768
Bucoda,WA,46.7992,-122.8686
Bucyrus,KS,38.6870,-94.7429
Bucyrus,MO,37.3972,-92.0465
Bucyrus,OH,40.8103,-82.9698
Bud,WV,37.5375,-81.3794
Buda,IL,41.3140,-89.6795
Buda,TX,30.0918,-97.8534
Budd Lake,NJ,40.8731,-74.7426
Bude,MS,31.4628,-90.8500
Buellton,CA,34.6209,-120.1922
Buena,NJ,39.5370,-74.8895
Buena,WA,46.4289,-120.3122
Buena Park,CA,33.8406,-118.0114
Buena Vista,CO,38.8380,-106.1471
Buena Vista,GA,32.3542,-84.5273
Buena Vista,NM,35.9136,-105.2486
Buena Vista,PA,40.2786,-79.7919
Buena Vista,TN,35.9431,-88.2926
Buena Vista,VA,37.7396,-79.3523
Buffalo,IA,41.4564,-90.7233
Buffalo,IL,39.8472,-89.3888
Buffalo,IN,40.8825,-86.7453
Buffalo,KS,37.7011,-95.7014
Buffalo,KY,37.4786,-85.6434
Buffalo,MN,45.1814,-93.8635
Buffalo,MO,37.5498,-93.1042
Buffalo,MT,46.8056,-109.7231
Buffalo,ND,46.9264,-97.5352
Buffalo,NY,42.8967,-78.8846
Buffalo,OH,39.9158,-81.5203
Buffalo,OK,36.8359,-99.6048
Buffalo,SC,34.7247,-81.6826
Buffalo,SD,45.5740,-103.5826
Buffalo,TX,31.4572,-96.0585
Buffalo,WV,38.6092,-81.9500
Buffalo,WY,44.3485,-106.7073
Buffalo Center,IA,43.3732,-93.9376
Buffalo Creek,CO,39.3272,-105.3714
Buffalo Gap,SD,43.4958,-103.3157
Buffalo Gap,TX,32.2792,-99.8297
Buffalo Grove,IL,42.1598,-87.9644
Buffalo Junction,VA,36.6168,-78.6093
Buffalo Lake,MN,44.7709,-94.5912
Buffalo Mills,PA,39.9220,-78.6996
Buffalo Prairie,IL,41.3383,-90.8547
Buffalo Valley,TN,36.1833,-85.7589
Buford,GA,34.1313,-84.0267
Buford,OH,39.0767,-83.8442
Buford,WY,41.1421,-105.4697
Buhl,AL,33.2494,-87.7189
Buhl,ID,42.6008,-114.7825
Buhl,MN,47.4936,-92.7778
Buhler,KS,38.1309,-97.7691
Buies Creek,NC,35.4131,-78.7358
Bula,TX,33.8970,-102.6564
Bulan,KY,37.3282,-83.1585
Bulger,PA,40.4051,-80.3622
Bull Shoals,AR,36.3710,-92.5938
Bullard,TX,32.1357,-95.3750
Bullhead,SD,45.7667,-101.0833
Bullhead City,AZ,35.1678,-114.5430
Bullock,NC,36.5076,-78.5646
Bulls Gap,TN,36.3257,-83.0315
Bullville,NY,41.5442,-74.3619
Bulpitt,IL,39.5917,-89.4239
Bulverde,TX,29.7802,-98.4378
Bumpass,VA,37.8984,-77.7966
Bumpus Mills,TN,36.6226,-87.8614
Buna,TX,30.4132,-93.9913
Bunceton,MO,38.7468,-92.7927
Bunch,OK,35.7357,-94.7342
Buncombe,IL,37.4637,-88.9806
Bunker,MO,37.4772,-91.1927
Bunker Hill,IL,39.0408,-89.9624
Bunker Hill,IN,40.6423,-86.0961
Bunker Hill,KS,38.8357,-98.6783
Bunker Hill,WV,39.3276,-78.0487
Bunkerville,NV,36.7731,-114.1272
Bunkie,LA,30.9493,-92.1826
Bunn,NC,35.9608,-78.2539
Bunnell,FL,29.4562,-81.3244
Bunnlevel,NC,35.2811,-78.8552
Bunola,PA,40.2372,-79.9508
Buras,LA,29.3411,-89.4757
Burbank,CA,34.1862,-118.3009
Burbank,IL,41.7447,-87.7699
Burbank,OH,40.9637,-81.9958
Burbank,OK,36.6966,-96.7869
Burbank,SD,42.7638,-96.8466
Burbank,WA,46.2000,-119.0119
Burchard,NE,40.1057,-96.3488
Burden,KS,37.3209,-96.7570
Burdett,KS,38.2104,-99.5275
Burdett,NY,42.4394,-76.8292
Burdette,AR,35.8148,-89.9423
Burdick,KS,38.5674,-96.8396
Burdine,KY,37.1892,-82.5992
Bureau,IL,41.2892,-89.3664
Burfordville,MO,37.3632,-89.8206
Burgaw,NC,34.5487,-77.9403
Burgess,VA,37.8687,-76.3542
Burgettstown,PA,40.3901,-80.4445
Burghill,OH,41.3347,-80.5441
Burgin,KY,37.7517,-84.7683
Burgoon,OH,41.2680,-83.2475
Burkburnett,TX,34.0860,-98.5708
Burke,NY,44.9177,-74.1731
Burke,SD,43.2106,-99.2690
Burke,VA,38.7946,-77.2733
Burkes Garden,VA,37.0981,-81.3411
Burkesville,KY,36.8068,-85.3970
Burket,IN,41.1553,-85.9686
Burkett,TX,31.9986,-99.2553
Burkettsville,OH,40.3519,-84.6422
Burkeville,TX,31.0099,-93.6585
Burkeville,VA,37.1952,-78.1961
Burkittsville,MD,39.3971,-77.6265
Burleson,TX,32.5316,-97.3090
Burley,ID,42.5244,-113.7931
Burley,WA,47.4181,-122.6297
Burlingame,CA,37.5759,-122.3630
Burlingame,KS,38.7634,-95.8400
Burlingham,NY,41.5900,-74.3825
Burlington,CO,39.3106,-102.2583
Burlington,CT,41.7573,-72.9444
Burlington,IA,40.8087,-91.1170
Burlington,IL,42.0528,-88.5481
Burlington,IN,40.4803,-86.3947
Burlington,KS,38.2016,-95.7412
Burlington,KY,39.0324,-84.7414
Burlington,MA,42.5089,-71.2004
Burlington,ME,45.2184,-68.4427
Burlington,MI,42.1239,-85.1050
Burlington,NC,36.0720,-79.4622
Burlington,ND,48.2735,-101.4282
Burlington,NJ,40.0680,-74.8454
Burlington,OK,36.9036,-98.4215
Burlington,PA,41.7797,-76.6078
Burlington,TX,30.9457,-96.8853
Burlington,VT,44.4840,-73.2199
Burlington,WA,48.4786,-122.3345
Burlington,WI,42.6660,-88.2749
Burlington,WV,39.3887,-78.9123
Burlington,WY,44.4442,-108.4327
Burlington Flats,NY,42.7516,-75.1690
Burlington Junction,MO,40.4421,-95.0517
Burlison,TN,35.5399,-89.8177
Burna,KY,37.2315,-88.3942
Burnet,TX,30.7766,-98.2642
Burnett,WI,43.5116,-88.7176
Burnettsville,IN,40.7078,-86.5747
Burney,CA,40.8949,-121.6550
Burneyville,OK,33.9515,-97.3249
Burnham,ME,44.6848,-69.3800
Burnham,PA,40.6361,-77.5625
Burnips,MI,42.7319,-85.8394
Burns,CO,39.8739,-106.8850
Burns,KS,38.1222,-96.8634
Burns,OR,43.5145,-119.0504
Burns,TN,36.0471,-87.3061
Burns,WY,41.2003,-104.3155
Burns Flat,OK,35.3489,-99.1700
Burnside,IA,42.3413,-94.1143
Burnside,KY,36.9614,-84.5652
Burnside,LA,30.1386,-90.9239
Burnside,PA,40.8134,-78.7865
Burnsville,MN,44.7678,-93.2775
Burnsville,MS,34.8579,-88.3070
Burnsville,NC,35.9030,-82.2876
Burnsville,WV,38.8504,-80.6590
Burnt Cabins,PA,40.0753,-77.9017
Burnt Corn,AL,31.4580,-86.9258
Burnt Hills,NY,42.9329,-73.8960
Burnt Prairie,IL,38.2082,-88.2147
Burnt Ranch,CA,40.7722,-123.4612
Burnwell,AL,33.7078,-87.0875
Burr,NE,40.5601,-96.2384
Burr Hill,VA,38.3658,-77.8762
Burr Oak,KS,39.8932,-98.3499
Burr Oak,MI,41.8459,-85.3345
Burrel,CA,36.4883,-119.9842
Burrows,IN,40.6767,-86.5075
Burrton,KS,38.0261,-97.6666
Burson,CA,38.1839,-120.8894
Burt,IA,43.2062,-94.2122
Burt,MI,43.2404,-83.9511
Burt,NY,43.3221,-78.7141
Burt Lake,MI,45.4408,-84.7111
Burton,MI,43.0245,-83.6063
Burton,OH,41.4527,-81.1526
Burton,TX,30.1767,-96.5925
Burton,WA,47.3892,-122.4594
Burton,WV,39.6680,-80.4059
Burtonsville,MD,39.0922,-76.9339
Burtrum,MN,45.8880,-94.6962
Burwell,NE,41.8080,-99.0995
Busby,MT,45.5541,-106.8723
Bush,KY,37.0709,-83.9761
Bush,LA,30.6134,-89.9557
Bushkill,PA,41.1285,-75.0132
Bushland,TX,35.1919,-102.0642
Bushnell,FL,28.6611,-82.1553
Bushnell,IL,40.5539,-90.5060
Bushnell,NE,41.2139,-103.9075
Bushton,KS,38.5018,-98.4016
Bushwood,MD,38.2844,-76.7929
Buskirk,NY,42.9601,-73.4497
Bussey,IA,41.2094,-92.8963
Bustins Island,ME,43.7960,-70.0422
Busy,KY,37.2632,-83.3007
Butler,AL,32.0829,-88.2064
Butler,GA,32.5726,-84.2343
Butler,IL,39.2114,-89.5305
Butler,IN,41.4287,-84.8787
Butler,KY,38.8013,-84.3446
Butler,MD,39.5353,-76.7283
Butler,MO,38.2712,-94.3137
Butler,NJ,40.9921,-74.3641
Butler,OH,40.5438,-82.3990
Butler,OK,35.6336,-99.2427
Butler,PA,40.8621,-79.9027
Butler,TN,36.3282,-81.9856
Butler,WI,43.1054,-88.0710
Butlerville,IN,39.1206,-85.4944
Butner,NC,36.1359,-78.7636
Butte,MT,45.9916,-112.5178
Butte,ND,47.8119,-100.6604
Butte,NE,42.9124,-98.8459
Butte City,CA,39.4563,-121.9780
Butte Des Morts,WI,44.0994,-88.6539
Butte Falls,OR,42.5492,-122.5638
Butterfield,MN,43.9654,-94.7956
Butterfield,MO,36.7451,-93.9126
Butternut,WI,46.0184,-90.4821
Buttonwillow,CA,35.4033,-119.4659
Buttzville,NJ,40.8322,-75.0067
Buxton,ME,43.6616,-70.6015
Buxton,NC,35.2675,-75.5428
Buxton,ND,47.6163,-97.0893
Buxton,OR,45.7370,-123.2146
Buzzards Bay,MA,41.7529,-70.5932
Byars,OK,34.8904,-97.0997
Bybee,TN,36.0740,-83.1631
Byers,CO,39.6985,-104.2019
Byers,KS,37.7847,-98.9017
Byers,TX,34.0728,-98.1839
Byesville,OH,39.9623,-81.5485
Byfield,MA,42.7568,-70.9351
Byhalia,MS,34.8854,-89.6763
Bylas,AZ,33.1265,-110.1170
Bynum,AL,33.6131,-85.9611
Bynum,MT,47.9900,-112.2762
Bynum,NC,35.7739,-79.1425
Bynum,TX,31.9907,-96.9837
Bypro,KY,37.3036,-82.7044
Byram,MS,32.1932,-90.2708
Byrdstown,TN,36.5709,-85.1456
Byrnedale,PA,41.2865,-78.5051
Byromville,GA,32.1852,-83.8991
Byron,CA,37.9026,-121.6022
Byron,GA,32.6474,-83.7622
Byron,IL,42.1292,-89.2659
Byron,MI,42.8059,-83.9730
Byron,MN,44.0373,-92.6308
Byron,NE,40.0269,-97.7612
Byron,NY,43.0738,-78.0629
Byron,WY,44.7964,-108.5058
Byron Center,MI,42.8016,-85.7136
Caballo,NM,33.0135,-107.3471
Cabazon,CA,33.9086,-116.7739
Cabery,IL,40.9819,-88.1921
Cabin Creek,WV,38.1858,-81.5153
Cabin John,MD,38.9743,-77.1591
Cabins,WV,38.9512,-79.2783
Cable,OH,40.1784,-83.6470
Cable,WI,46.2172,-91.2244
Cabo Rojo,PR,18.0836,-67.1489
Cabool,MO,37.1314,-92.1144
Cabot,AR,34.9457,-92.0318
Cabot,PA,40.7797,-79.7709
Cabot,VT,44.4042,-72.3064
Cache,OK,34.6131,-98.6154
Cache Junction,UT,41.8356,-112.0019
Cactus,TX,36.0528,-101.9122
Caddo,OK,34.1157,-96.2600
Caddo,TX,32.6886,-98.6590
Caddo Gap,AR,34.3976,-93.5864
Caddo Mills,TX,33.0683,-96.2391
Cade,LA,30.0872,-91.9053
Cades,SC,33.8120,-79.8176
Cadet,MO,38.0125,-90.7439
Cadillac,MI,44.2504,-85.4300
Cadiz,KY,36.8464,-87.8412
Cadiz,OH,40.2645,-80.9962
Cadogan,PA,40.7539,-79.5798
Cadott,WI,44.9630,-91.1699
Cadwell,GA,32.3174,-83.0268
Cadyville,NY,44.6865,-73.6702
Caguas,PR,18.2297,-66.0458
Cahone,CO,37.6916,-108.5794
Cainsville,MO,40.4578,-93.7590
Cairnbrook,PA,40.1145,-78.8101
Cairo,GA,30.9517,-84.2048
Cairo,IL,37.0123,-89.1811
Cairo,MO,39.5114,-92.4400
Cairo,NE,41.0002,-98.6165
Cairo,NY,42.3096,-74.0115
Cairo,OH,40.8319,-84.0861
Cairo,WV,39.2325,-81.1554
Cal Nev Ari,NV,35.4653,-114.9189
Calabasas,CA,34.1419,-118.6641
Calabash,NC,33.9047,-78.5744
Calais,ME,45.1715,-67.2641
Calais,VT,44.3934,-72.4741
Calamus,IA,41.8111,-90.7416
Calcium,NY,44.0265,-75.8499
Calder,ID,47.2741,-116.2228
Caldwell,AR,35.0744,-90.8167
Caldwell,ID,43.6627,-116.7000
Caldwell,KS,37.0452,-97.6247
Caldwell,NJ,40.8491,-74.2768
Caldwell,OH,39.7467,-81.5153
Caldwell,TX,30.5298,-96.7143
Caldwell,WV,37.7735,-80.3773
Cale,AR,33.6164,-93.2650
Caledonia,IL,42.3835,-88.9185
Caledonia,MI,42.7964,-85.5622
Caledonia,MN,43.6221,-91.4837
Caledonia,MO,37.7639,-90.7409
Caledonia,MS,33.6865,-88.3145
Caledonia,ND,47.4576,-96.9085
Caledonia,NY,42.9567,-77.8493
Caledonia,OH,40.6272,-82.9925
Caledonia,WI,42.8295,-87.9228
Calera,AL,33.1098,-86.7560
Calera,OK,33.9289,-96.4102
Calexico,CA,32.6832,-115.5028
Calhan,CO,38.9648,-104.3553
Calhoun,GA,34.4965,-84.9345
Calhoun,IL,38.6351,-88.0037
Calhoun,KY,37.5750,-87.2773
Calhoun,LA,32.5248,-92.3299
Calhoun,MO,38.4858,-93.6459
Calhoun,TN,35.3746,-84.7381
Calhoun City,MS,33.8408,-89.3178
Calhoun Falls,SC,34.0999,-82.5805
Calico Rock,AR,36.1448,-92.1455
Caliente,CA,35.3568,-118.4103
Caliente,NV,37.6128,-114.5097
Califon,NJ,40.7162,-74.8152
California,KY,38.9006,-84.3098
California,MD,38.3006,-76.5312
California,MO,38.6224,-92.5456
California,PA,40.0625,-79.8953
California City,CA,35.1258,-117.9850
California Hot Springs,CA,35.8924,-118.6463
Calimesa,CA,33.9946,-117.0430
Calion,AR,33.3289,-92.5383
Calipatria,CA,33.1670,-115.5114
Calistoga,CA,38.5823,-122.5814
Call,TX,30.5741,-93.8334
Callahan,CA,41.3833,-122.7640
Callahan,FL,30.5520,-81.8145
Callands,VA,36.7647,-79.6288
Callao,MO,39.7448,-92.6351
Callao,VA,37.9773,-76.5732
Callaway,MD,38.2275,-76.5210
Callaway,MN,47.0076,-95.9440
Callaway,NE,41.2485,-99.9932
Callaway,VA,37.0285,-80.0496
Callender,IA,42.3494,-94.2820
Callensburg,PA,41.1324,-79.5570
Callery,PA,40.7406,-80.0367
Callicoon,NY,41.7754,-75.0257
Callicoon Center,NY,41.8367,-74.9469
Calliham,TX,28.4177,-98.4079
Calmar,IA,43.1974,-91.9126
Calpella,CA,39.1503,-123.2067
Calpine,CA,39.6517,-120.4442
Calumet,IA,42.9533,-95.5549
Calumet,MI,47.2427,-88.4427
Calumet,MN,47.3219,-93.2767
Calumet,OK,35.5948,-98.1900
Calumet,PA,40.2108,-79.4856
Calumet City,IL,41.6153,-87.5483
Calvary,GA,30.7267,-84.3497
Calvert,AL,31.1606,-88.0311
Calvert,TX,30.9782,-96.6711
Calvert City,KY,37.0147,-88.3811
Calverton,NY,40.9297,-72.7423
Calverton,VA,38.6319,-77.6708
Calvin,KY,36.7078,-83.7371
Calvin,LA,31.9656,-92.7756
Calvin,ND,48.8084,-98.9242
Calvin,OK,34.8780,-96.2710
Calvin,PA,40.2987,-78.0237
Calvin,WV,38.3277,-80.7016
Calypso,NC,35.1536,-78.1056
Camak,GA,33.4533,-82.6461
Camanche,IA,41.7886,-90.2709
Camano Island,WA,48.1917,-122.5139
Camargo,IL,39.8000,-88.1468
Camargo,OK,36.0212,-99.2781
Camarillo,CA,34.2313,-119.0464
Camas,WA,45.6058,-122.4142
Camas Valley,OR,43.0557,-123.6655
Cambra,PA,41.1981,-76.3061
Cambria,CA,35.5566,-121.0840
Cambria,IL,37.7814,-89.1192
Cambria,WI,43.5724,-89.1156
Cambria Heights,NY,40.6947,-73.7374
Cambridge,IA,41.9025,-93.5305
Cambridge,ID,44.5922,-116.6757
Cambridge,IL,41.3114,-90.1805
Cambridge,KS,37.3583,-96.6639
Cambridge,MA,42.3770,-71.1256
Cambridge,MD,38.5643,-76.0874
Cambridge,ME,45.0513,-69.4419
Cambridge,MN,45.5576,-93.2889
Cambridge,NE,40.2808,-100.1676
Cambridge,NY,43.0466,-73.3814
Cambridge,OH,40.0305,-81.5913
Cambridge,VT,44.6510,-72.8657
Cambridge,WI,42.9918,-89.0209
Cambridge City,IN,39.8182,-85.1685
Cambridge Springs,PA,41.7946,-80.0280
Cambridgeport,VT,43.1534,-72.5655
Camby,IN,39.6405,-86.3118
Camden,AL,32.0047,-87.2950
Camden,AR,33.5759,-92.8334
Camden,IL,40.1511,-90.7544
Camden,IN,40.5996,-86.5152
Camden,ME,44.2137,-69.0767
Camden,MI,41.7361,-84.7245
Camden,MO,39.2048,-94.0259
Camden,MS,32.7948,-89.8928
Camden,NC,36.3250,-76.1500
Camden,NJ,39.9258,-75.1200
Camden,NY,43.3392,-75.7543
Camden,OH,39.6134,-84.6100
Camden,SC,34.2696,-80.5910
Camden,TN,36.0556,-88.1119
Camden,TX,30.9169,-94.7342
Camden,WV,39.0893,-80.5915
Camden On Gauley,WV,38.3792,-80.5914
Camden Point,MO,39.4515,-94.7444
Camden Wyoming,DE,39.0991,-75.5966
Camdenton,MO,38.0185,-92.7677
Cameron,AZ,35.7163,-111.4088
Cameron,IL,40.8890,-90.5001
Cameron,LA,29.8649,-93.2777
Cameron,MO,39.7309,-94.2437
Cameron,MT,45.1390,-111.6508
Cameron,NC,35.3136,-79.2688
Cameron,NY,42.2128,-77.4403
Cameron,OH,39.7669,-80.9450
Cameron,OK,35.1494,-94.5060
Cameron,SC,33.5578,-80.6466
Cameron,TX,30.8527,-96.9766
Cameron,WI,45.4038,-91.7310
Cameron,WV,39.8227,-80.5669
Cameron Mills,NY,42.1925,-77.3650
Camilla,GA,31.2199,-84.2297
Camillus,NY,43.0417,-76.2807
Camino,CA,38.7449,-120.6720
Cammal,PA,41.3809,-77.4620
Camp,AR,36.4025,-91.7262
Camp Creek,WV,37.4841,-81.1111
Camp Crook,SD,45.5953,-103.9632
Camp Dennison,OH,39.1962,-84.2897
Camp Douglas,WI,43.9367,-90.2689
Camp Grove,IL,41.0789,-89.6331
Camp H M Smith,HI,21.3860,-157.9078
Camp Hill,AL,32.7827,-85.6474
Camp Hill,PA,40.2397,-76.9202
Camp Lake,WI,42.5347,-88.1436
Camp Lejeune,NC,34.6658,-77.3373
Camp Meeker,CA,38.4253,-122.9583
Camp Murray,WA,47.1170,-122.5663
Camp Nelson,CA,36.1303,-118.8172
Camp Pendleton,CA,33.3279,-117.4095
Camp Point,IL,40.0293,-91.0769
Camp Sherman,OR,44.4550,-121.6394
Camp Verde,AZ,34.5697,-111.8551
Camp Wood,TX,29.6795,-100.0084
Campaign,TN,35.7708,-85.6286
Campbell,AL,31.9635,-88.0061
Campbell,CA,37.2800,-121.9554
Campbell,MN,46.1296,-96.4372
Campbell,MO,36.5197,-90.0829
Campbell,NE,40.2967,-98.7370
Campbell,NY,42.2386,-77.2066
Campbell,OH,41.0778,-80.5897
Campbell,TX,33.1510,-95.9439
Campbell Hall,NY,41.4430,-74.2505
Campbell Hill,IL,37.9228,-89.5799
Campbellsburg,IN,38.6690,-86.2358
Campbellsburg,KY,38.5231,-85.1611
Campbellsport,WI,43.6042,-88.2729
Campbellsville,KY,37.3466,-85.3508
Campbellton,FL,30.9563,-85.3766
Campbellton,TX,28.7670,-98.2566
Campbelltown,PA,40.2775,-76.5856
Campo,CA,32.6605,-116.4905
Campo,CO,37.1195,-102.5464
Campo Seco,CA,38.2272,-120.8522
Campobello,SC,35.1080,-82.1403
Campti,LA,31.8959,-93.0936
Campton,KY,37.7502,-83.5164
Campton,NH,43.8885,-71.6361
Camptonville,CA,39.4508,-121.0231
Camptown,PA,41.7311,-76.2350
Campus,IL,41.0233,-88.3061
Camuy,PR,18.4858,-66.8453
Cana,VA,36.5957,-80.6705
Canaan,CT,42.0248,-73.3232
Canaan,IN,38.8696,-85.2689
Canaan,ME,44.7450,-69.5498
Canaan,NH,43.6601,-72.0297
Canaan,NY,42.4132,-73.4159
Canaan,VT,44.9764,-71.5602
Canada,KY,37.6378,-82.3533
Canadensis,PA,41.2338,-75.2573
Canadian,OK,35.1593,-95.6530
Canadian,TX,35.8859,-100.3539
Canadys,SC,33.0567,-80.6200
Canajoharie,NY,42.8824,-74.5835
Canal Fulton,OH,40.8887,-81.5773
Canal Point,FL,26.8593,-80.6299
Canal Winchester,OH,39.8349,-82.8044
Canalou,MO,36.7550,-89.6869
Canandaigua,NY,42.8689,-77.2846
Canaseraga,NY,42.4585,-77.7954
Canastota,NY,43.0878,-75.7602
Canby,CA,41.4664,-120.9218
Canby,MN,44.7202,-96.2784
Canby,OR,45.2514,-122.6832
Candia,NH,43.0585,-71.3049
Candler,FL,29.0711,-81.9683
Candler,NC,35.5376,-82.7001
Cando,ND,48.4855,-99.1946
Candor,NC,35.2234,-79.7876
Candor,NY,42.2063,-76.3322
Cane Valley,KY,37.1803,-85.3197
Caneadea,NY,42.3703,-78.1973
Canehill,AR,35.9110,-94.3862
Caney,KS,37.0224,-95.9091
Caney,OK,34.2221,-96.2584
Caneyville,KY,37.4222,-86.4702
Canfield,OH,41.0293,-80.7564
Canisteo,NY,42.2635,-77.5897
Canistota,SD,43.5856,-97.2889
Canjilon,NM,36.4800,-106.4350
Canmer,KY,37.2696,-85.7203
Cannel City,KY,37.7900,-83.2742
Cannelburg,IN,38.6947,-86.9669
Cannelton,IN,37.9109,-86.7326
Cannelton,WV,38.1942,-81.2961
Cannon,KY,36.9489,-83.8425
Cannon Afb,NM,34.3981,-103.3297
Cannon Ball,ND,46.3874,-100.5975
Cannon Beach,OR,45.8819,-123.9631
Cannon Falls,MN,44.4960,-92.8640
Cannonsburg,MI,43.0539,-85.4697
Cannonville,UT,37.5669,-112.0531
Canoga Park,CA,34.1993,-118.5983
Canon,GA,34.3478,-83.1267
Canon City,CO,38.4451,-105.2178
Canones,NM,36.1867,-106.4383
Canonsburg,PA,40.2707,-80.1532
Canova,SD,43.8855,-97.5342
Canovanas,PR,18.3797,-65.9067
Canterbury,CT,41.6844,-72.0010
Canterbury,NH,43.3570,-71.5570
Cantil,CA,35.2826,-117.9939
Canton,CT,41.8384,-72.8987
Canton,GA,34.2059,-84.4578
Canton,IL,40.5601,-90.0242
Canton,KS,38.3858,-97.4291
Canton,MA,42.1645,-71.1355
Canton,ME,44.4189,-70.3217
Canton,MI,42.3320,-83.4695
Canton,MN,43.5667,-91.9130
Canton,MO,40.1437,-91.5480
Canton,MS,32.6205,-90.0061
Canton,NC,35.5127,-82.8413
Canton,NY,44.5924,-75.1628
Canton,OH,40.7962,-81.3768
Canton,OH,40.8270,-81.3853
Canton,OK,36.0372,-98.5778
Canton,PA,41.6538,-76.8582
Canton,SD,43.3038,-96.5938
Canton,TX,32.5143,-95.9047
Canton Center,CT,41.8716,-72.9058
Cantonment,FL,30.6143,-87.3251
Cantrall,IL,39.9113,-89.6643
Cantril,IA,40.6546,-92.0465
Cantua Creek,CA,36.4921,-120.3353
Cantwell,AK,63.3955,-148.8973
Canute,OK,35.4037,-99.2816
Canutillo,TX,31.9344,-106.5929
Canvas,WV,38.2624,-80.7446
Canyon,CA,37.8317,-122.1867
Canyon,MN,47.0785,-92.4594
Canyon,TX,34.9772,-101.9247
Canyon City,OR,44.4100,-118.9502
Canyon Country,CA,34.4262,-118.4490
Canyon Creek,MT,46.7627,-112.2795
Canyon Dam,CA,40.2080,-121.1563
Canyon Lake,TX,29.8710,-98.2494
Canyonville,OR,42.9307,-123.2780
Capac,MI,43.0200,-82.9252
Capay,CA,38.6970,-122.1010
Cape Canaveral,FL,28.3903,-80.6043
Cape Charles,VA,37.2799,-75.9721
Cape Coral,FL,26.5775,-81.9522
Cape Elizabeth,ME,43.6017,-70.2301
Cape Fair,MO,36.6938,-93.5243
Cape Girardeau,MO,37.3169,-89.5459
Cape May,NJ,38.9692,-74.9262
Cape May Court House,NJ,39.1014,-74.8268
Cape May Point,NJ,38.9372,-74.9697
Cape Neddick,ME,43.2133,-70.6397
Cape Porpoise,ME,43.3725,-70.4386
Cape Vincent,NY,44.1244,-76.3164
Capeville,VA,37.2028,-75.9575
Capistrano Beach,CA,33.4591,-117.6627
Capitan,NM,33.5602,-105.5269
Capitol,MT,45.4732,-104.1462
Capitol Heights,MD,38.8847,-76.9108
Capitola,CA,36.9774,-121.9521
Caplinger Mills,MO,37.7942,-93.8042
Capon Bridge,WV,39.2802,-78.4644
Capon Springs,WV,39.1361,-78.4847
Caprock,NM,33.3939,-103.6390
Capron,IL,42.4087,-88.7465
Capron,VA,36.7243,-77.2394
Capshaw,AL,34.7731,-86.7928
Captain Cook,HI,19.4386,-155.8875
Captiva,FL,26.7505,-82.2610
Capulin,CO,37.2839,-106.1108
Capulin,NM,36.7475,-103.9936
Caputa,SD,43.9801,-103.0234
Caratunk,ME,45.2410,-69.9386
Caraway,AR,35.7590,-90.3358
Carbon,IA,41.0500,-94.8231
Carbon,IN,39.5746,-87.0645
Carbon,TX,32.2701,-98.8348
Carbon Cliff,IL,41.4947,-90.3906
Carbon Hill,AL,33.9093,-87.5403
Carbon Hill,OH,39.5017,-82.2447
Carbonado,WA,47.0802,-122.0513
Carbondale,CO,39.3854,-107.1710
Carbondale,IL,37.7200,-89.2158
Carbondale,KS,38.8206,-95.6871
Carbondale,OH,39.3778,-82.2711
Carbondale,PA,41.5835,-75.5074
Cardale,PA,39.9567,-79.8664
Cardiff,AL,33.6456,-86.9336
Cardiff By The Sea,CA,33.0253,-117.2744
Cardin,OK,36.9725,-94.8486
Cardinal,VA,37.4273,-76.3940
Cardington,OH,40.5066,-82.9337
Cardwell,MO,36.0434,-90.2907
Cardwell,MT,45.8941,-111.7809
Carefree,AZ,33.8222,-111.9175
Carencro,LA,30.3244,-92.0423
Caret,VA,37.9713,-76.9153
Carey,ID,43.2744,-113.8926
Carey,OH,40.9486,-83.3836
Careywood,ID,48.0625,-116.5988
Caribou,ME,46.8706,-68.0204
Carl Junction,MO,37.1795,-94.5550
Carle Place,NY,40.7512,-73.6119
Carleton,MI,42.0529,-83.3755
Carleton,NE,40.3005,-97.6719
Carlin,NV,40.7172,-116.1082
Carlinville,IL,39.2798,-89.8889
Carlisle,AR,34.7933,-91.7459
Carlisle,IA,41.4814,-93.4921
Carlisle,IN,38.9763,-87.3667
Carlisle,KY,38.3212,-84.0279
Carlisle,MA,42.5286,-71.3519
Carlisle,NY,42.7498,-74.4563
Carlisle,PA,40.2039,-77.1995
Carlisle,SC,34.6143,-81.5091
Carlock,IL,40.6029,-89.1098
Carlos,MN,45.9726,-95.3105
Carlotta,CA,40.5070,-123.9743
Carlsbad,CA,33.1602,-117.3250
Carlsbad,NM,32.4119,-104.2395
Carlsbad,TX,31.5980,-100.6275
Carlsborg,WA,48.0908,-123.1708
Carlstadt,NJ,40.8403,-74.0925
Carlton,AL,31.3224,-87.8378
Carlton,GA,33.9852,-83.0038
Carlton,MN,46.6484,-92.4710
Carlton,OR,45.2859,-123.1523
Carlton,PA,41.4815,-80.0203
Carlton,TX,31.9114,-98.1525
Carlton,WA,48.2526,-120.1055
Carlyle,IL,38.6066,-89.3805
Carman,IL,40.7551,-91.0564
Carmel,CA,36.4478,-121.8395
Carmel,IN,39.9712,-86.1245
Carmel,ME,44.8053,-68.9942
Carmel,NY,41.4432,-73.6815
Carmel By The Sea,CA,36.5546,-121.9203
Carmel Valley,CA,36.4787,-121.7244
Carmen,ID,45.2550,-113.8573
Carmen,OK,36.5842,-98.4578
Carmi,IL,38.0808,-88.1670
Carmichael,CA,38.6284,-121.3287
Carmichaels,PA,39.8825,-79.9710
Carmine,TX,30.1404,-96.6861
Carnation,WA,47.6380,-121.9111
Carnegie,OK,35.1235,-98.5755
Carnegie,PA,40.4029,-80.0915
Carnelian Bay,CA,39.2319,-120.0753
Carnesville,GA,34.3947,-83.2792
Carney,MI,45.5917,-87.5439
Carney,OK,35.8054,-97.0159
Caro,MI,43.4833,-83.3835
Caroga Lake,NY,43.1922,-74.5169
Carol Stream,IL,41.9166,-88.1209
Caroleen,NC,35.2808,-81.7964
Carolina,PR,18.4353,-66.0143
Carolina,RI,41.4694,-71.6503
Carolina,WV,39.4803,-80.2736
Carolina Beach,NC,34.0366,-77.8963
Caroline,WI,44.7276,-88.8887
Carp Lake,MI,45.7424,-84.7735
Carpenter,IA,43.4150,-93.0147
Carpenter,SD,44.6648,-97.9168
Carpenter,WY,41.0428,-104.2765
Carpentersville,IL,42.1230,-88.2606
Carpinteria,CA,34.4036,-119.5183
Carpio,ND,48.4323,-101.7119
Carr,CO,40.8666,-104.8859
Carrabelle,FL,29.8692,-84.6358
Carrboro,NC,35.9124,-79.0818
Carrie,KY,37.2980,-83.0415
Carrier,OK,36.5189,-97.9997
Carrier Mills,IL,37.6782,-88.6127
Carriere,MS,30.6178,-89.5779
Carrington,ND,47.4539,-99.1082
Carrizo Springs,TX,28.5278,-99.8635
Carrizozo,NM,33.6496,-105.8696
Carroll,IA,42.0720,-94.8667
Carroll,NE,42.2770,-97.1926
Carroll,OH,39.7957,-82.7084
Carrolls,WA,46.0717,-122.8611
Carrollton,AL,33.2485,-88.1321
Carrollton,GA,33.5809,-85.0792
Carrollton,IL,39.3009,-90.4092
Carrollton,KY,38.6696,-85.1730
Carrollton,MI,43.4586,-83.9303
Carrollton,MO,39.3673,-93.4926
Carrollton,MS,33.5208,-89.9506
Carrollton,OH,40.5787,-81.0818
Carrollton,TX,32.9657,-96.8825
Carrollton,TX,33.0033,-96.8820
Carrollton,VA,36.9550,-76.5430
Carrolltown,PA,40.5891,-78.7037
Carrsville,VA,36.7454,-76.8365
Carson,CA,33.8230,-118.2684
Carson,IA,41.2253,-95.3681
Carson,MS,31.5585,-89.7758
Carson,ND,46.4624,-101.5387
Carson,NM,36.3644,-105.7647
Carson,VA,37.0393,-77.4351
Carson,WA,45.7493,-121.8351
Carson City,MI,43.1695,-84.8653
Carson City,NV,39.0891,-119.7829
Carson City,NV,39.1507,-119.7459
Carsonville,MI,43.4258,-82.6022
Carter,KY,38.4586,-83.1861
Carter,MT,47.7810,-110.9786
Carter,OK,35.2208,-99.4822
Carter Lake,IA,41.2925,-95.9141
Carteret,NJ,40.5823,-74.2313
Cartersville,GA,34.1870,-84.8204
Cartersville,VA,37.6413,-78.1287
Carterville,IL,37.7748,-89.0978
Carterville,MO,37.1507,-94.4359
Carthage,AR,34.0636,-92.6262
Carthage,IL,40.4129,-91.1005
Carthage,IN,39.7466,-85.5754
Carthage,MO,37.1597,-94.3112
Carthage,MS,32.7886,-89.5353
Carthage,NC,35.3061,-79.3969
Carthage,NY,43.9810,-75.6160
Carthage,SD,44.1496,-97.7116
Carthage,TN,36.2556,-85.9697
Carthage,TX,32.1544,-94.3527
Cartwright,ND,47.7992,-103.9487
Cartwright,OK,33.8846,-96.5519
Caruthers,CA,36.5358,-119.8446
Caruthersville,MO,36.1802,-89.6683
Carver,MA,41.8883,-70.7678
Carver,MN,44.7169,-93.6879
Carversville,PA,40.3908,-75.0631
Carville,LA,30.2208,-91.1025
Cary,IL,42.2196,-88.2426
Cary,MS,32.8058,-90.9267
Cary,NC,35.7641,-78.7786
Caryville,FL,30.7969,-85.7998
Caryville,TN,36.2854,-84.1898
Casa,AR,35.0322,-93.0470
Casa Blanca,NM,35.0352,-107.4339
Casa Grande,AZ,32.8927,-111.7561
Casanova,VA,38.6575,-77.7172
Casar,NC,35.5145,-81.6357
Cascade,CO,38.9213,-104.9937
Cascade,IA,42.2870,-91.0144
Cascade,ID,44.4933,-116.0277
Cascade,MD,39.7073,-77.4956
Cascade,MO,37.2994,-90.2692
Cascade,MT,47.2912,-111.7223
Cascade,VA,36.5927,-79.6574
Cascade,WI,43.6591,-88.0947
Cascade Locks,OR,45.6714,-121.8824
Cascadia,OR,44.3922,-122.4642
Cascilla,MS,33.9079,-90.0362
Casco,ME,43.9596,-70.5260
Casco,MI,42.7681,-82.6703
Casco,WI,44.5833,-87.6231
Caseville,MI,43.9429,-83.2659
Casey,IA,41.4961,-94.4145
Casey,IL,39.3017,-87.9913
Caseyville,IL,38.6345,-90.0135
Cash,AR,35.8301,-90.9410
Cashiers,NC,35.0971,-83.0871
Cashion,AZ,33.4353,-112.2972
Cashion,OK,35.8000,-97.6795
Cashmere,WA,47.5173,-120.5033
Cashton,WI,43.7456,-90.7612
Cashtown,PA,39.8844,-77.3597
Casmalia,CA,34.8381,-120.5303
Casnovia,MI,43.2381,-85.8254
Cason,TX,33.0386,-94.8147
Caspar,CA,39.3651,-123.7985
Casper,WY,42.8458,-106.3166
Caspian,MI,46.0642,-88.6314
Cass,WV,38.4337,-79.8853
Cass City,MI,43.5797,-83.1733
Cass Lake,MN,47.3516,-94.6119
Cassadaga,FL,28.9661,-81.2361
Cassadaga,NY,42.3504,-79.2993
Cassandra,PA,40.4086,-78.6408
Cassatt,SC,34.3424,-80.5000
Casscoe,AR,34.4736,-91.3248
Cassel,CA,40.9078,-121.5245
Casselberry,FL,28.6617,-81.3122
Casselton,ND,46.8992,-97.2138
Cassoday,KS,38.0298,-96.6746
Cassopolis,MI,41.8968,-85.9923
Casstown,OH,40.0716,-84.1088
Cassville,GA,34.2447,-84.8522
Cassville,MO,36.6784,-93.8467
Cassville,NY,42.9069,-75.2607
Cassville,PA,40.2940,-78.0272
Cassville,WI,42.7288,-90.9608
Cassville,WV,39.6656,-80.0639
Castaic,CA,34.4889,-118.6219
Castalia,IA,43.1612,-91.6629
Castalia,NC,36.0901,-78.0705
Castalia,OH,41.3872,-82.7994
Castalian Springs,TN,36.3821,-86.3155
Castana,IA,42.1054,-95.9431
Castanea,PA,41.1247,-77.4300
Castaner,PR,18.2165,-66.8681
Castell,TX,30.6974,-98.9319
Castella,CA,41.1386,-122.3167
Castile,NY,42.6359,-78.0547
Castine,ME,44.4675,-68.7192
Castle,OK,35.4732,-96.3791
Castle Creek,NY,42.2568,-75.9087
Castle Dale,UT,39.2122,-111.0189
Castle Hayne,NC,34.3236,-77.9108
Castle Point,NY,41.5461,-73.9600
Castle Rock,CO,39.3926,-104.8602
Castle Rock,MN,44.5942,-93.1092
Castle Rock,WA,46.2783,-122.9139
Castleberry,AL,31.3261,-87.0268
Castleford,ID,42.5210,-114.8734
Castleton,IL,41.1178,-89.7061
Castleton,VA,38.6032,-78.1208
Castleton,VT,43.6223,-73.1708
Castleton On Hudson,NY,42.5382,-73.7095
Castlewood,SD,44.7313,-97.0204
Castlewood,VA,36.8764,-82.2876
Castor,LA,32.2452,-93.0936
Castorland,NY,43.8843,-75.4604
Castro Valley,CA,37.7015,-122.0782
Castroville,CA,36.7714,-121.7474
Castroville,TX,29.3553,-98.8824
Cat Spring,TX,29.7512,-96.3900
Cataldo,ID,47.5522,-116.4431
Catalina,AZ,32.4972,-110.9236
Catano,PR,18.4375,-66.1410
Cataract,WI,44.0878,-90.8422
Catarina,TX,28.3453,-99.6131
Catasauqua,PA,40.6557,-75.4693
Cataula,GA,32.6242,-84.9207
Cataumet,MA,41.6661,-70.6203
Catawba,NC,35.6757,-81.0503
Catawba,OH,39.9992,-83.6217
Catawba,SC,34.8507,-80.9342
Catawba,VA,37.3696,-80.1284
Catawba,WI,45.5081,-90.5146
Catawissa,MO,38.4362,-90.7617
Catawissa,PA,40.9180,-76.4416
Catharine,KS,38.9603,-99.2160
Catharpin,VA,38.8542,-77.5722
Cathay,ND,47.5499,-99.4297
Cathedral City,CA,33.8098,-116.4665
Catherine,AL,32.1820,-87.4836
Catheys Valley,CA,37.4414,-120.0690
Cathlamet,WA,46.1954,-123.3627
Catlett,VA,38.6536,-77.6408
Catlettsburg,KY,38.3799,-82.6321
Catlin,IL,40.0699,-87.7113
Cato,NY,43.1794,-76.5648
Catonsville,MD,39.2782,-76.7401
Catoosa,OK,36.1721,-95.7273
Catron,MO,36.6876,-89.7706
Catskill,NY,42.2276,-73.8985
Cattaraugus,NY,42.3333,-78.8885
Caulfield,MO,36.6035,-92.0678
Causey,NM,33.8929,-103.1502
Cavalier,ND,48.7943,-97.6572
Cave City,AR,35.9517,-91.5444
Cave City,KY,37.1170,-85.9443
Cave Creek,AZ,33.8333,-111.9500
Cave In Rock,IL,37.5179,-88.2220
Cave Junction,OR,42.1348,-123.6272
Cave Spring,GA,34.1167,-85.3379
Cave Springs,AR,36.2668,-94.2078
Cavendish,VT,43.3766,-72.6092
Cavetown,MD,39.6442,-77.5861
Cavour,SD,44.3650,-98.0208
Cawker City,KS,39.5115,-98.4335
Cawood,KY,36.7462,-83.2657
Cayce,SC,33.9626,-81.0671
Cayey,PR,18.1134,-66.1521
Cayucos,CA,35.4446,-120.8908
Cayuga,IN,39.9300,-87.4590
Cayuga,ND,46.1326,-97.4059
Cayuga,NY,42.9142,-76.7024
Cayuga,TX,31.9569,-95.9744
Cayuta,NY,42.2774,-76.6974
Cazadero,CA,38.5663,-123.1829
Cazenovia,NY,42.9380,-75.8392
Cazenovia,WI,43.4987,-90.2796
Cebolla,NM,36.5383,-106.4858
Cecil,AL,32.3009,-86.0112
Cecil,AR,35.4342,-93.9429
Cecil,GA,31.0453,-83.3922
Cecil,OH,41.2174,-84.6296
Cecil,PA,40.3228,-80.2044
Cecil,WI,44.8110,-88.4183
Cecilia,KY,37.6603,-86.0060
Cecilia,LA,30.3369,-91.8531
Cecilton,MD,39.4015,-75.8654
Cedar,IA,41.2121,-92.5090
Cedar,KS,39.6602,-98.9369
Cedar,MI,44.8370,-85.7453
Cedar,MN,45.3365,-93.2658
Cedar Bluff,AL,34.2417,-85.6026
Cedar Bluff,VA,37.0791,-81.7668
Cedar Bluffs,NE,41.3835,-96.5691
Cedar Brook,NJ,39.7153,-74.9011
Cedar City,UT,37.6895,-113.0745
Cedar Creek,NE,41.0367,-96.0992
Cedar Creek,TX,30.0966,-97.4976
Cedar Crest,NM,35.1285,-106.3617
Cedar Falls,IA,42.5241,-92.4497
Cedar Falls,NC,35.7519,-79.7317
Cedar Glen,CA,34.2539,-117.1639
Cedar Grove,IN,39.3459,-84.8924
Cedar Grove,NC,36.2020,-79.1666
Cedar Grove,NJ,40.8534,-74.2297
Cedar Grove,TN,35.8613,-88.5517
Cedar Grove,WI,43.5751,-87.8401
Cedar Grove,WV,38.2133,-81.4067
Cedar Hill,MO,38.3573,-90.6498
Cedar Hill,TN,36.5062,-87.0275
Cedar Hill,TX,32.5885,-96.9438
Cedar Island,NC,35.0749,-76.0805
Cedar Key,FL,29.1710,-83.0168
Cedar Knolls,NJ,40.8223,-74.4569
Cedar Lake,IN,41.3773,-87.4445
Cedar Lake,MI,43.4061,-84.9750
Cedar Lane,TX,28.9383,-95.7364
Cedar Mountain,NC,35.1433,-82.6431
Cedar Park,TX,30.4772,-97.8176
Cedar Point,IL,41.2631,-89.1256
Cedar Point,KS,38.2798,-96.7754
Cedar Rapids,IA,41.9743,-91.6554
Cedar Rapids,NE,41.5564,-98.1554
Cedar Ridge,CA,39.1989,-121.0200
Cedar Run,PA,41.4990,-77.4889
Cedar Springs,GA,31.1833,-85.0381
Cedar Springs,MI,43.2215,-85.5452
Cedar Vale,KS,37.1265,-96.4701
Cedar Valley,UT,40.1425,-111.9690
Cedarbluff,MS,33.6162,-88.8267
Cedarburg,WI,43.3034,-88.0029
Cedarcreek,MO,36.5710,-93.0172
Cedaredge,CO,38.9119,-107.9268
Cedarhurst,NY,40.6236,-73.7264
Cedarpines Park,CA,34.2500,-117.3250
Cedars,PA,40.2125,-75.3689
Cedartown,GA,34.0112,-85.2459
Cedarvale,NM,34.3880,-105.7345
Cedarville,AR,35.5902,-94.3446
Cedarville,CA,41.4759,-120.1516
Cedarville,IL,42.3758,-89.6331
Cedarville,MI,46.0024,-84.3488
Cedarville,NJ,39.3370,-75.1994
Cedarville,OH,39.7484,-83.8013
Cedarville,WV,38.8397,-80.8403
Cee Vee,TX,34.2231,-100.4453
Ceiba,PR,18.2531,-65.6560
Celeste,TX,33.2649,-96.2076
Celestine,IN,38.3878,-86.7568
Celina,OH,40.5461,-84.5701
Celina,TN,36.5475,-85.4966
Celina,TX,33.3103,-96.7673
Celoron,NY,42.1094,-79.2833
Cement,OK,34.9321,-98.1466
Cement City,MI,42.0604,-84.3254
Centenary,SC,34.0308,-79.3558
Centennial,WY,41.3391,-105.9945
Center,CO,37.7343,-106.0906
Center,KY,37.1009,-85.6705
Center,MO,39.5154,-91.5398
Center,ND,47.1219,-101.3286
Center,NE,42.6025,-97.8836
Center,TX,31.7865,-94.1869
Center Barnstead,NH,43.3566,-71.2424
Center City,MN,45.3939,-92.8164
Center Cross,VA,37.7929,-76.7548
Center Harbor,NH,43.7107,-71.4797
Center Hill,FL,28.6635,-81.9963
Center Junction,IA,42.0926,-91.0670
Center Line,MI,42.4788,-83.0248
Center Lovell,ME,44.1681,-70.8836
Center Moriches,NY,40.7997,-72.7970
Center Ossipee,NH,43.7682,-71.1349
Center Point,IA,42.1898,-91.7758
Center Point,LA,31.2631,-92.1879
Center Point,TX,29.9397,-99.0071
Center Point,WV,39.4125,-80.6352
Center Ridge,AR,35.3981,-92.5582
Center Rutland,VT,43.6023,-73.0170
Center Sandwich,NH,43.8162,-71.4506
Center Strafford,NH,43.2629,-71.1071
Center Tuftonboro,NH,43.6902,-71.2651
Center Valley,PA,40.5396,-75.4242
Centerbrook,CT,41.3474,-72.4173
Centerburg,OH,40.2865,-82.6800
Centereach,NY,40.8705,-73.0822
Centerfield,UT,39.1251,-111.8185
Centerpoint,IN,39.3910,-87.0935
Centerport,NY,40.8929,-73.3754
Centerport,PA,40.4861,-76.0078
Centerton,AR,36.3670,-94.3089
Centertown,KY,37.4079,-87.0090
Centertown,MO,38.6297,-92.3995
Centerview,MO,38.7897,-93.8702
Centerville,AR,35.1128,-93.1686
Centerville,GA,32.6344,-83.6768
Centerville,IA,40.7326,-92.8728
Centerville,IN,39.8081,-85.0032
Centerville,KS,38.2130,-94.9934
Centerville,LA,29.7594,-91.4283
Centerville,MA,41.6606,-70.3532
Centerville,MO,37.4285,-90.9757
Centerville,NY,42.4797,-78.2500
Centerville,PA,41.7243,-79.7900
Centerville,SD,43.1176,-96.9636
Centerville,TN,35.7797,-87.4775
Centerville,TX,31.2720,-95.9213
Centerville,UT,40.9268,-111.8770
Centerville,WA,45.7032,-120.9460
Centrahoma,OK,34.6066,-96.3386
Central,AK,65.4681,-144.7489
Central,AZ,32.8675,-109.7922
Central,IN,38.0945,-86.1974
Central,SC,34.7401,-82.7947
Central,UT,37.5677,-113.7172
Central Bridge,NY,42.7370,-74.3451
Central City,CO,39.8019,-105.5136
Central City,IA,42.1982,-91.4914
Central City,KY,37.3007,-87.1202
Central City,NE,41.1213,-98.0017
Central City,PA,40.0913,-78.8448
Central Falls,RI,41.8883,-71.3945
Central Islip,NY,40.7866,-73.1961
Central Lake,MI,45.0748,-85.2673
Central Point,OR,42.3899,-122.9222
Central Square,NY,43.3090,-76.1849
Central Valley,NY,41.3268,-74.1220
Central Village,CT,41.7228,-71.9072
Centralia,IL,38.5241,-89.1365
Centralia,KS,39.7381,-96.1486
Centralia,MO,39.1961,-92.1472
Centralia,TX,31.2578,-95.0397
Centralia,WA,46.7246,-122.9671
Centre,AL,34.1116,-85.6092
Centre Hall,PA,40.8254,-77.6742
Centreville,AL,32.9503,-87.1192
Centreville,MD,39.0564,-76.0450
Centreville,MI,41.9217,-85.4963
Centreville,MS,31.0893,-91.0960
Centreville,VA,38.8517,-77.4450
Centuria,WI,45.4484,-92.5477
Century,FL,30.9687,-87.3216
Ceredo,WV,38.3964,-82.5589
Ceres,CA,37.5881,-120.9499
Ceres,NY,41.9994,-78.2727
Ceres,VA,37.0046,-81.3643
Ceresco,MI,42.2127,-85.1128
Ceresco,NE,41.0681,-96.6398
Cerrillos,NM,35.4230,-106.1317
Cerritos,CA,33.8583,-118.0639
Cerro,NM,36.7539,-105.6122
Cerro Gordo,IL,39.8681,-88.7256
Cerro Gordo,NC,34.3025,-78.9216
Cerulean,KY,36.9496,-87.6648
Ceylon,MN,43.5382,-94.6149
Chacon,NM,36.1388,-105.3854
Chadbourn,NC,34.3223,-78.8267
Chadds Ford,PA,39.8648,-75.5885
Chadron,NE,42.8193,-102.9953
Chadwick,IL,41.9962,-89.8963
Chadwick,MO,36.9220,-93.0451
Chadwicks,NY,43.0226,-75.2656
Chaffee,MO,37.1726,-89.6457
Chaffee,NY,42.5605,-78.5025
Chagrin Falls,OH,41.4186,-81.3614
Chagrin Falls,OH,41.4308,-81.3922
Chalfont,PA,40.2892,-75.2149
Chalk Hill,PA,39.8303,-79.6025
Chalkyitsik,AK,66.7190,-143.6381
Challenge,CA,39.4875,-121.2225
Challis,ID,44.4969,-114.1946
Chalmers,IN,40.6693,-86.8626
Chalmette,LA,29.9466,-89.9611
Chama,CO,37.1619,-105.3778
Chama,NM,36.8962,-106.5829
Chamberino,NM,32.0400,-106.6850
Chamberlain,ME,43.8842,-69.4986
Chamberlain,SD,43.7953,-99.3118
Chambers,AZ,35.1430,-109.3739
Chambers,NE,42.1916,-98.7378
Chambersburg,IL,39.8071,-90.6630
Chambersburg,PA,39.9313,-77.6579
Chambersville,PA,40.7053,-79.1581
Chamisal,NM,36.1604,-105.6846
Chamois,MO,38.6527,-91.7697
Champaign,IL,40.1110,-88.2407
Champion,MI,46.4685,-87.8306
Champion,NE,40.4600,-101.7485
Champion,PA,40.0440,-79.3247
Champlain,NY,44.9773,-73.4466
Champlain,VA,38.0214,-76.9719
Champlin,MN,45.1700,-93.3819
Chana,IL,41.9933,-89.2117
Chancellor,AL,31.1734,-85.9109
Chancellor,SD,43.4080,-96.9827
Chandler,AZ,33.3301,-111.8632
Chandler,IN,38.0423,-87.3756
Chandler,MN,43.9163,-95.9296
Chandler,OK,35.7043,-96.8583
Chandler,TX,32.2706,-95.5025
Chandler Heights,AZ,33.2119,-111.6856
Chandlers Valley,PA,41.9342,-79.3039
Chandlersville,OH,39.8897,-81.8301
Chandlerville,IL,40.0384,-90.1477
Changewater,NJ,40.7381,-74.9444
Chanhassen,MN,44.8679,-93.5359
Channahon,IL,41.4347,-88.2138
Channelview,TX,29.7914,-95.1317
Channing,MI,46.1546,-88.0772
Channing,TX,35.7826,-102.3343
Chantilly,VA,38.8865,-77.4393
Chantilly,VA,38.9067,-77.5102
Chanute,KS,37.6749,-95.4570
Chaparral,NM,32.0033,-106.6033
Chapel Hill,NC,35.9203,-79.0372
Chapel Hill,TN,35.6354,-86.6836
Chapin,IA,42.8336,-93.2219
Chapin,IL,39.7716,-90.4113
Chapin,SC,34.1312,-81.3318
Chaplin,CT,41.8026,-72.1372
Chaplin,KY,37.9025,-85.2015
Chapman,AL,31.6711,-86.7122
Chapman,KS,38.9722,-97.0170
Chapman,NE,40.9856,-98.2217
Chapman Ranch,TX,27.5861,-97.4531
Chapmansboro,TN,36.3781,-87.1113
Chapmanville,WV,37.9385,-82.0512
Chappaqua,NY,41.1705,-73.7715
Chappell,KY,37.0108,-83.3500
Chappell,NE,41.0966,-102.4523
Chappell Hill,TX,30.1833,-96.2347
Chappells,SC,34.2358,-81.8353
Chaptico,MD,38.3332,-76.7823
Chardon,OH,41.5719,-81.2056
Charenton,LA,29.8814,-91.5250
Chariton,IA,41.0226,-93.3042
Charlemont,MA,42.6218,-72.8802
Charleroi,PA,40.1404,-79.9200
Charles City,IA,43.0683,-92.6761
Charles City,VA,37.3663,-77.1082
Charles Town,WV,39.2771,-77.8563
Charleston,AR,35.3115,-94.0337
Charleston,IL,39.4869,-88.1761
Charleston,ME,45.0670,-69.0869
Charleston,MO,36.9213,-89.3342
Charleston,MS,33.9726,-90.1116
Charleston,SC,32.7795,-79.9371
Charleston,SC,32.9622,-79.8653
Charleston,TN,35.2556,-84.7666
Charleston,WV,38.3490,-81.6306
Charleston Afb,SC,32.8958,-80.0677
Charlestown,IN,38.4568,-85.6606
Charlestown,MA,42.3778,-71.0627
Charlestown,MD,39.5729,-75.9795
Charlestown,NH,43.2573,-72.4064
Charlestown,RI,41.4007,-71.6615
Charlevoix,MI,45.2993,-85.2453
Charlo,MT,47.4334,-114.1593
Charlotte,AR,35.8334,-91.3962
Charlotte,IA,41.9779,-90.4782
Charlotte,MI,42.5702,-84.8352
Charlotte,NC,35.2269,-80.8433
Charlotte,TN,36.2326,-87.2816
Charlotte,TX,28.8649,-98.7070
Charlotte,VT,44.3113,-73.2280
Charlotte Court House,VA,37.0864,-78.6606
Charlotte Hall,MD,38.4750,-76.8038
Charlottesville,IN,39.8120,-85.6536
Charlottesville,VA,37.9962,-78.4782
Charlottesville,VA,38.0548,-78.4909
Charlotteville,NY,42.5330,-74.6819
Charlton,MA,42.1379,-71.9664
Charlton City,MA,42.1458,-71.9889
Charlton Depot,MA,42.1731,-71.9792
Charlton Heights,WV,38.1236,-81.2342
Charm,OH,40.5067,-81.7850
Charmco,WV,37.9895,-80.7077
Charter Oak,IA,42.0707,-95.5992
Chartley,MA,41.9486,-71.2264
Chase,KS,38.3635,-98.3556
Chase,LA,32.0969,-91.6989
Chase,MD,39.3633,-76.3714
Chase,MI,43.8682,-85.6196
Chase City,VA,36.8053,-78.4553
Chase Mills,NY,44.8672,-75.0730
Chaseburg,WI,43.6794,-91.0799
Chaseley,ND,47.4490,-99.8241
Chaska,MN,44.8061,-93.6083
Chassell,MI,47.0020,-88.5546
Chataignier,LA,30.5683,-92.3219
Chatawa,MS,31.0603,-90.4722
Chateaugay,NY,44.9088,-74.0741
Chatfield,MN,43.8362,-92.1574
Chatfield,OH,40.9566,-83.0214
Chatfield,TX,32.2954,-96.3887
Chatham,IL,39.6737,-89.7112
Chatham,LA,32.2922,-92.4374
Chatham,MA,41.6876,-69.9808
Chatham,MI,46.2948,-86.7589
Chatham,MS,33.1006,-91.0978
Chatham,NH,43.9878,-71.0607
Chatham,NJ,40.7305,-74.4017
Chatham,NY,42.3496,-73.5873
Chatham,PA,39.8533,-75.8219
Chatham,VA,36.8310,-79.4297
Chatom,AL,31.4876,-88.2699
Chatsworth,CA,34.2583,-118.5914
Chatsworth,GA,34.7589,-84.7943
Chatsworth,IA,42.9161,-96.5161
Chatsworth,IL,40.7484,-88.2937
Chatsworth,NJ,39.8019,-74.5256
Chattahoochee,FL,30.6834,-84.8280
Chattanooga,OK,34.4262,-98.6514
Chattanooga,TN,35.0455,-85.3081
Chattaroy,WA,47.9192,-117.2921
Chattaroy,WV,37.7033,-82.2811
Chaumont,NY,44.0848,-76.1232
Chauncey,GA,32.0835,-83.0508
Chauncey,OH,39.3978,-82.1294
Chauncey,WV,37.7661,-81.9878
Chautauqua,KS,37.0203,-96.1764
Chautauqua,NY,42.2097,-79.4669
Chauvin,LA,29.4634,-90.5980
Chavies,KY,37.3555,-83.3315
Chazy,NY,44.8884,-73.4501
Chebanse,IL,41.0254,-87.8959
Chebeague Island,ME,43.7354,-70.1169
Cheboygan,MI,45.6080,-84.4867
Check,VA,37.0326,-80.2367
Checotah,OK,35.4358,-95.5350
Chefornak,AK,60.1537,-164.2103
Chehalis,WA,46.6382,-122.9658
Chelan,WA,47.8483,-120.0273
Chelan Falls,WA,47.8017,-119.9847
Chelmsford,MA,42.5936,-71.3575
Chelsea,AL,33.3716,-86.6141
Chelsea,IA,41.9131,-92.4078
Chelsea,MA,42.3963,-71.0325
Chelsea,MI,42.3207,-84.0334
Chelsea,NY,41.5536,-73.9672
Chelsea,OK,36.5356,-95.4489
Chelsea,VT,44.0039,-72.4793
Cheltenham,MD,38.7531,-76.8369
Cheltenham,PA,40.0603,-75.1048
Chemult,OR,43.1247,-121.8447
Chemung,NY,42.0392,-76.6202
Chenango Bridge,NY,42.1667,-75.8628
Chenango Forks,NY,42.2637,-75.8242
Cheney,KS,37.6353,-97.7686
Cheney,WA,47.4943,-117.5834
Cheneyville,LA,31.0201,-92.2951
Chenoa,IL,40.7446,-88.7219
Chepachet,RI,41.9155,-71.6795
Cheraw,CO,38.1069,-103.5097
Cheraw,SC,34.6863,-79.9174
Cheriton,VA,37.2894,-75.9717
Cherokee,AL,34.7442,-87.9724
Cherokee,IA,42.7482,-95.5568
Cherokee,KS,37.3694,-94.8424
Cherokee,NC,35.5094,-83.3144
Cherokee,OK,36.7564,-98.3594
Cherokee,TX,30.9806,-98.6633
Cherokee Village,AR,36.2978,-91.5158
Cherry,IL,41.4269,-89.2133
Cherry Creek,NY,42.3127,-79.1203
Cherry Creek,SD,44.6210,-101.6518
Cherry Fork,OH,38.8875,-83.6144
Cherry Hill,NJ,39.9308,-75.0175
Cherry Plain,NY,42.6661,-73.3769
Cherry Point,NC,34.9397,-76.8225
Cherry Tree,PA,40.7554,-78.8474
Cherry Valley,AR,35.3991,-90.7613
Cherry Valley,IL,42.2206,-88.9619
Cherry Valley,MA,42.2373,-71.8750
Cherry Valley,NY,42.7823,-74.7444
Cherryfield,ME,44.6228,-67.9436
Cherrylog,GA,34.7737,-84.4431
Cherryvale,KS,37.2668,-95.5590
Cherryville,MO,37.8066,-91.2348
Cherryville,NC,35.3747,-81.3509
Cherryville,PA,40.7385,-75.5521
Chesaning,MI,43.1824,-84.1122
Chesapeake,OH,38.4551,-82.4504
Chesapeake,VA,36.7352,-76.2384
Chesapeake Beach,MD,38.6698,-76.5376
Chesapeake City,MD,39.5133,-75.8406
Cheshire,CT,41.5104,-72.9044
Cheshire,MA,42.5611,-73.1580
Cheshire,OH,38.9587,-82.1235
Cheshire,OR,44.1782,-123.3715
Chesnee,SC,35.1154,-81.8678
Chest Springs,PA,40.5800,-78.6072
Chester,AR,35.6898,-94.2020
Chester,CA,40.2975,-121.2273
Chester,CT,41.4049,-72.4643
Chester,GA,32.3982,-83.1740
Chester,IA,43.4730,-92.4155
Chester,ID,43.9994,-111.5692
Chester,IL,37.9188,-89.8218
Chester,MA,42.2794,-72.9888
Chester,MD,38.9583,-76.2842
Chester,MT,48.4541,-110.9798
Chester,NE,40.0290,-97.6197
Chester,NH,42.9678,-71.2450
Chester,NJ,40.7892,-74.6776
Chester,NY,41.3554,-74.2651
Chester,OH,39.0875,-81.9228
Chester,OK,36.2528,-98.8841
Chester,PA,39.8498,-75.3747
Chester,SC,34.7149,-81.2186
Chester,SD,43.8981,-96.9759
Chester,TX,30.9285,-94.4581
Chester,UT,39.4653,-111.5717
Chester,VA,37.3429,-77.4156
Chester,VT,43.2831,-72.6031
Chester,WV,40.5981,-80.5584
Chester Depot,VT,43.2628,-72.5956
Chester Gap,VA,38.8533,-78.1353
Chester Heights,PA,39.8900,-75.4758
Chester Springs,PA,40.0978,-75.6398
Chesterfield,IL,39.2708,-90.0766
Chesterfield,MA,42.3817,-72.8333
Chesterfield,MO,38.6318,-90.6142
Chesterfield,NH,42.9008,-72.4872
Chesterfield,NJ,40.1584,-74.6668
Chesterfield,SC,34.7278,-80.0958
Chesterfield,VA,37.3923,-77.5668
Chesterhill,OH,39.4953,-81.8773
Chesterland,OH,41.5344,-81.3421
Chesterton,IN,41.6039,-87.0502
Chestertown,MD,39.2089,-76.0669
Chestertown,MD,39.2125,-76.0802
Chestertown,NY,43.6451,-73.8066
Chesterville,OH,40.4800,-82.6836
Chestnut,IL,40.0582,-89.1900
Chestnut Hill,MA,42.3306,-71.1667
Chestnut Mound,TN,36.1929,-85.8374
Chestnut Mountain,GA,34.2275,-83.8844
Chestnut Ridge,PA,39.9803,-79.8067
Chestnutridge,MO,36.8353,-93.1012
Cheswick,PA,40.5681,-79.8410
Cheswold,DE,39.2192,-75.5861
Chetek,WI,45.3170,-91.6542
Chetopa,KS,37.0418,-95.0796
Chevak,AK,61.5840,-164.7765
Chevy Chase,MD,38.9780,-77.0820
Chewalla,TN,35.0133,-88.6464
Chewelah,WA,48.2876,-117.7754
Chewsville,MD,39.6428,-77.6353
Cheyenne,OK,35.6232,-99.6767
Cheyenne,WY,41.1437,-104.7962
Cheyenne Wells,CO,38.8198,-102.3582
Cheyney,PA,39.9175,-75.5487
Chicago,IL,41.8858,-87.6181
Chicago Heights,IL,41.5062,-87.6132
Chicago Park,CA,39.1453,-120.9661
Chicago Ridge,IL,41.7017,-87.7774
Chichester,NH,43.2492,-71.4003
Chichester,NY,42.0880,-74.2816
Chickamauga,GA,34.8580,-85.3221
Chickasaw,OH,40.4369,-84.4933
Chickasha,OK,35.0268,-97.9518
Chicken,AK,64.0750,-141.9333
Chico,CA,39.7565,-121.8518
Chico,TX,33.3193,-97.8031
Chicopee,MA,42.1620,-72.6080
Chicora,PA,40.9458,-79.7462
Chicota,TX,33.8689,-95.5708
Chidester,AR,33.7001,-93.0187
Chiefland,FL,29.4832,-82.8809
Chignik,AK,56.3016,-158.4157
Chignik Lagoon,AK,56.2513,-158.6735
Chignik Lake,AK,56.2556,-158.7625
Chilcoot,CA,39.8057,-120.1752
Childersburg,AL,33.2669,-86.3376
Childress,TX,34.4281,-100.2102
Childs,MD,39.6461,-75.8719
Childwold,NY,44.2867,-74.6759
Chilhowee,MO,38.6126,-93.8653
Chilhowie,VA,36.7719,-81.6651
Chili,WI,44.6301,-90.3600
Chillicothe,IA,41.0770,-92.5328
Chillicothe,IL,40.9013,-89.5068
Chillicothe,MO,39.7966,-93.5509
Chillicothe,OH,39.3380,-82.9895
Chillicothe,TX,34.2439,-99.5157
Chilmark,MA,41.3575,-70.7416
Chilo,OH,38.7931,-84.1408
Chiloquin,OR,42.5463,-121.7450
Chilton,TX,31.3100,-97.0900
Chilton,WI,44.0242,-88.1827
Chimacum,WA,47.9861,-122.7883
Chimayo,NM,36.0119,-105.9114
Chimney Rock,CO,37.1944,-107.3006
Chimney Rock,NC,35.4392,-82.2467
China,TX,30.0478,-94.3356
China Grove,NC,35.5669,-80.5900
China Spring,TX,31.6673,-97.3002
China Village,ME,44.4483,-69.5186
Chinchilla,PA,41.4750,-75.6775
Chincoteague Island,VA,37.9277,-75.3714
Chinese Camp,CA,37.8568,-120.4067
Chinle,AZ,36.1304,-109.6037
Chino,CA,34.0122,-117.6881
Chino Hills,CA,33.9797,-117.7308
Chino Valley,AZ,34.7757,-112.4731
Chinook,MT,48.5799,-109.2225
Chinook,WA,46.2731,-123.9442
Chinquapin,NC,34.8276,-77.7636
Chipley,FL,30.7107,-85.5486
Chippewa Bay,NY,44.4419,-75.7572
Chippewa Falls,WI,44.9322,-91.3844
Chippewa Lake,MI,43.7439,-85.2972
Chippewa Lake,OH,41.0672,-81.9092
Chireno,TX,31.5119,-94.4302
Chisago City,MN,45.3611,-92.8921
Chisholm,MN,47.5007,-92.8617
Chitina,AK,61.5167,-144.4367
Chittenango,NY,43.0552,-75.8768
Chittenden,VT,43.7034,-72.9360
Chloe,WV,38.6712,-81.0901
Chloride,AZ,35.4144,-114.1986
Choccolocco,AL,33.6592,-85.7036
Chocorua,NH,43.8909,-71.2407
Chocowinity,NC,35.4814,-77.0868
Choctaw,AR,35.5235,-92.4264
Choctaw,OK,35.4718,-97.2726
Chokio,MN,45.5524,-96.1733
Chokoloskee,FL,25.8125,-81.3622
Choteau,MT,47.8380,-112.2021
Choudrant,LA,32.5556,-92.5224
Chouteau,OK,36.1669,-95.3416
Chowchilla,CA,37.1014,-120.2691
Chriesman,TX,30.5992,-96.7706
Chrisman,IL,39.7996,-87.6556
Chrisney,IN,38.0060,-87.0704
Christchurch,VA,37.6047,-76.5347
Christiana,PA,39.9356,-76.0260
Christiana,TN,35.7409,-86.4079
Christiansburg,OH,40.0553,-84.0261
Christiansburg,VA,37.1297,-80.4092
Christine,ND,46.5522,-96.7909
Christine,TX,28.7889,-98.4969
Christmas,FL,28.5462,-81.0116
Christmas Valley,OR,43.2364,-120.6358
Christopher,IL,37.9849,-89.0574
Christoval,TX,31.2346,-100.5203
Chromo,CO,37.0364,-106.8428
Chualar,CA,36.5950,-121.4320
Chuckey,TN,36.2211,-82.6674
Chugiak,AK,61.4098,-149.4537
Chugwater,WY,41.7487,-104.8179
Chula,GA,31.5439,-83.5509
Chula,MO,39.9226,-93.4841
Chula Vista,CA,32.6400,-117.0833
Chunchula,AL,30.9912,-88.1311
Chunky,MS,32.2472,-88.9470
Church Creek,MD,38.4278,-76.1696
Church Hill,MD,39.1460,-75.9880
Church Hill,TN,36.5399,-82.7252
Church Point,LA,30.4013,-92.2240
Church Road,VA,37.1950,-77.6646
Church Rock,NM,35.5339,-108.5992
Church View,VA,37.6750,-76.6629
Churchs Ferry,ND,48.2862,-99.1412
Churchton,MD,38.8018,-76.5248
Churchville,MD,39.5648,-76.2490
Churchville,NY,43.0896,-77.8603
Churchville,VA,38.2346,-79.1791
Churdan,IA,42.1614,-94.4933
Churubusco,IN,41.2290,-85.3244
Churubusco,NY,44.9432,-73.9355
Ciales,PR,18.3381,-66.4692
Cibecue,AZ,34.0447,-110.4847
Cibola,AZ,33.6149,-114.5122
Cibolo,TX,29.5750,-98.2280
Cicero,IL,41.8456,-87.7539
Cicero,IN,40.1268,-86.0248
Cicero,NY,43.1707,-76.0962
Cidra,PR,18.1767,-66.1617
Cima,CA,35.2378,-115.4983
Cimarron,CO,38.3876,-107.4824
Cimarron,KS,37.8127,-100.3438
Cimarron,NM,36.4574,-105.0697
Cincinnati,IA,40.6344,-92.9219
Cincinnati,OH,39.0913,-84.2774
Cincinnati,OH,39.1063,-84.5356
Cincinnatus,NY,42.5385,-75.9030
Cinebar,WA,46.5671,-122.5660
Circle,AK,65.8245,-144.0826
Circle,MT,47.4264,-105.6148
Circle Pines,MN,45.1528,-93.1440
Circleville,KS,39.5155,-95.8517
Circleville,NY,41.5244,-74.3850
Circleville,OH,39.5988,-82.9300
Circleville,UT,38.1717,-112.2697
Circleville,WV,38.6230,-79.5367
Cisco,GA,34.8474,-84.7174
Cisco,IL,39.9972,-88.6962
Cisco,TX,32.3800,-98.9865
Cisco,UT,38.9700,-109.3200
Cisne,IL,38.5138,-88.4045
Cissna Park,IL,40.5858,-87.8759
Citra,FL,29.3918,-82.1062
Citronelle,AL,31.0425,-88.2549
Citrus Heights,CA,38.6946,-121.2692
City Of Industry,CA,34.0197,-117.9577
Clackamas,OR,45.4150,-122.5200
Claflin,KS,38.5409,-98.5372
Claiborne,MD,38.8375,-76.2781
Claire City,SD,45.8755,-97.1073
Clairfield,TN,36.5650,-83.9397
Clairton,PA,40.2989,-79.9101
Clallam Bay,WA,48.2255,-124.2015
Clam Gulch,AK,60.2016,-151.4226
Clam Lake,WI,46.2457,-90.8841
Clancy,MT,46.4745,-111.9926
Clanton,AL,32.8355,-86.6425
Clara,MS,31.5803,-88.6964
Clara City,MN,44.9639,-95.3499
Clarcona,FL,28.6125,-81.4989
Clare,IA,42.5954,-94.3080
Clare,IL,42.0270,-88.8378
Clare,MI,43.8223,-84.7635
Claremont,CA,34.1092,-117.7183
Claremont,IL,38.7429,-87.9727
Claremont,MN,44.0522,-92.9888
Claremont,NC,35.7211,-81.1297
Claremont,NH,43.3679,-72.3422
Claremont,SD,45.6661,-98.0404
Claremont,VA,37.2278,-76.9644
Claremore,OK,36.3242,-95.5985
Clarence,IA,41.8896,-91.0605
Clarence,LA,31.8214,-93.0294
Clarence,MO,39.7366,-92.2530
Clarence,NY,42.9810,-78.6162
Clarence,PA,41.0585,-77.9312
Clarence Center,NY,43.0362,-78.6390
Clarendon,AR,34.6601,-91.2564
Clarendon,NC,34.1995,-78.7888
Clarendon,NY,43.1933,-78.0650
Clarendon,PA,41.7302,-79.1719
Clarendon,TX,34.9529,-100.8952
Clarendon Hills,IL,41.7797,-87.9553
Claridge,PA,40.3656,-79.6225
Clarinda,IA,40.7491,-95.0380
Clarington,OH,39.7819,-80.9113
Clarington,PA,41.3233,-79.1466
Clarion,IA,42.7271,-93.7277
Clarion,PA,41.2123,-79.3773
Clarissa,MN,46.1373,-94.9572
Clarita,OK,34.4828,-96.4331
Clark,CO,40.7268,-106.9215
Clark,MO,39.3153,-92.3827
Clark,NJ,40.6203,-74.3106
Clark,PA,41.2861,-80.4278
Clark,SD,44.8780,-97.7265
Clark Fork,ID,48.1405,-116.1699
Clark Mills,NY,43.0922,-75.3800
Clarkdale,AZ,34.7478,-112.0334
Clarkdale,GA,33.8308,-84.6497
Clarkedale,AR,35.3092,-90.2361
Clarkesville,GA,34.6450,-83.5243
Clarkfield,MN,44.7743,-95.8304
Clarkia,ID,47.0445,-116.2774
Clarklake,MI,42.1235,-84.3521
Clarkrange,TN,36.2112,-84.9777
Clarkridge,AR,36.4433,-92.3516
Clarks,LA,32.0264,-92.1389
Clarks,NE,41.2328,-97.8461
Clarks Grove,MN,43.7630,-93.3232
Clarks Hill,IN,40.2628,-86.7608
Clarks Hill,SC,33.6505,-82.1488
Clarks Mills,PA,41.3851,-80.1752
Clarks Point,AK,58.8492,-158.4512
Clarks Summit,PA,41.4878,-75.7057
Clarksboro,NJ,39.7992,-75.2237
Clarksburg,CA,38.3960,-121.5569
Clarksburg,IN,39.4333,-85.3478
Clarksburg,MD,39.2637,-77.2736
Clarksburg,MO,38.6432,-92.6729
Clarksburg,OH,39.4904,-83.1563
Clarksburg,PA,40.5039,-79.3677
Clarksburg,TN,35.8717,-88.3931
Clarksburg,WV,39.2784,-80.3487
Clarksdale,MO,39.8137,-94.5421
Clarksdale,MS,34.2050,-90.5778
Clarkson,KY,37.4279,-86.1602
Clarkson,NE,41.6961,-97.1051
Clarkson,NY,43.2331,-77.9278
Clarkston,GA,33.8101,-84.2388
Clarkston,MI,42.7216,-83.4057
Clarkston,UT,41.9188,-112.0486
Clarkston,WA,46.3946,-117.0645
Clarksville,AR,35.4908,-93.4911
Clarksville,FL,30.3568,-85.1898
Clarksville,IA,42.8041,-92.6588
Clarksville,IN,38.5373,-85.5244
Clarksville,MD,39.1944,-76.9423
Clarksville,MI,42.8302,-85.2494
Clarksville,MO,39.3465,-90.9362
Clarksville,NY,42.5670,-73.9688
Clarksville,OH,39.4042,-83.9594
Clarksville,PA,39.9941,-80.0124
Clarksville,TN,36.5220,-87.3490
Clarksville,TX,33.6236,-95.0461
Clarksville,VA,36.6314,-78.5353
Clarkton,MO,36.4478,-89.9729
Clarkton,NC,34.5030,-78.6313
Claryville,NY,41.9657,-74.5293
Clatonia,NE,40.4724,-96.8555
Clatskanie,OR,46.0998,-123.2124
Claude,TX,35.0967,-101.3813
Claudville,VA,36.5839,-80.4442
Claunch,NM,34.1417,-105.9950
Claverack,NY,42.2183,-73.7228
Clawson,MI,42.5365,-83.1503
Clawson,UT,39.1331,-111.0964
Claxton,GA,32.1650,-81.9080
Clay,AL,33.7025,-86.5997
Clay,KY,37.4756,-87.8368
Clay,NY,43.1737,-76.1707
Clay,WV,38.4764,-81.0696
Clay Center,KS,39.3844,-97.1278
Clay Center,NE,40.5113,-98.0386
Clay Center,OH,41.5633,-83.3619
Clay City,IL,38.6695,-88.3516
Clay City,IN,39.2727,-87.1082
Clay City,KY,37.8606,-83.9347
Clay Springs,AZ,34.3617,-110.2947
Clayhole,KY,37.4661,-83.2813
Claymont,DE,39.8044,-75.4649
Claypool,AZ,33.4111,-110.8419
Claypool,IN,41.1165,-85.8686
Claysburg,PA,40.3292,-78.4797
Claysville,PA,40.1376,-80.3859
Clayton,AL,31.8874,-85.4509
Clayton,CA,37.9154,-121.9100
Clayton,DE,39.2564,-75.6904
Clayton,GA,34.8826,-83.4065
Clayton,ID,44.2733,-114.4102
Clayton,IL,40.0133,-90.9554
Clayton,IN,39.6682,-86.4959
Clayton,KS,39.6998,-100.0596
Clayton,LA,31.7886,-91.5425
Clayton,MI,41.8686,-84.1775
Clayton,NC,35.6348,-78.4510
Clayton,NJ,39.6590,-75.0942
Clayton,NM,36.4414,-103.1888
Clayton,NY,44.2170,-76.1071
Clayton,OH,39.8551,-84.3399
Clayton,OK,34.5906,-95.3800
Clayton,TX,32.0981,-94.4747
Clayton,WA,47.9552,-117.5740
Clayton,WI,45.3063,-92.1395
Clayton Lake,ME,46.6298,-69.6264
Claytonville,IL,40.5669,-87.8231
Clayville,NY,42.9712,-75.2061
Clayville,RI,41.7778,-71.6706
Cle Elum,WA,47.2063,-120.9685
Clear,AK,64.4181,-149.1399
Clear Brook,VA,39.2655,-78.0988
Clear Creek,IN,39.1092,-86.5400
Clear Creek,WV,37.8916,-81.3209
Clear Fork,WV,37.6463,-81.6893
Clear Lake,IA,43.1406,-93.3850
Clear Lake,MN,45.4795,-93.9684
Clear Lake,SD,44.7637,-96.7005
Clear Lake,WI,45.2365,-92.2749
Clear Spring,MD,39.6617,-77.9126
Clearbrook,MN,47.7146,-95.3752
Clearfield,IA,40.7935,-94.4944
Clearfield,KY,38.1440,-83.3273
Clearfield,PA,41.0210,-78.4435
Clearfield,UT,41.1294,-112.0482
Clearlake,CA,38.9571,-122.6361
Clearlake,WA,48.4644,-122.2328
Clearlake Oaks,CA,39.0348,-122.6687
Clearlake Park,CA,38.9678,-122.6539
Clearmont,MO,40.5175,-95.0055
Clearmont,WY,44.6610,-106.4581
Clearview City,KS,38.9792,-94.9683
Clearville,PA,39.8533,-78.4392
Clearwater,FL,27.9799,-82.7806
Clearwater,KS,37.5076,-97.5082
Clearwater,MN,45.3877,-94.0452
Clearwater,NE,42.1266,-98.1868
Clearwater,SC,33.4967,-81.8922
Clearwater Beach,FL,27.9831,-82.8229
Cleaton,KY,37.2544,-87.0889
Cleburne,TX,32.3429,-97.3980
Cleghorn,IA,42.8086,-95.7124
Clementon,NJ,39.8070,-75.0040
Clements,CA,38.1908,-121.0872
Clements,MD,38.3407,-76.7264
Clements,MN,44.3943,-95.0474
Clemmons,NC,36.0341,-80.3962
Clemons,IA,42.0900,-93.1688
Clemons,NY,43.6435,-73.4326
Clemson,SC,34.6831,-82.8250
Clendenin,WV,38.4777,-81.3560
Cleo Springs,OK,36.4090,-98.4423
Clermont,FL,28.5525,-81.7574
Clermont,GA,34.4761,-83.7853
Clermont,IA,43.0130,-91.6552
Clermont,KY,37.9297,-85.6528
Cleveland,AL,33.9921,-86.5594
Cleveland,AR,35.3583,-92.7128
Cleveland,GA,34.5839,-83.7500
Cleveland,MN,44.3201,-93.8286
Cleveland,MO,38.6898,-94.5695
Cleveland,MS,33.7430,-90.7309
Cleveland,NC,35.7374,-80.7113
Cleveland,ND,46.8832,-99.0866
Cleveland,NM,35.9898,-105.4326
Cleveland,NY,43.2432,-75.8537
Cleveland,OH,41.4918,-81.6757
Cleveland,OK,36.2553,-96.4230
Cleveland,SC,35.0654,-82.6093
Cleveland,TN,35.1313,-84.8750
Cleveland,TX,30.3300,-95.0202
Cleveland,UT,39.3489,-110.8508
Cleveland,VA,36.9502,-82.1318
Cleveland,WI,43.9217,-87.7673
Cleveland,WV,38.8392,-80.3428
Clever,MO,37.0348,-93.4475
Cleverdale,NY,43.4772,-73.6431
Cleves,OH,39.1937,-84.7340
Clewiston,FL,26.7172,-80.9492
Cliff,NM,32.9622,-108.6106
Cliff Island,ME,43.6955,-70.1071
Clifford,IN,39.2822,-85.8692
Clifford,MI,43.3100,-83.1741
Clifford,ND,47.3569,-97.4100
Clifford,PA,41.6489,-75.5992
Clifford,VA,37.6433,-79.0225
Cliffside,NC,35.2381,-81.7700
Cliffside Park,NJ,40.8222,-73.9880
Cliffwood,NJ,40.4353,-74.2358
Clifton,AZ,33.1323,-109.2462
Clifton,CO,39.0805,-108.4496
Clifton,ID,42.2160,-111.9957
Clifton,IL,40.9394,-87.9202
Clifton,KS,39.6201,-97.2611
Clifton,NJ,40.8789,-74.1425
Clifton,OH,39.7969,-83.8258
Clifton,SC,34.9794,-81.8181
Clifton,TN,35.3819,-87.9500
Clifton,TX,31.7997,-97.5153
Clifton,VA,38.7800,-77.3869
Clifton Forge,VA,37.8203,-79.8054
Clifton Heights,PA,39.9236,-75.2996
Clifton Hill,MO,39.4260,-92.6677
Clifton Park,NY,42.8499,-73.7851
Clifton Springs,NY,42.9632,-77.1440
Clifty,KY,36.9953,-87.1478
Climax,CO,39.2988,-106.2580
Climax,GA,30.8758,-84.4314
Climax,MI,42.2340,-85.3238
Climax,MN,47.6530,-96.8026
Climax,NC,35.9345,-79.7019
Climax,NY,42.3708,-73.8625
Climax Springs,MO,38.1396,-92.9537
Climbing Hill,IA,42.3417,-96.0775
Clinchco,VA,37.1406,-82.3425
Clinchfield,GA,32.4133,-83.6383
Clines Corners,NM,35.0094,-105.6686
Clint,TX,31.5494,-106.2038
Clinton,AL,32.9136,-87.9925
Clinton,AR,35.6045,-92.4758
Clinton,CT,41.2912,-72.5280
Clinton,IA,41.8517,-90.2078
Clinton,IL,40.1487,-88.9627
Clinton,IN,39.6591,-87.4208
Clinton,KY,36.6675,-88.9676
Clinton,LA,30.8249,-90.9331
Clinton,MA,42.4181,-71.6828
Clinton,MD,38.7549,-76.9026
Clinton,ME,44.6440,-69.5284
Clinton,MI,42.0639,-83.9442
Clinton,MN,45.4577,-96.4182
Clinton,MO,38.3688,-93.7589
Clinton,MS,32.3411,-90.3229
Clinton,MT,46.7673,-113.7038
Clinton,NC,35.0151,-78.3260
Clinton,NJ,40.6412,-74.9088
Clinton,NY,43.0586,-75.3808
Clinton,OH,40.9391,-81.5871
Clinton,OK,35.5115,-98.9795
Clinton,PA,40.5131,-80.3423
Clinton,SC,34.4707,-81.8772
Clinton,TN,36.0869,-84.1897
Clinton,WA,47.9508,-122.3916
Clinton,WI,42.5535,-88.8705
Clinton Corners,NY,41.8693,-73.7659
Clinton Township,MI,42.5565,-82.9090
Clintondale,NY,41.6749,-74.0557
Clintonville,PA,41.2002,-79.8734
Clintonville,WI,44.6364,-88.7430
Clintwood,VA,37.1592,-82.4453
Clio,AL,31.6852,-85.5904
Clio,CA,39.7433,-120.5605
Clio,IA,40.6803,-93.4864
Clio,MI,43.1779,-83.7249
Clio,SC,34.5805,-79.5453
Clipper Mills,CA,39.5328,-121.1564
Clitherall,MN,46.3169,-95.5858
Clive,IA,41.6067,-93.7457
Clockville,NY,43.0417,-75.7450
Clontarf,MN,45.3734,-95.6786
Clopton,AL,31.6028,-85.4823
Cloquet,MN,46.7260,-92.4528
Closplint,KY,36.8923,-83.0998
Closter,NJ,40.9721,-73.9590
Clothier,WV,37.7933,-81.9881
Cloudcroft,NM,32.5741,-105.9390
Cloutierville,LA,31.5359,-92.8573
Clover,SC,35.1107,-81.1864
Clover,VA,36.8637,-78.7862
Cloverdale,AL,34.9386,-87.7714
Cloverdale,CA,38.7994,-123.0117
Cloverdale,IN,39.5434,-86.8140
Cloverdale,MI,42.6367,-85.3086
Cloverdale,OH,41.0379,-84.2938
Cloverdale,OR,45.2858,-123.8356
Cloverdale,VA,37.3663,-79.9128
Cloverport,KY,37.8221,-86.5954
Clovis,CA,36.8243,-119.6824
Clovis,NM,34.4126,-103.2214
Clubb,MO,37.2302,-90.3596
Clune,PA,40.5536,-79.3067
Cluster Springs,VA,36.6208,-78.9219
Clute,TX,29.0325,-95.4026
Clutier,IA,42.0789,-92.3763
Clyde,KS,39.5758,-97.4080
Clyde,MO,40.2645,-94.6546
Clyde,NC,35.5597,-82.9216
Clyde,NY,43.0855,-76.8725
Clyde,OH,41.3024,-82.9918
Clyde,TX,32.3803,-99.5184
Clyde Park,MT,45.8869,-110.6031
Clyman,WI,43.3114,-88.7200
Clymer,NY,42.0557,-79.6685
Clymer,PA,40.6688,-79.0119
Clyo,GA,32.5126,-81.3086
Coachella,CA,33.6750,-116.1772
Coahoma,MS,34.3625,-90.4727
Coahoma,TX,32.2942,-101.3197
Coal Center,PA,40.0973,-79.8839
Coal City,IL,41.2908,-88.2823
Coal City,IN,39.2573,-86.9883
Coal City,WV,37.6661,-81.1844
Coal Creek,CO,38.3611,-105.1478
Coal Hill,AR,35.4371,-93.6720
Coal Mountain,WV,37.6885,-81.7079
Coal Run,OH,39.5675,-81.5814
Coal Township,PA,40.8030,-76.4982
Coal Valley,IL,41.4351,-90.4652
Coaldale,CO,38.3656,-105.7572
Coaldale,PA,40.8219,-75.9104
Coalfield,TN,36.0289,-84.4208
Coalgate,OK,34.5344,-96.2167
Coalgood,KY,36.7934,-83.2388
Coaling,AL,33.1589,-87.3408
Coalinga,CA,36.1624,-120.3489
Coalmont,CO,40.5383,-106.5321
Coalmont,IN,39.1933,-87.2311
Coalmont,TN,35.3862,-85.6551
Coalport,PA,40.7503,-78.5352
Coalton,OH,39.1136,-82.6114
Coalton,WV,38.9144,-79.9767
Coalville,UT,40.9244,-111.4071
Coalwood,WV,37.3872,-81.6528
Coamo,PR,18.0819,-66.3583
Coarsegold,CA,37.2214,-119.7455
Coatesville,IN,39.6930,-86.6314
Coatesville,PA,39.9843,-75.8253
Coats,KS,37.5125,-98.8504
Coats,NC,35.4082,-78.6627
Coatsburg,IL,40.0554,-91.1747
Coatsville,MO,40.5665,-92.6388
Cobalt,CT,41.5622,-72.5558
Cobalt,ID,45.0042,-114.3333
Cobb,CA,38.8222,-122.7219
Cobb,GA,31.9617,-83.9581
Cobb,WI,42.9660,-90.3324
Cobb Island,MD,38.2606,-76.8442
Cobbs Creek,VA,37.4992,-76.3678
Cobbtown,GA,32.2642,-82.1333
Cobden,IL,37.5424,-89.2457
Cobleskill,NY,42.6840,-74.4939
Coburn,PA,40.8678,-77.4922
Cochecton,NY,41.6982,-74.9807
Cochecton Center,NY,41.6458,-74.9771
Cochise,AZ,32.0979,-109.9239
Cochiti Lake,NM,35.6231,-106.3219
Cochiti Pueblo,NM,35.6075,-106.3467
Cochran,GA,32.3981,-83.3229
Cochrane,WI,44.2516,-91.8587
Cochranton,PA,41.5205,-80.0573
Cochranville,PA,39.8757,-75.9214
Cockeysville,MD,39.4736,-76.6287
Cocoa,FL,28.3672,-80.7465
Cocoa Beach,FL,28.3325,-80.6121
Cocolalla,ID,48.1248,-116.6571
Cocolamus,PA,40.6567,-77.1067
Coconut Creek,FL,26.2441,-80.2066
Coden,AL,30.4188,-88.1683
Codorus,PA,39.8172,-76.8414
Cody,NE,42.6146,-101.3798
Cody,WY,44.5231,-109.0756
Coeburn,VA,36.9605,-82.4735
Coello,IL,37.9942,-89.0672
Coeur D Alene,ID,47.6928,-116.7850
Coeymans,NY,42.4739,-73.7928
Coeymans Hollow,NY,42.4865,-73.9206
Coffee Creek,MT,47.3396,-110.0528
Coffee Springs,AL,31.1388,-85.9182
Coffeen,IL,39.0908,-89.3945
Coffeeville,AL,31.7843,-88.0715
Coffeeville,MS,33.9215,-89.6782
Coffey,MO,40.0999,-94.0252
Coffeyville,KS,37.0441,-95.6328
Coffman Cove,AK,55.3422,-131.6461
Cofield,NC,36.3333,-76.8746
Cogan Station,PA,41.3152,-77.0690
Coggon,IA,42.2792,-91.5413
Cogswell,ND,46.0891,-97.8095
Cohagen,MT,47.1263,-106.4981
Cohasset,MA,42.2395,-70.8128
Cohasset,MN,47.2691,-93.6392
Cohoctah,MI,42.7597,-83.9486
Cohocton,NY,42.5003,-77.4998
Cohoes,NY,42.7754,-73.7124
Cohutta,GA,34.9326,-84.9458
Coila,MS,33.3731,-89.9915
Coin,IA,40.6686,-95.2217
Coinjock,NC,36.3751,-75.9340
Cokato,MN,45.0748,-94.1911
Cokeburg,PA,40.1008,-80.0652
Coker,AL,33.2526,-87.6365
Cokercreek,TN,35.2656,-84.2858
Cokeville,WY,42.0580,-110.9164
Colbert,GA,34.0382,-83.2191
Colbert,OK,33.8575,-96.4953
Colbert,WA,47.8411,-117.3759
Colburn,ID,48.3972,-116.5342
Colby,KS,39.3830,-101.0442
Colby,WI,44.9117,-90.3144
Colchester,CT,41.5662,-72.3441
Colchester,IL,40.4156,-90.7846
Colchester,VT,44.5489,-73.1862
Colcord,OK,36.2333,-94.6547
Colcord,WV,37.9492,-81.4437
Cold Bay,AK,55.6110,-161.9429
Cold Brook,NY,43.3024,-74.9977
Cold Spring,MN,45.4500,-94.4378
Cold Spring,NY,41.4414,-73.9335
Cold Spring Harbor,NY,40.8631,-73.4500
Colden,NY,42.6551,-78.6921
Coldiron,KY,36.8777,-83.4096
Coldspring,TX,30.6027,-95.1086
Coldwater,KS,37.2479,-99.3115
Coldwater,MI,41.9255,-85.0057
Coldwater,MS,34.6924,-89.9869
Coldwater,OH,40.4846,-84.6517
Cole Camp,MO,38.4531,-93.1915
Colebrook,CT,42.0282,-73.1041
Colebrook,NH,44.9078,-71.4793
Coleharbor,ND,47.5196,-101.2332
Coleman,FL,28.7994,-82.0703
Coleman,GA,31.6728,-84.8892
Coleman,MI,43.7494,-84.5911
Coleman,OK,34.2625,-96.4588
Coleman,TX,31.8287,-99.4270
Coleman,WI,45.0722,-88.0587
Coleman Falls,VA,37.4887,-79.3158
Colerain,NC,36.1901,-76.8548
Colerain,OH,40.1258,-80.8089
Coleraine,MN,47.2889,-93.4275
Coleridge,NE,42.5230,-97.1786
Coles Point,VA,38.1436,-76.6358
Colesburg,IA,42.6383,-91.1963
Coleville,CA,38.5029,-119.4828
Colfax,CA,39.0769,-120.9602
Colfax,IA,41.6788,-93.2588
Colfax,IL,40.5704,-88.6200
Colfax,IN,40.1956,-86.6593
Colfax,LA,31.5079,-92.6568
Colfax,NC,36.1003,-80.0103
Colfax,ND,46.4972,-96.9790
Colfax,WA,46.8800,-117.3670
Colfax,WI,44.9993,-91.7357
Colfax,WV,39.4347,-80.1319
Colgate,WI,43.1998,-88.2406
Collbran,CO,39.2453,-107.9249
College Corner,OH,39.5755,-84.8050
College Grove,TN,35.7832,-86.7495
College Park,MD,38.9963,-76.9299
College Place,WA,46.0457,-118.3853
College Point,NY,40.7855,-73.8450
College Springs,IA,40.6171,-95.0997
College Station,AR,34.7081,-92.2211
College Station,TX,30.6045,-96.3123
Collegedale,TN,35.0531,-85.0503
Collegeport,TX,28.7250,-96.1747
Collegeville,MN,45.5944,-94.3628
Collegeville,PA,40.1893,-75.4488
Collettsville,NC,35.9519,-81.6742
Colleyville,TX,32.8872,-97.1460
Colliers,WV,40.3484,-80.5493
Colliersville,NY,42.4908,-74.9825
Collierville,TN,35.0551,-89.6767
Collins,GA,32.1852,-82.1095
Collins,IA,41.9032,-93.3008
Collins,MO,37.8810,-93.6608
Collins,MS,31.6707,-89.5438
Collins,NY,42.5001,-78.8930
Collins,OH,41.2450,-82.4904
Collins,WI,44.0856,-87.9828
Collins Center,NY,42.4936,-78.8517
Collinston,LA,32.6971,-91.8634
Collinston,UT,41.7878,-112.1242
Collinsville,AL,34.2680,-85.8620
Collinsville,CT,41.8513,-72.9283
Collinsville,IL,38.6835,-89.9853
Collinsville,MS,32.5183,-88.8155
Collinsville,OH,39.5153,-84.6094
Collinsville,OK,36.3701,-95.8469
Collinsville,TX,33.5580,-96.9014
Collinsville,VA,36.7238,-79.9142
Collinwood,TN,35.1635,-87.7185
Collison,IL,40.2207,-87.7987
Collyer,KS,38.9652,-100.0692
Colman,SD,43.9558,-96.8189
Colmar,PA,40.2718,-75.2669
Colmesneil,TX,30.9092,-94.4218
Colo,IA,42.0131,-93.3071
Cologne,MN,44.7646,-93.7982
Cologne,NJ,39.5047,-74.6136
Coloma,CA,38.8000,-120.8892
Coloma,MI,42.2030,-86.3225
Coloma,WI,44.0275,-89.4943
Colome,SD,43.2273,-99.6933
Colon,MI,41.9576,-85.3306
Colon,NE,41.2883,-96.6141
Colona,IL,41.4752,-90.3492
Colonia,NJ,40.5937,-74.3164
Colonial Beach,VA,38.2291,-76.9812
Colonial Heights,VA,37.2700,-77.4038
Colony,KS,38.0761,-95.3287
Colony,OK,35.3448,-98.6707
Colora,MD,39.6695,-76.0934
Colorado City,AZ,36.9763,-112.9524
Colorado City,CO,37.9453,-104.8347
Colorado City,TX,32.3987,-100.8609
Colorado Springs,CO,38.8335,-104.8206
Colp,IL,37.8053,-89.0800
Colquitt,GA,31.1711,-84.7333
Colrain,MA,42.6790,-72.7265
Colstrip,MT,45.8842,-106.6231
Colt,AR,35.0961,-90.7872
Colton,CA,34.0580,-117.3186
Colton,NY,44.5016,-74.9327
Colton,OH,41.4647,-83.9525
Colton,OR,45.1573,-122.4248
Colton,SD,43.7951,-96.9572
Colton,WA,46.5901,-117.1692
Coltons Point,MD,38.2370,-76.7646
Colts Neck,NJ,40.3012,-74.1780
Columbia,AL,31.3352,-85.1455
Columbia,CA,38.0397,-120.4056
Columbia,CT,41.6973,-72.3072
Columbia,IA,41.1838,-93.1582
Columbia,IL,38.4325,-90.2027
Columbia,KY,37.1164,-85.2693
Columbia,LA,32.1148,-92.1037
Columbia,MD,39.2141,-76.8788
Columbia,MO,38.9382,-92.3049
Columbia,MS,31.2559,-89.7998
Columbia,NC,35.9057,-76.2345
Columbia,NJ,40.9388,-75.0550
Columbia,PA,40.0391,-76.4862
Columbia,SC,34.0004,-81.0334
Columbia,SC,34.0726,-81.1796
Columbia,SD,45.6717,-98.2952
Columbia,TN,35.6156,-87.0380
Columbia,VA,37.7147,-78.1794
Columbia City,IN,41.1619,-85.4737
Columbia City,OR,45.8925,-122.8122
Columbia Cross Roads,PA,41.8463,-76.7932
Columbia Falls,ME,44.6699,-67.7534
Columbia Falls,MT,48.3534,-114.1784
Columbia Station,OH,41.3187,-81.9344
Columbiana,AL,33.1770,-86.6161
Columbiana,OH,40.8853,-80.6975
Columbiaville,MI,43.1503,-83.3811
Columbiaville,NY,42.3183,-73.7536
Columbus,AR,33.7451,-93.8559
Columbus,GA,32.4730,-84.9795
Columbus,IN,39.2055,-85.9317
Columbus,KS,37.1690,-94.8502
Columbus,KY,36.7555,-89.0983
Columbus,MI,42.8519,-82.6825
Columbus,MS,33.5377,-88.4262
Columbus,MT,45.6262,-109.2571
Columbus,NC,35.2410,-82.1206
Columbus,ND,48.8789,-102.7948
Columbus,NE,41.4372,-97.3565
Columbus,NJ,40.0642,-74.6899
Columbus,NM,31.8275,-107.6394
Columbus,OH,40.1052,-83.0101
Columbus,OH,40.1444,-82.9789
Columbus,PA,41.9382,-79.5731
Columbus,TX,29.7032,-96.5527
Columbus,WI,43.3315,-89.0271
Columbus City,IA,41.2586,-91.3742
Columbus Grove,OH,40.9137,-84.0705
Columbus Junction,IA,41.2799,-91.3742
Colusa,CA,39.2131,-122.0116
Colusa,IL,40.5708,-91.1678
Colver,PA,40.5411,-78.7784
Colville,WA,48.5780,-117.8645
Colwell,IA,43.1558,-92.5939
Colwich,KS,37.7782,-97.5405
Comanche,OK,34.3765,-97.9793
Comanche,TX,31.9116,-98.6082
Combes,TX,26.2483,-97.7336
Combined Locks,WI,44.2666,-88.3133
Combs,AR,35.8483,-93.8252
Combs,KY,37.2913,-83.2023
Comer,GA,34.0888,-83.1220
Comerio,PR,18.2183,-66.2250
Comfort,NC,35.0056,-77.4883
Comfort,TX,29.9791,-98.8438
Comfort,WV,38.1372,-81.5962
Comfrey,MN,44.1111,-94.9134
Comins,MI,44.8264,-84.0261
Commack,NY,40.8430,-73.2799
Commerce,GA,34.2134,-83.4480
Commerce,GA,34.2216,-83.3874
Commerce,MO,37.1589,-89.4428
Commerce,OK,36.9331,-94.8730
Commerce,TX,33.2493,-95.9097
Commerce City,CO,39.8259,-104.9113
Commerce Township,MI,42.5894,-83.4947
Commercial Point,OH,39.7683,-83.0572
Commiskey,IN,38.8526,-85.6434
Commodore,PA,40.7016,-78.9134
Como,CO,39.3161,-105.8922
Como,MS,34.5137,-89.9155
Como,NC,36.4978,-77.0515
Como,TN,36.2931,-88.5122
Como,TX,33.0642,-95.3627
Comptche,CA,39.2499,-123.5857
Compton,AR,36.0979,-93.3099
Compton,CA,33.8907,-118.2390
Compton,IL,41.6850,-89.0877
Compton,MD,38.2750,-76.6933
Comstock,MI,42.2867,-85.5133
Comstock,MN,46.6667,-96.7398
Comstock,NE,41.5553,-99.2753
Comstock,NY,43.4567,-73.3606
Comstock,TX,29.7484,-101.2628
Comstock,WI,45.4911,-92.0860
Comstock Park,MI,43.0578,-85.6845
Conasauga,TN,35.0044,-84.7294
Concan,TX,29.5241,-99.6842
Concepcion,TX,27.5443,-98.3815
Conception,MO,40.2309,-94.6843
Conception Junction,MO,40.2660,-94.6968
Conchas Dam,NM,35.3786,-104.2052
Concho,AZ,34.4458,-109.6741
Concho,OK,35.6156,-97.9942
Conconully,WA,48.5575,-119.7486
Concord,AR,35.6414,-91.8333
Concord,CA,37.9504,-122.0263
Concord,GA,33.0998,-84.4470
Concord,IL,39.8230,-90.3722
Concord,MA,42.4567,-71.3747
Concord,MI,42.1875,-84.6529
Concord,NC,35.3716,-80.5300
Concord,NE,42.3820,-96.9810
Concord,NH,43.2185,-71.5277
Concord,PA,40.2458,-77.7031
Concord,TX,31.2631,-96.1026
Concord,VA,37.3370,-78.9804
Concord,VT,44.4461,-71.8676
Concordia,KS,39.5594,-97.6627
Concordia,MO,38.9776,-93.5812
Concordville,PA,39.8850,-75.5205
Concrete,WA,48.5310,-121.6643
Conda,ID,42.7171,-111.5402
Conde,SD,45.1551,-98.0343
Condon,MT,47.5097,-113.7075
Condon,OR,45.2306,-120.1898
Conehatta,MS,32.4670,-89.2690
Conejos,CO,37.0883,-106.0192
Conestee,SC,34.7681,-82.3500
Conestoga,PA,39.9403,-76.3575
Conesus,NY,42.7216,-77.6747
Conesville,IA,41.3805,-91.3465
Conesville,OH,40.1804,-81.8951
Conetoe,NC,35.8156,-77.4561
Conewango Valley,NY,42.2625,-79.0220
Confluence,PA,39.8212,-79.3513
Conger,MN,43.6114,-93.5224
Congers,NY,41.1487,-73.9413
Congerville,IL,40.6208,-89.1994
Congress,AZ,34.1764,-112.7680
Conifer,CO,39.5197,-105.3169
Conklin,MI,43.1494,-85.8538
Conklin,NY,42.0454,-75.8076
Conley,GA,33.6447,-84.3258
Conneaut,OH,41.9345,-80.5803
Conneaut Lake,PA,41.6189,-80.3086
Conneautville,PA,41.7455,-80.3445
Connell,WA,46.6643,-118.8545
Connellsville,PA,40.0250,-79.5878
Connelly,NY,41.9100,-73.9917
Connellys Springs,NC,35.7070,-81.4930
Conner,MT,45.9128,-114.1800
Connersville,IN,39.6435,-85.1464
Connerville,OK,34.4475,-96.6358
Connoquenessing,PA,40.8178,-80.0144
Conover,NC,35.7313,-81.2165
Conover,OH,40.1457,-84.0283
Conover,WI,46.0440,-89.2389
Conowingo,MD,39.6778,-76.1572
Conrad,IA,42.2342,-92.8865
Conrad,MT,48.1783,-111.9397
Conrath,WI,45.3533,-91.0621
Conroe,TX,30.3125,-95.4527
Conroy,IA,41.7426,-91.9695
Conshohocken,PA,40.0798,-75.3013
Constable,NY,44.9417,-74.3297
Constableville,NY,43.5630,-75.4584
Constantia,NY,43.2728,-76.0042
Constantine,MI,41.8460,-85.6571
Continental,OH,41.1148,-84.2358
Continental Divide,NM,35.5043,-108.4693
Contoocook,NH,43.2189,-71.6963
Convent,LA,30.0553,-90.8650
Converse,IN,40.5770,-85.8763
Converse,LA,31.7852,-93.7157
Converse,SC,34.9919,-81.8350
Converse,TX,29.5173,-98.3217
Convoy,OH,40.9270,-84.7238
Conway,AR,35.0842,-92.4236
Conway,MA,42.5138,-72.7025
Conway,MI,45.4167,-84.8669
Conway,MO,37.5085,-92.7891
Conway,NC,36.4164,-77.2502
Conway,NH,43.9742,-71.1503
Conway,PA,40.6649,-80.2349
Conway,SC,33.8731,-79.0557
Conway,WA,48.3406,-122.3417
Conway Springs,KS,37.3903,-97.6284
Conyers,GA,33.6947,-84.0152
Conyngham,PA,40.9919,-76.0569
Cook,MN,47.8442,-92.7210
Cook,MO,37.8552,-91.4616
Cook,NE,40.4986,-96.1526
Cook Springs,AL,33.5897,-86.3619
Cooke City,MT,45.0167,-109.9333
Cookeville,TN,36.1743,-85.4953
Cooks,MI,45.8997,-86.5307
Cooksburg,PA,41.3384,-79.1971
Cookson,OK,35.7116,-94.9132
Cookstown,NJ,40.0481,-74.5595
Cooksville,IL,40.5360,-88.7350
Cooksville,MD,39.3211,-77.0051
Cookville,TX,33.1819,-94.8733
Cool,CA,38.9036,-120.9730
Cool Ridge,WV,37.6574,-81.1053
Cooleemee,NC,35.8103,-80.5561
Coolidge,AZ,32.9574,-111.5344
Coolidge,GA,30.9859,-83.8752
Coolidge,KS,38.0417,-102.0083
Coolidge,TX,31.7438,-96.6577
Coolin,ID,48.5228,-116.8408
Coolspring,PA,40.9518,-78.9220
Coolville,OH,39.2141,-81.8329
Coon Rapids,IA,41.8940,-94.6800
Coon Valley,WI,43.7218,-91.0143
Cooper,IA,41.9034,-94.3391
Cooper,TX,33.3812,-95.6623
Cooper Landing,AK,60.4767,-149.8235
Coopers Mills,ME,44.2588,-69.5077
Coopers Plains,NY,42.1822,-77.1419
Coopersburg,PA,40.5076,-75.3888
Cooperstown,ND,47.4527,-98.1533
Cooperstown,NY,42.7032,-74.9181
Cooperstown,PA,41.4980,-79.8757
Coopersville,MI,43.0601,-85.9517
Coos Bay,OR,43.3628,-124.2331
Coosa,GA,34.2544,-85.3544
Coosada,AL,32.4967,-86.3317
Coosawhatchie,SC,32.4831,-80.9831
Cooter,MO,36.0467,-89.8100
Copake,NY,42.1113,-73.5526
Copake Falls,NY,42.1367,-73.5108
Copalis Beach,WA,47.0650,-124.1359
Copalis Crossing,WA,47.1253,-124.1347
Copan,OK,36.9062,-95.9130
Cope,CO,39.7462,-102.9881
Cope,SC,33.3726,-80.9631
Copeland,FL,25.9533,-81.3561
Copeland,KS,37.5680,-100.6148
Copemish,MI,44.4503,-85.8879
Copen,WV,38.8306,-80.7285
Copenhagen,NY,43.8801,-75.6839
Copeville,TX,33.0794,-96.4153
Copiague,NY,40.6778,-73.3963
Coplay,PA,40.6849,-75.5188
Coppell,TX,32.9673,-96.9805
Copper Center,AK,61.9158,-144.9779
Copper City,MI,47.2836,-88.3869
Copper Harbor,MI,47.2467,-88.4539
Copper Hill,VA,37.0556,-80.1525
Copperas Cove,TX,31.1258,-97.9121
Copperhill,TN,35.0250,-84.3840
Copperopolis,CA,37.9372,-120.6384
Coquille,OR,43.1884,-124.2014
Cora,WV,37.8342,-82.0267
Cora,WY,43.1399,-109.9154
Coral,MI,43.3645,-85.3792
Coral,PA,40.4992,-79.1742
Coralville,IA,41.6937,-91.5906
Coram,MT,48.4181,-114.0453
Coram,NY,40.8850,-73.0069
Coraopolis,PA,40.5132,-80.1897
Corapeake,NC,36.5179,-76.5979
Corbett,OR,45.5221,-122.2417
Corbettsville,NY,42.0156,-75.7908
Corbin,KY,36.9344,-84.1021
Corbin,VA,38.1994,-77.3892
Corcoran,CA,36.0865,-119.5607
Cord,AR,35.8184,-91.3375
Cordele,GA,31.9633,-83.7825
Cordell,OK,35.2788,-98.9511
Corder,MO,39.1024,-93.6391
Cordesville,SC,33.1621,-79.9205
Cordova,AK,60.1026,-147.9433
Cordova,AL,33.7680,-87.1841
Cordova,IL,41.6928,-90.3071
Cordova,MD,38.8704,-76.0029
Cordova,NC,34.9128,-79.8222
Cordova,NE,40.7185,-97.3407
Cordova,NM,36.0083,-105.8617
Cordova,SC,33.4275,-80.8857
Cordova,TN,35.1776,-89.7738
Corea,ME,44.4053,-67.9850
Corfu,NY,42.9777,-78.3929
Corinna,ME,44.9260,-69.2323
Corinne,UT,41.5450,-112.1514
Corinne,WV,37.5728,-81.3567
Corinth,KY,38.5302,-84.5846
Corinth,ME,44.9837,-69.0085
Corinth,MS,34.9324,-88.5439
Corinth,NY,43.2426,-73.8369
Corinth,VT,44.0325,-72.2822
Corn,OK,35.3998,-98.8062
Cornelia,GA,34.5209,-83.5453
Cornelius,NC,35.4867,-80.8603
Cornelius,OR,45.5290,-123.0415
Cornell,IL,40.9858,-88.7427
Cornell,MI,45.9104,-87.2237
Cornell,WI,45.1619,-91.1733
Cornersville,TN,35.3409,-86.8286
Cornettsville,KY,37.1204,-83.0351
Corning,AR,36.4155,-90.5870
Corning,CA,39.9296,-122.1960
Corning,IA,40.9871,-94.7358
Corning,KS,39.6570,-96.0776
Corning,NY,42.1383,-77.0475
Corning,OH,39.6349,-82.0977
Cornish,ME,43.7796,-70.7784
Cornish,NH,43.4963,-72.3394
Cornish,UT,41.9702,-111.9542
Cornish Flat,NH,43.4972,-72.2800
Cornland,IL,39.9372,-89.4022
Cornucopia,WI,46.8372,-91.0974
Cornville,AZ,34.7256,-111.9086
Cornwall,CT,41.8436,-73.3297
Cornwall,NY,41.4309,-74.0539
Cornwall,PA,40.2736,-76.4064
Cornwall Bridge,CT,41.7701,-73.3675
Cornwall On Hudson,NY,41.4430,-74.0164
Cornwallville,NY,42.3629,-74.1631
Corolla,NC,36.3206,-75.8132
Corona,CA,33.8815,-117.6078
Corona,NM,34.1693,-105.5339
Corona,NY,40.7453,-73.8611
Corona,SD,45.3595,-96.6649
Corona Del Mar,CA,33.6021,-117.8743
Coronado,CA,32.6807,-117.1698
Corozal,PR,18.3431,-66.3172
Corpus Christi,TX,27.7941,-97.4030
Corral,ID,43.3071,-115.0087
Corrales,NM,35.2339,-106.6200
Correctionville,IA,42.4743,-95.7804
Correll,MN,45.2907,-96.1753
Corrigan,TX,31.0007,-94.7959
Corriganville,MD,39.6928,-78.7931
Corry,PA,41.9226,-79.6567
Corryton,TN,36.1200,-83.8130
Corsica,PA,41.1830,-79.1756
Corsica,SD,43.4213,-98.3564
Corsicana,TX,32.0322,-96.3483
Cortaro,AZ,32.3561,-111.0878
Corte Madera,CA,37.9223,-122.5132
Cortez,CO,37.3549,-108.5837
Cortez,FL,27.4727,-82.7006
Cortland,IL,41.9200,-88.6886
Cortland,IN,38.9915,-86.0009
Cortland,NE,40.4976,-96.7166
Cortland,NY,42.5952,-76.1857
Cortland,OH,41.3251,-80.7327
Cortlandt Manor,NY,41.2897,-73.8506
Corunna,IN,41.4504,-85.1370
Corunna,MI,43.0414,-84.0276
Corvallis,MT,46.3142,-114.0960
Corvallis,OR,44.5904,-123.2722
Corwith,IA,42.9927,-93.9323
Cory,CO,38.7881,-107.9867
Cory,IN,39.3435,-87.1956
Corydon,IA,40.7613,-93.3225
Corydon,IN,38.2189,-86.1145
Corydon,KY,37.7443,-87.7000
Cos Cob,CT,41.0530,-73.5935
Cosby,MO,39.8555,-94.6977
Cosby,TN,35.8347,-83.2187
Coshocton,OH,40.2754,-81.8660
Cosmopolis,WA,46.9538,-123.7739
Cosmos,MN,44.9590,-94.6978
Cossayuna,NY,43.1751,-73.4124
Cost,TX,29.4321,-97.5531
Costa,WV,38.1647,-81.7080
Costa Mesa,CA,33.6777,-117.9096
Costilla,NM,36.9526,-105.5016
Cotati,CA,38.3259,-122.7048
Coto Laurel,PR,18.0545,-66.5625
Cotopaxi,CO,38.3703,-105.6875
Cottage Grove,MN,44.8308,-92.9393
Cottage Grove,OR,43.7839,-123.0529
Cottage Grove,TN,36.3479,-88.4614
Cottage Grove,WI,43.0784,-89.2017
Cottage Hills,IL,38.9124,-90.0826
Cottageville,SC,32.9612,-80.4794
Cottageville,WV,38.8633,-81.8186
Cottekill,NY,41.8467,-74.1038
Cotter,AR,36.2804,-92.5328
Cottleville,MO,38.7461,-90.6539
Cotton,GA,31.1614,-84.0669
Cotton,MN,47.1638,-92.4449
Cotton Center,TX,33.9931,-101.9925
Cotton Plant,AR,35.0178,-91.2290
Cotton Valley,LA,32.8190,-93.4259
Cottondale,AL,33.1767,-87.3871
Cottondale,FL,30.8004,-85.3847
Cottonport,LA,30.9862,-92.0581
Cottonton,AL,32.1467,-85.0739
Cottontown,TN,36.4912,-86.6033
Cottonwood,AL,31.0989,-85.3757
Cottonwood,AZ,34.7055,-112.0091
Cottonwood,CA,40.3691,-122.3375
Cottonwood,ID,46.0448,-116.3733
Cottonwood,MN,44.6003,-95.6925
Cottonwood Falls,KS,38.3565,-96.5418
Cotuit,MA,41.6960,-70.4334
Cotulla,TX,28.4398,-99.2328
Couch,MO,36.5653,-91.3310
Couderay,WI,45.8097,-91.3278
Coudersport,PA,41.7815,-78.0039
Cougar,WA,46.0690,-122.2942
Coulee City,WA,47.5966,-119.2758
Coulee Dam,WA,48.1739,-119.1809
Coulter,IA,42.7372,-93.3697
Coulters,PA,40.3031,-79.7944
Coulterville,CA,37.7386,-119.9858
Coulterville,IL,38.1764,-89.5821
Counce,TN,35.0394,-88.2936
Council,ID,44.7628,-116.4518
Council,NC,34.4290,-78.4115
Council Bluffs,IA,41.2530,-95.8810
Council Grove,KS,38.6677,-96.4973
Council Hill,OK,35.5322,-95.7113
Counselor,NM,36.1184,-106.9498
Country Club Hills,IL,41.5598,-87.7185
Countyline,OK,34.4486,-97.5625
Coupeville,WA,48.2189,-122.6823
Coupland,TX,30.5324,-97.3304
Coupon,PA,40.5367,-78.5153
Courtenay,ND,47.2272,-98.5489
Courtland,AL,34.6719,-87.3143
Courtland,CA,38.3058,-121.5543
Courtland,KS,39.7851,-97.8900
Courtland,MN,44.2791,-94.3482
Courtland,MS,34.2596,-89.9396
Courtland,VA,36.7225,-77.0783
Coushatta,LA,32.0501,-93.3156
Cove,AR,34.4192,-94.3923
Cove,OR,45.3199,-117.8147
Cove City,NC,35.2023,-77.2963
Covel,WV,37.4908,-81.3228
Covelo,CA,39.8019,-123.2150
Coventry,CT,41.7822,-72.3332
Coventry,RI,41.6914,-71.5768
Coventry,VT,44.8809,-72.2545
Covert,MI,42.2911,-86.2743
Covesville,VA,37.9080,-78.7127
Covina,CA,34.0972,-117.9065
Covington,GA,33.5817,-83.8467
Covington,IN,40.1326,-87.3819
Covington,KY,39.0708,-84.5212
Covington,LA,30.4876,-90.0959
Covington,MI,46.5572,-88.5245
Covington,OH,40.1176,-84.3496
Covington,OK,36.3099,-97.5752
Covington,PA,41.7393,-77.1088
Covington,TN,35.5598,-89.6501
Covington,TX,32.1595,-97.2591
Covington,VA,37.7842,-80.0032
Cowan,TN,35.1701,-86.0190
Cowanesque,PA,41.9331,-77.4975
Cowansville,PA,40.9230,-79.5946
Coward,SC,33.9905,-79.7515
Cowarts,AL,31.2000,-85.3047
Cowden,IL,39.2326,-88.8868
Cowdrey,CO,40.8597,-106.3125
Cowen,WV,38.4133,-80.5358
Coweta,OK,35.9578,-95.6526
Cowgill,MO,39.5643,-93.9295
Cowiche,WA,46.6661,-120.7149
Cowlesville,NY,42.8112,-78.4481
Cowley,WY,44.8833,-108.4689
Cowpens,SC,35.0390,-81.8220
Coxs Creek,KY,37.8964,-85.4842
Coxs Mills,WV,39.0021,-80.8746
Coxsackie,NY,42.3501,-73.8199
Coy,AL,31.8889,-87.3926
Coy,AR,34.5386,-91.8739
Coyanosa,TX,31.2295,-103.0538
Coyle,OK,35.8985,-97.2607
Coyote,CA,37.2167,-121.7460
Coyote,NM,36.1675,-106.6158
Cozad,NE,40.8619,-99.9921
Crab Orchard,KY,37.4465,-84.4939
Crab Orchard,NE,40.3166,-96.4116
Crab Orchard,TN,35.8898,-84.8586
Crab Orchard,WV,37.7205,-81.2491
Crabtree,OR,44.6353,-122.8969
Crabtree,PA,40.3622,-79.4708
Craddockville,VA,37.5817,-75.8692
Craftsbury,VT,44.6434,-72.3660
Craftsbury Common,VT,44.6529,-72.4146
Cragford,AL,33.2171,-85.7108
Cragsmoor,NY,41.6733,-74.3858
Craig,AK,55.4732,-133.1171
Craig,CO,40.5224,-107.5615
Craig,MO,40.1939,-95.3770
Craig,NE,41.7715,-96.3924
Craigmont,ID,46.2453,-116.4677
Craigsville,VA,38.0768,-79.3619
Craigsville,WV,38.3254,-80.6444
Craigville,IN,40.7930,-85.0904
Craley,PA,39.9475,-76.5108
Cramerton,NC,35.2396,-81.0831
Cranberry,PA,41.3372,-79.7191
Cranberry Isles,ME,44.2483,-68.2608
Cranberry Lake,NY,44.2225,-74.8367
Cranberry Twp,PA,40.6922,-80.1233
Cranbury,NJ,40.3039,-74.5065
Crandall,GA,34.9412,-84.7645
Crandall,IN,38.2893,-86.0698
Crandall,TX,32.5975,-96.4637
Crandon,WI,45.5416,-88.9116
Crane,IN,38.8496,-86.8655
Crane,MO,36.9258,-93.5303
Crane,MT,47.5758,-104.2619
Crane,OR,43.4262,-118.4642
Crane,TX,31.3969,-102.3544
Crane Hill,AL,34.0821,-87.0484
Crane Lake,MN,48.2594,-92.4896
Cranesville,PA,41.9162,-80.3085
Cranfills Gap,TX,31.7811,-97.7854
Cranford,NJ,40.6554,-74.3057
Cranks,KY,36.7602,-83.2039
Cranston,RI,41.7766,-71.4383
Crapo,MD,38.3295,-76.1142
Crary,ND,48.0530,-98.6212
Craryville,NY,42.1760,-73.6571
Crater Lake,OR,42.9439,-122.1056
Crawford,CO,38.6941,-107.6149
Crawford,GA,33.9095,-83.1893
Crawford,MS,33.3219,-88.5671
Crawford,NE,42.6758,-103.4053
Crawford,OK,35.8368,-99.8064
Crawford,TN,36.2361,-85.1688
Crawford,TX,31.5598,-97.3900
Crawford,WV,38.8401,-80.4007
Crawfordsville,AR,35.2119,-90.3351
Crawfordsville,IA,41.2093,-91.5414
Crawfordsville,IN,40.0325,-86.9074
Crawfordsville,OR,44.3572,-122.8567
Crawfordville,FL,30.1758,-84.3753
Crawfordville,GA,33.5708,-82.8872
Crawley,WV,37.9397,-80.6309
Crayne,KY,37.2706,-88.0825
Creal Springs,IL,37.6284,-88.8807
Cream Ridge,NJ,40.1279,-74.4994
Creamery,PA,40.2200,-75.4167
Creede,CO,37.8164,-106.9277
Creedmoor,NC,36.1124,-78.6476
Creekside,PA,40.7199,-79.2014
Creighton,MO,38.5078,-94.0926
Creighton,NE,42.4681,-97.8932
Creighton,PA,40.5821,-79.7818
Crenshaw,MS,34.4540,-90.1855
Creola,AL,30.9013,-88.0174
Creola,OH,39.3497,-82.4938
Creole,LA,29.7978,-93.0349
Cresbard,SD,45.1691,-98.9411
Crescent,GA,31.4967,-81.3892
Crescent,IA,41.3644,-95.8276
Crescent,OK,35.9420,-97.5969
Crescent,OR,43.4972,-121.6648
Crescent,PA,40.5575,-80.2303
Crescent City,CA,41.7854,-124.1784
Crescent City,FL,29.4454,-81.5579
Crescent City,IL,40.7682,-87.8370
Crescent Lake,OR,43.5094,-121.9683
Crescent Mills,CA,40.0819,-120.8820
Crescent Valley,NV,40.4624,-116.4774
Cresco,IA,43.3630,-92.1260
Cresco,PA,41.1606,-75.2682
Cressey,CA,37.4197,-120.6664
Cresskill,NJ,40.9418,-73.9652
Cresson,PA,40.4608,-78.5861
Cresson,TX,32.5307,-97.6519
Cressona,PA,40.6284,-76.1950
Crest Hill,IL,41.5662,-88.1169
Crest Park,CA,34.2339,-117.1956
Crested Butte,CO,38.8691,-106.9619
Crestline,CA,34.2419,-117.2847
Crestline,KS,37.1612,-94.6783
Crestline,OH,40.7927,-82.7367
Creston,CA,35.4915,-120.5542
Creston,IA,41.0624,-94.3692
Creston,IL,41.9308,-88.9644
Creston,NC,36.4500,-81.6506
Creston,NE,41.6607,-97.3687
Creston,OH,40.9788,-81.9211
Creston,WA,47.7977,-118.5307
Creston,WV,38.9378,-81.2369
Crestone,CO,37.9964,-105.6992
Crestview,FL,30.7706,-86.5537
Crestwood,KY,38.3326,-85.4610
Creswell,NC,35.8653,-76.4196
Creswell,OR,43.9058,-123.0284
Crete,IL,41.4390,-87.6027
Crete,NE,40.6193,-96.9567
Creve Coeur,IL,40.6472,-89.5911
Crewe,VA,37.1657,-78.1059
Criders,VA,38.7497,-78.9974
Crimora,VA,38.1684,-78.8413
Cripple Creek,CO,38.7467,-105.1778
Cripple Creek,VA,36.8086,-81.1039
Crisfield,MD,37.9845,-75.8429
Crittenden,KY,38.7741,-84.5982
Crittenden,NY,42.9461,-78.4850
Critz,VA,36.6211,-80.1298
Crivitz,WI,45.2541,-88.0613
Crocheron,MD,38.2428,-76.0525
Crocker,MO,37.9446,-92.2700
Crockett,CA,38.0519,-122.2177
Crockett,KY,37.9856,-83.0908
Crockett,TX,31.3151,-95.4683
Crockett,VA,36.8768,-81.2089
Crockett Mills,TN,35.8675,-89.1692
Crocketts Bluff,AR,34.4253,-91.2321
Crocketville,SC,32.9164,-81.0775
Crofton,KY,37.0344,-87.4891
Crofton,MD,39.0112,-76.6802
Crofton,NE,42.7370,-97.5406
Croghan,NY,43.9095,-75.3542
Cromona,KY,37.1864,-82.6972
Crompond,NY,41.2950,-73.8658
Cromwell,CT,41.6105,-72.6663
Cromwell,IA,41.0394,-94.4617
Cromwell,IN,41.3751,-85.6031
Cromwell,KY,37.3418,-86.7700
Cromwell,MN,46.6718,-92.8739
Cromwell,OK,35.3400,-96.4569
Crook,CO,40.8747,-102.8472
Crooked Creek,AK,61.8181,-158.0025
Crooks,SD,43.6451,-96.8183
Crookston,MN,47.7797,-96.5931
Crookston,NE,42.9255,-100.7735
Crooksville,OH,39.7623,-82.0840
Cropsey,IL,40.6030,-88.4943
Cropseyville,NY,42.7667,-73.4719
Cropwell,AL,33.5064,-86.2800
Crosby,MN,46.5091,-93.9874
Crosby,MS,31.2994,-91.0237
Crosby,ND,48.8836,-103.2740
Crosby,PA,41.7134,-78.3746
Crosby,TX,29.9378,-95.0752
Crosbyton,TX,33.6562,-101.2287
Cross,SC,33.3364,-80.1859
Cross Anchor,SC,34.6428,-81.8581
Cross City,FL,29.6342,-83.1253
Cross Fork,PA,41.4737,-77.8095
Cross Hill,SC,34.2693,-81.9843
Cross Junction,VA,39.3762,-78.2997
Cross Plains,IN,38.9490,-85.2122
Cross Plains,TN,36.5531,-86.6761
Cross Plains,TX,32.1482,-99.1872
Cross Plains,WI,43.1132,-89.6397
Cross River,NY,41.2722,-73.6020
Cross Timbers,MO,38.0239,-93.1978
Cross Village,MI,45.6422,-85.0375
Crossett,AR,33.1524,-91.9592
Crosslake,MN,46.6786,-94.1143
Crossnore,NC,36.0217,-81.9297
Crossroads,NM,33.5272,-103.3564
Crossville,AL,34.2588,-86.0306
Crossville,IL,38.1660,-88.0595
Crossville,TN,35.9440,-85.0172
Croswell,MI,43.2622,-82.6337
Crothersville,IN,38.8067,-85.8470
Croton,OH,40.2376,-82.6989
Croton Falls,NY,41.3472,-73.6614
Croton On Hudson,NY,41.2180,-73.8924
Crouse,NC,35.4837,-81.3419
Crouseville,ME,46.7550,-68.0969
Crow Agency,MT,45.6296,-107.4973
Crowder,MS,34.1731,-90.1364
Crowder,OK,35.1239,-95.6697
Crowell,TX,33.9912,-99.6983
Crowheart,WY,43.3716,-109.2960
Crowley,CO,38.1930,-103.8555
Crowley,LA,30.2148,-92.3777
Crowley,TX,32.5814,-97.3703
Crown,PA,41.3897,-79.2711
Crown City,OH,38.6135,-82.2657
Crown King,AZ,34.2241,-112.3340
Crown Point,IN,41.4236,-87.3556
Crown Point,NY,43.9526,-73.4665
Crownpoint,NM,35.7206,-108.0271
Crownsville,MD,39.0489,-76.5935
Crows Landing,CA,37.4390,-121.0199
Crowville,LA,32.2406,-91.5900
Croydon,PA,40.0933,-74.8991
Croydon,UT,41.0689,-111.5231
Crozet,VA,38.0813,-78.7044
Crozier,VA,37.6718,-77.7940
Crp Christi,TX,27.7683,-97.4013
Crucible,PA,39.9483,-79.9650
Cruger,MS,33.3110,-90.2316
Crum,WV,37.9389,-82.4624
Crum Lynne,PA,39.8685,-75.3374
Crump,TN,35.2216,-88.3356
Crumpler,NC,36.4641,-81.4039
Crumpton,MD,39.2330,-75.9195
Crumrod,AR,34.2162,-90.9495
Crystal,MI,43.2624,-84.8993
Crystal,ND,48.5924,-97.6738
Crystal Bay,MN,44.9531,-93.5761
Crystal Bay,NV,39.2261,-120.0031
Crystal Beach,FL,28.0911,-82.7800
Crystal City,MO,38.2300,-90.3825
Crystal City,TX,28.6870,-99.8264
Crystal Falls,MI,46.1093,-88.3505
Crystal Hill,VA,36.8732,-78.9706
Crystal Lake,IA,43.2187,-93.7942
Crystal Lake,IL,42.2662,-88.3213
Crystal River,FL,28.9593,-82.6259
Crystal Spring,PA,39.9200,-78.2258
Crystal Springs,FL,28.1811,-82.1578
Crystal Springs,MS,31.9933,-90.3744
Cub Run,KY,37.3149,-86.0813
Cuba,AL,32.4110,-88.3611
Cuba,IL,40.4995,-90.1811
Cuba,KS,39.7975,-97.4496
Cuba,MO,38.0926,-91.4081
Cuba,NM,36.0482,-107.1885
Cuba,NY,42.1882,-78.2751
Cuba,OH,39.3611,-83.8639
Cuba City,WI,42.5991,-90.4749
Cubero,NM,35.1174,-107.8567
Cucumber,WV,37.2778,-81.6269
Cudahy,WI,42.9490,-87.8620
Cuddebackville,NY,41.4776,-74.5976
Cuddy,PA,40.3601,-80.1644
Cuero,TX,29.0910,-97.2812
Cuervo,NM,35.0101,-104.3999
Culberson,NC,34.9917,-84.1678
Culbertson,MT,48.1495,-104.5132
Culbertson,NE,40.2237,-100.8500
Culdesac,ID,46.3780,-116.6536
Culebra,PR,18.3050,-65.3014
Cullen,LA,32.9689,-93.4506
Cullen,VA,37.1552,-78.6459
Culleoka,TN,35.4749,-87.0005
Cullman,AL,34.1761,-86.8298
Culloden,GA,32.8301,-84.0456
Culloden,WV,38.4198,-82.0690
Cullom,IL,40.8781,-88.2765
Cullowhee,NC,35.2409,-83.1475
Culp Creek,OR,43.6845,-122.7524
Culpeper,VA,38.4811,-78.0041
Culver,IN,41.2231,-86.4129
Culver,OR,44.4818,-121.2344
Culver City,CA,33.9949,-118.3991
Cumberland,IA,41.2632,-94.8710
Cumberland,KY,36.9711,-82.9771
Cumberland,MD,39.6504,-78.7574
Cumberland,NC,35.0047,-78.9675
Cumberland,OH,39.8741,-81.6259
Cumberland,RI,41.9484,-71.4154
Cumberland,VA,37.5019,-78.2581
Cumberland,WI,45.5403,-92.0297
Cumberland Center,ME,43.8098,-70.2484
Cumberland City,TN,36.3669,-87.6349
Cumberland Foreside,ME,43.7745,-70.1883
Cumberland Furnace,TN,36.3161,-87.4066
Cumberland Gap,TN,36.5504,-83.6810
Cumbola,PA,40.7117,-76.1381
Cumby,TX,33.1118,-95.7945
Cummaquid,MA,41.7017,-70.2736
Cumming,GA,34.2470,-84.1812
Cumming,IA,41.4849,-93.7539
Cummings,KS,39.4830,-95.2863
Cummings,ND,47.5370,-96.9913
Cummington,MA,42.4353,-72.9058
Cumnock,NC,35.4709,-79.1722
Cuney,TX,32.0319,-95.4172
Cunningham,KS,37.6661,-98.3930
Cunningham,KY,36.8963,-88.8728
Cunningham,TN,36.3789,-87.4245
Cunningham,TX,33.4264,-95.3572
Cupertino,CA,37.3174,-122.0386
Curdsville,KY,37.7350,-87.3317
Curlew,IA,42.9633,-94.7975
Curlew,WA,48.9108,-118.6452
Curllsville,PA,41.0986,-79.4469
Curran,MI,44.7336,-83.8320
Currie,MN,44.0946,-95.6953
Currie,NC,34.4497,-78.0925
Currituck,NC,36.4297,-75.9884
Curryville,MO,39.3257,-91.3493
Curryville,PA,40.2758,-78.3386
Curtice,OH,41.6477,-83.2858
Curtin,OR,43.7225,-123.2108
Curtis,AR,33.9978,-93.1056
Curtis,MI,46.2048,-85.7865
Curtis,NE,40.6131,-100.5104
Curtis,WA,46.5584,-123.1570
Curtis Bay,MD,39.2093,-76.5691
Curtiss,WI,44.9602,-90.4592
Curtisville,PA,40.6422,-79.8511
Curwensville,PA,40.9660,-78.5272
Cushing,IA,42.4642,-95.6775
Cushing,ME,43.9867,-69.2721
Cushing,MN,46.2022,-94.6185
Cushing,OK,35.9822,-96.7526
Cushing,TX,31.7978,-94.8539
Cushing,WI,45.5604,-92.6241
Cushman,AR,35.8697,-91.7765
Cusick,WA,48.3915,-117.3295
Cusseta,AL,32.8032,-85.2158
Cusseta,GA,32.2990,-84.7645
Custar,OH,41.2953,-83.8349
Custer,KY,37.7426,-86.2710
Custer,MI,43.9442,-86.2204
Custer,MT,46.1302,-107.5958
Custer,SD,43.7409,-103.6185
Custer,WA,48.9374,-122.6226
Custer,WI,44.5662,-89.4153
Custer City,OK,35.6894,-98.9120
Custer City,PA,41.9058,-78.6519
Cut Bank,MT,48.6603,-112.3654
Cut Off,LA,29.5232,-90.3393
Cutchogue,NY,41.0139,-72.4803
Cuthbert,GA,31.7711,-84.7894
Cutler,CA,36.5243,-119.2870
Cutler,IL,38.0427,-89.5661
Cutler,IN,40.4785,-86.4462
Cutler,ME,44.6753,-67.2499
Cutler,OH,39.4042,-81.7657
Cutten,CA,40.7700,-124.1417
Cuttingsville,VT,43.5221,-72.8691
Cuttyhunk,MA,41.4436,-70.8785
Cuyahoga Falls,OH,41.1401,-81.4790
Cyclone,PA,41.8263,-78.5667
Cyclone,WV,37.7447,-81.6505
Cygnet,OH,41.2470,-83.6142
Cylinder,IA,43.1507,-94.5107
Cynthiana,IN,38.1743,-87.7115
Cynthiana,KY,38.3964,-84.2949
Cynthiana,OH,39.1736,-83.3486
Cypress,CA,33.8186,-118.0387
Cypress,FL,30.7131,-85.0739
Cypress,IL,37.3662,-89.0144
Cypress,TX,29.9689,-95.6969
Cypress Inn,TN,35.0579,-87.7883
Cyril,OK,34.8959,-98.2083
Cyrus,MN,45.5695,-95.7070
D Hanis,TX,29.3398,-99.2835
D Lo,MS,31.9856,-89.8992
Dacoma,OK,36.6606,-98.5942
Dacono,CO,40.0836,-104.9297
Dacula,GA,33.9886,-83.8981
Dade City,FL,28.4297,-82.2082
Dadeville,AL,32.8224,-85.7704
Dadeville,MO,37.5105,-93.6956
Dafter,MI,46.3492,-84.3997
Daggett,CA,34.8668,-116.8876
Daggett,MI,45.4887,-87.6079
Dagmar,MT,48.6093,-104.2401
Dagsboro,DE,38.5596,-75.2113
Dagus Mines,PA,41.3539,-78.6058
Dahinda,IL,40.9551,-90.1398
Dahlen,ND,48.1599,-97.9573
Dahlgren,IL,38.1975,-88.6363
Dahlgren,VA,38.3375,-77.0429
Dahlonega,GA,34.5299,-83.9798
Dailey,WV,38.7986,-79.8964
Daingerfield,TX,33.0313,-94.7359
Dairy,OR,42.2581,-121.6425
Daisetta,TX,30.1131,-94.6428
Daisy,GA,32.1517,-81.8347
Daisy,MO,37.5151,-89.8213
Daisy,OK,34.5384,-95.7088
Daisytown,PA,40.0743,-79.9670
Dakota,IL,42.4031,-89.5468
Dakota,MN,43.9148,-91.3940
Dakota City,IA,42.7200,-94.2000
Dakota City,NE,42.3807,-96.4536
Dalbo,MN,45.6787,-93.4419
Dale,IL,37.9966,-88.5342
Dale,IN,38.1706,-87.0070
Dale,NY,42.8263,-78.1749
Dale,SC,32.5564,-80.6900
Dale,TX,29.9528,-97.5810
Dale,WI,44.2731,-88.6783
Daleville,AL,31.2811,-85.7305
Daleville,IN,40.1257,-85.5110
Daleville,MS,32.5511,-88.6609
Daleville,VA,37.4125,-79.9211
Dalhart,TX,36.0732,-102.5177
Dallardsville,TX,30.6283,-94.6317
Dallas,GA,33.9163,-84.8278
Dallas,IA,41.2213,-93.2535
Dallas,NC,35.3349,-81.1862
Dallas,OR,44.9225,-123.3200
Dallas,PA,41.3638,-75.9589
Dallas,SD,43.2351,-99.5140
Dallas,TX,32.7904,-96.8044
Dallas,TX,32.9968,-96.7921
Dallas,WI,45.2549,-91.8368
Dallas,WV,39.9783,-80.5508
Dallas Center,IA,41.6862,-93.9707
Dallas City,IL,40.6201,-91.1635
Dallastown,PA,39.9001,-76.6448
Dallesport,WA,45.6175,-121.1783
Dalmatia,PA,40.6483,-76.8797
Dalton,GA,34.7697,-84.9702
Dalton,MA,42.4750,-73.1603
Dalton,MN,46.1544,-95.8500
Dalton,MO,39.4035,-92.9944
Dalton,NE,41.4068,-102.9726
Dalton,NY,42.5449,-77.9289
Dalton,OH,40.7793,-81.7008
Dalton,PA,41.5395,-75.7037
Dalton,WI,43.6718,-89.1918
Dalton City,IL,39.7119,-88.7975
Daly City,CA,37.7074,-122.4587
Dalzell,IL,41.3731,-89.2033
Dalzell,SC,34.0144,-80.4665
Damar,KS,39.3242,-99.5811
Damariscotta,ME,44.0293,-69.5042
Damascus,AR,35.2910,-92.4330
Damascus,GA,31.2989,-84.7189
Damascus,MD,39.2761,-77.2131
Damascus,OH,40.9019,-80.9553
Damascus,OR,45.4254,-122.4369
Damascus,PA,41.7366,-75.1312
Damascus,VA,36.6403,-81.7776
Dameron,MD,38.1533,-76.3575
Dammeron Valley,UT,37.2849,-113.6586
Damon,TX,29.3014,-95.7036
Dana,IA,42.1063,-94.2322
Dana,IL,40.9547,-88.9628
Dana,IN,39.7528,-87.5010
Dana,KY,37.5467,-82.6705
Dana,NC,35.3292,-82.3756
Dana Point,CA,33.4770,-117.7005
Danboro,PA,40.3544,-75.1331
Danbury,CT,41.3917,-73.4532
Danbury,IA,42.2693,-95.7263
Danbury,NC,36.4559,-80.2194
Danbury,NE,40.0377,-100.4242
Danbury,NH,43.5115,-71.8691
Danbury,TX,29.2291,-95.3435
Danbury,WI,46.0297,-92.2660
Danby,VT,43.3583,-73.0129
Danciger,TX,29.1714,-95.8186
Dandridge,TN,36.0018,-83.4044
Dane,WI,43.2424,-89.5117
Danese,WV,37.9036,-80.9471
Danevang,TX,29.0670,-96.1976
Danforth,IL,40.8244,-87.9868
Danforth,ME,45.6687,-67.8688
Dania,FL,26.0476,-80.1447
Daniel,WY,42.9176,-110.1336
Daniels,WV,37.7322,-81.1391
Danielson,CT,41.7982,-71.8807
Danielsville,GA,34.1708,-83.2758
Danielsville,PA,40.7866,-75.5186
Dannebrog,NE,41.1192,-98.5546
Dannemora,NY,44.7214,-73.7242
Dansville,MI,42.5505,-84.2939
Dansville,NY,42.5700,-77.7109
Dante,SD,42.9967,-98.1746
Dante,VA,37.0054,-82.2815
Danube,MN,44.7956,-95.0784
Danvers,IL,40.5364,-89.1885
Danvers,MA,42.5694,-70.9425
Danvers,MN,45.3419,-95.8862
Danville,AL,34.4522,-87.0532
Danville,AR,35.0495,-93.3929
Danville,CA,37.8208,-121.9067
Danville,GA,32.5930,-83.3033
Danville,IA,40.8540,-91.3140
Danville,IL,40.1370,-87.6217
Danville,IN,39.7628,-86.5343
Danville,KS,37.2674,-97.8689
Danville,KY,37.6465,-84.7747
Danville,ME,44.0365,-70.2721
Danville,NH,42.9234,-71.1210
Danville,OH,40.4557,-82.2639
Danville,PA,40.9799,-76.6229
Danville,VA,36.6218,-79.4124
Danville,VT,44.4332,-72.1133
Danville,WA,48.9725,-118.4884
Danville,WV,38.0336,-81.8542
Daphne,AL,30.6197,-87.8895
Darby,MT,46.0280,-114.1938
Darby,PA,39.9167,-75.2662
Dardanelle,AR,35.1955,-93.1873
Dardanelle,CA,38.3411,-119.8328
Darden,TN,35.6630,-88.2177
Darfur,MN,44.0610,-94.8134
Darien,CT,41.0768,-73.4853
Darien,GA,31.3826,-81.4312
Darien,IL,41.7519,-87.9739
Darien,WI,42.6435,-88.7142
Darien Center,NY,42.8948,-78.3878
Darling,MS,34.3589,-90.2742
Darlington,IN,40.1118,-86.7645
Darlington,MD,39.6540,-76.2278
Darlington,MO,40.1955,-94.4049
Darlington,PA,40.7968,-80.4556
Darlington,SC,34.3003,-79.8732
Darlington,WI,42.6878,-90.1106
Darragh,PA,40.2604,-79.6780
Darrington,WA,48.2493,-121.5918
Darrouzett,TX,36.4461,-100.3244
Darrow,LA,30.1300,-90.9651
Dartmouth,MA,41.6408,-70.9800
Darwin,CA,36.2681,-117.5908
Darwin,MN,45.1029,-94.4249
Dassel,MN,45.1032,-94.3305
Dateland,AZ,32.8679,-113.4631
Datil,NM,34.0427,-108.0183
Datto,AR,36.3897,-90.7231
Daufuskie Island,SC,32.1042,-80.8856
Dauphin,PA,40.3846,-76.9283
Dauphin Island,AL,30.2521,-88.1096
Davenport,CA,37.0631,-122.2257
Davenport,FL,28.2200,-81.6205
Davenport,IA,41.5218,-90.5743
Davenport,ND,46.6968,-97.0871
Davenport,NE,40.3108,-97.8050
Davenport,NY,42.4711,-74.8357
Davenport,OK,35.7047,-96.7650
Davenport,VA,37.0680,-82.1229
Davenport,WA,47.6809,-118.1667
Davenport Center,NY,42.4523,-74.9070
Davey,NE,41.0025,-96.6414
David,KY,37.6044,-82.8927
David City,NE,41.2373,-97.1262
Davidson,NC,35.4992,-80.8489
Davidson,OK,34.2514,-99.0640
Davidsonville,MD,38.9374,-76.6375
Davidsville,PA,40.2245,-78.9363
Davilla,TX,30.7675,-97.2009
Davin,WV,37.7265,-81.8057
Davis,CA,38.5548,-121.7485
Davis,IL,42.4422,-89.4067
Davis,NC,34.7972,-76.4606
Davis,OK,34.4953,-97.1084
Davis,SD,43.2864,-96.9792
Davis,WV,39.0882,-79.4563
Davis City,IA,40.6321,-93.8070
Davis Creek,CA,41.8626,-120.3235
Davis Junction,IL,42.0979,-89.0838
Davis Station,SC,33.6025,-80.2647
Davis Wharf,VA,37.5528,-75.8783
Davisboro,GA,32.9443,-82.6227
Davisburg,MI,42.7541,-83.5200
Davison,MI,43.0348,-83.5268
Daviston,AL,33.0335,-85.7538
Davisville,MO,37.7926,-91.1329
Davisville,WV,39.2126,-81.4799
Davy,WV,37.4683,-81.6679
Dawes,WV,38.1428,-81.4522
Dawn,MO,39.6665,-93.5964
Dawn,TX,34.9103,-102.1994
Dawson,AL,34.3568,-85.9292
Dawson,GA,31.7733,-84.4467
Dawson,IA,41.8324,-94.2171
Dawson,IL,39.8563,-89.4603
Dawson,MN,44.9317,-96.0150
Dawson,ND,46.8296,-99.7635
Dawson,NE,40.1377,-95.8341
Dawson,PA,40.0638,-79.6602
Dawson,TX,31.8974,-96.7085
Dawson Springs,KY,37.1964,-87.6821
Dawsonville,GA,34.3943,-84.1037
Day,FL,30.1497,-83.2851
Dayhoit,KY,36.8646,-83.3943
Daykin,NE,40.3192,-97.3043
Days Creek,OR,42.9819,-123.1439
Dayton,IA,42.2594,-94.0610
Dayton,ID,42.1184,-111.9858
Dayton,IN,40.3742,-86.7689
Dayton,KY,39.1114,-84.4712
Dayton,MD,39.2339,-76.9968
Dayton,MN,45.1982,-93.4668
Dayton,MT,47.8607,-114.2809
Dayton,NJ,40.3825,-74.5111
Dayton,NV,39.2806,-119.5287
Dayton,NY,42.4231,-78.9818
Dayton,OH,39.7578,-84.1777
Dayton,OH,39.7654,-84.0998
Dayton,OR,45.1977,-123.0753
Dayton,PA,40.8741,-79.2686
Dayton,TN,35.5002,-85.0135
Dayton,TX,30.0102,-94.8787
Dayton,VA,38.4339,-78.9937
Dayton,WA,46.3075,-117.9738
Dayton,WY,44.8780,-107.3026
Daytona Beach,FL,29.2012,-81.0371
Dayville,CT,41.8540,-71.8683
Dayville,OR,44.4663,-119.5312
Dazey,ND,47.1955,-98.1439
De Armanville,AL,33.6264,-85.7514
De Beque,CO,39.3118,-108.2304
De Berry,TX,32.2543,-94.1356
De Borgia,MT,47.3758,-115.3450
De Forest,WI,43.2357,-89.3297
De Graff,OH,40.3058,-83.9153
De Kalb,MO,39.5834,-94.9270
De Kalb,MS,32.7162,-88.7332
De Kalb,TX,33.4727,-94.6211
De Kalb Junction,NY,44.4896,-75.2871
De Lancey,PA,40.9814,-78.9794
De Land,IL,40.1107,-88.6392
De Leon,TX,32.1087,-98.5489
De Leon Springs,FL,29.1166,-81.3488
De Mossville,KY,38.7516,-84.4708
De Pere,WI,44.4388,-88.0806
De Peyster,NY,44.5413,-75.4328
De Queen,AR,34.0442,-94.3386
De Ruyter,NY,42.7494,-75.8582
De Smet,SD,44.3852,-97.5634
De Soto,GA,31.9502,-84.0271
De Soto,IA,41.5333,-94.0276
De Soto,IL,37.8147,-89.2218
De Soto,KS,38.9566,-94.9647
De Soto,MO,38.1204,-90.5546
De Soto,WI,43.4947,-91.1930
De Tour Village,MI,45.9939,-83.9396
De Valls Bluff,AR,34.7447,-91.4982
De Witt,AR,34.2853,-91.3336
De Witt,IA,41.8267,-90.5237
De Witt,MO,39.3590,-93.3016
De Witt,NE,40.3944,-96.9338
De Young,PA,41.5747,-78.9119
Deadwood,OR,44.1451,-123.6883
Deadwood,SD,44.3566,-103.6999
Deal,NJ,40.2506,-74.0020
Deal Island,MD,38.1533,-75.9496
Deale,MD,38.7829,-76.5515
Deane,KY,37.2333,-82.7997
Deansboro,NY,42.9818,-75.4383
Deanville,TX,30.4319,-96.7558
Dearborn,MI,42.3053,-83.1605
Dearborn,MO,39.5172,-94.7664
Dearborn Heights,MI,42.2768,-83.2606
Dearing,GA,33.4070,-82.3955
Dearing,KS,37.0586,-95.7131
Deary,ID,46.8061,-116.5238
Death Valley,CA,36.4672,-116.8937
Deatsville,AL,32.6134,-86.3382
Deaver,WY,44.9257,-108.5979
Debary,FL,28.8846,-81.3065
Debord,KY,37.7900,-82.5867
Decatur,AL,34.5896,-86.9887
Decatur,AR,36.3347,-94.4534
Decatur,GA,33.7699,-84.2950
Decatur,IA,40.7553,-93.8326
Decatur,IL,39.8271,-88.9260
Decatur,IN,40.8273,-84.9314
Decatur,MI,42.1012,-86.0338
Decatur,MS,32.4358,-89.1168
Decatur,NE,41.9966,-96.2595
Decatur,OH,38.8156,-83.7039
Decatur,TN,35.5072,-84.8081
Decatur,TX,33.2351,-97.5740
Decaturville,TN,35.5585,-88.1334
Decherd,TN,35.2326,-86.0589
Decker,IN,38.5076,-87.5537
Decker,MI,43.4775,-83.0638
Decker,MT,45.1797,-106.8721
Deckerville,MI,43.5151,-82.7191
Declo,ID,42.5240,-113.6448
Decorah,IA,43.3227,-91.7939
Dedham,IA,41.9055,-94.8149
Dedham,MA,42.2437,-71.1637
Deedsville,IN,40.9103,-86.1011
Deep Gap,NC,36.2136,-81.5163
Deep River,CT,41.3765,-72.4486
Deep River,IA,41.5717,-92.3645
Deep Run,NC,35.1630,-77.6928
Deep Water,WV,38.1267,-81.2639
Deepwater,MO,38.2432,-93.7303
Deepwater,NJ,39.6833,-75.4908
Deer,AR,35.8530,-93.3174
Deer Creek,IL,40.6280,-89.3003
Deer Creek,MN,46.4112,-95.2673
Deer Creek,OK,36.8048,-97.5136
Deer Grove,IL,41.6316,-89.6972
Deer Harbor,WA,48.6203,-122.9983
Deer Island,OR,45.9356,-122.8985
Deer Isle,ME,44.2340,-68.6448
Deer Lodge,MT,46.3881,-112.7476
Deer Lodge,TN,36.2176,-84.8191
Deer Park,AL,31.1849,-88.3273
Deer Park,CA,38.5758,-122.4489
Deer Park,NY,40.7591,-73.3257
Deer Park,TX,29.6826,-95.1222
Deer Park,WA,47.9486,-117.4436
Deer Park,WI,45.1690,-92.3585
Deer River,MN,47.3829,-93.8498
Deer River,NY,43.9297,-75.5894
Deer Trail,CO,39.5931,-104.0680
Deerbrook,WI,45.2368,-89.1873
Deerfield,IL,42.1705,-87.8590
Deerfield,KS,38.0068,-101.1431
Deerfield,MA,42.5406,-72.6072
Deerfield,MI,41.8909,-83.7847
Deerfield,MO,37.8211,-94.4848
Deerfield,NH,43.1378,-71.2513
Deerfield,OH,41.0359,-81.0528
Deerfield,VA,38.1842,-79.4152
Deerfield,WI,43.0571,-89.0862
Deerfield Beach,FL,26.3096,-80.0992
Deerfield Street,NJ,39.4931,-75.2172
Deering,AK,66.0623,-162.7120
Deering,MO,36.1908,-89.8828
Deering,ND,48.4057,-101.0337
Deersville,OH,40.3075,-81.1867
Deerton,MI,46.4840,-87.0406
Deerwood,MN,46.4446,-93.8849
Deeth,NV,41.4310,-115.3717
Deferiet,NY,44.0356,-75.6842
Defiance,IA,41.8271,-95.3403
Defiance,MO,38.6616,-90.8302
Defiance,OH,41.2799,-84.3626
Defiance,PA,40.1611,-78.2300
Deford,MI,43.4735,-83.1702
Defuniak Springs,FL,30.7518,-86.1380
Dekalb,IL,41.9342,-88.7607
Del Mar,CA,32.9715,-117.2373
Del Norte,CO,37.6713,-106.3505
Del Rey,CA,36.6543,-119.5929
Del Rio,TN,35.8830,-83.0150
Del Rio,TX,29.3739,-100.8916
Del Valle,TX,30.1745,-97.6134
Delafield,WI,43.0500,-88.3972
Delancey,NY,42.1890,-74.9229
Deland,FL,29.0266,-81.3349
Delano,CA,35.7715,-119.2459
Delano,MN,45.0342,-93.8016
Delano,PA,40.8410,-76.0695
Delano,TN,35.2612,-84.6024
Delanson,NY,42.7480,-74.1868
Delaplaine,AR,36.1995,-90.7345
Delaplane,VA,38.9150,-77.9206
Delavan,IL,40.3690,-89.5321
Delavan,MN,43.7719,-94.0225
Delavan,WI,42.6227,-88.6277
Delaware,AR,35.2780,-93.3462
Delaware,IA,42.4777,-91.3472
Delaware,NJ,40.8928,-75.0650
Delaware,OH,40.2932,-83.0723
Delaware,OK,36.7804,-95.6181
Delaware City,DE,39.5778,-75.5892
Delaware Water Gap,PA,40.9829,-75.1500
Delbarton,WV,37.7038,-82.1319
Delcambre,LA,29.9474,-91.9889
Delco,NC,34.3274,-78.1917
Delevan,NY,42.4926,-78.4793
Delhi,CA,37.4286,-120.7755
Delhi,IA,42.4271,-91.2702
Delhi,LA,32.4504,-91.5125
Delhi,NY,42.2879,-74.9228
Delia,KS,39.2655,-95.9608
Delight,AR,34.0238,-93.5247
Dell,AR,35.8501,-90.0354
Dell,MT,44.9588,-112.9504
Dell City,TX,31.9240,-105.2099
Dell Rapids,SD,43.8228,-96.7223
Dellrose,TN,35.0037,-86.9100
Dellroy,OH,40.5861,-81.1986
Dellslow,WV,39.6069,-79.8922
Dellwood,WI,43.9706,-89.8167
Delmar,AL,34.1700,-87.6058
Delmar,DE,38.4770,-75.5759
Delmar,IA,41.9961,-90.6087
Delmar,MD,38.4445,-75.5583
Delmar,NY,42.6158,-73.8373
Delmita,TX,26.6566,-98.3966
Delmont,NJ,39.2023,-74.9705
Delmont,PA,40.4139,-79.5764
Delmont,SD,43.2573,-98.1596
Deloit,IA,42.0859,-95.2863
Delong,IN,41.1383,-86.4164
Delphi,IN,40.5734,-86.6788
Delphi Falls,NY,42.8764,-75.9139
Delphia,KY,37.0233,-83.0956
Delphos,KS,39.2731,-97.7717
Delphos,OH,40.8336,-84.3247
Delran,NJ,40.0247,-74.9561
Delray,WV,39.1796,-78.6394
Delray Beach,FL,26.4564,-80.0793
Delta,AL,33.4573,-85.6793
Delta,CO,38.7349,-108.0604
Delta,IA,41.3167,-92.3359
Delta,LA,32.3256,-90.9269
Delta,MO,37.1844,-89.7609
Delta,OH,41.5577,-83.9866
Delta,PA,39.7518,-76.3441
Delta,UT,39.3755,-112.5319
Delta City,MS,33.0739,-90.7950
Delta Junction,AK,64.0054,-145.6136
Deltaville,VA,37.5549,-76.3468
Delton,MI,42.5141,-85.4067
Deltona,FL,28.8989,-81.2473
Dema,KY,37.4215,-82.8523
Demarest,NJ,40.9548,-73.9602
Deming,NM,32.2318,-107.7466
Deming,WA,48.8034,-122.1540
Demopolis,AL,32.4908,-87.8397
Demorest,GA,34.5756,-83.5696
Demotte,IN,41.1713,-87.2491
Denair,CA,37.5384,-120.7965
Denali National Park,AK,63.5161,-149.5395
Denbo,PA,40.0122,-79.9319
Dendron,VA,37.0981,-76.8966
Denham Springs,LA,30.5821,-90.9341
Denhoff,ND,47.5709,-100.2630
Denio,NV,41.7043,-118.7320
Denison,IA,42.0196,-95.3636
Denison,KS,39.4153,-95.6329
Denison,TX,33.7450,-96.5496
Denmark,IA,40.7487,-91.3266
Denmark,ME,43.9755,-70.7924
Denmark,NY,43.8997,-75.5828
Denmark,SC,33.3209,-81.1407
Denmark,TN,35.5571,-88.9759
Denmark,WI,44.3594,-87.8270
Dennard,AR,35.7252,-92.5575
Dennehotso,AZ,36.7773,-109.8610
Dennis,KS,37.3243,-95.4116
Dennis,MA,41.7322,-70.1911
Dennis,MS,34.5497,-88.2117
Dennis,TX,32.6186,-97.9264
Dennis Port,MA,41.6649,-70.1327
Dennison,IL,39.4490,-87.5867
Dennison,MN,44.4239,-92.9748
Dennison,OH,40.4089,-81.3203
Denniston,KY,37.9191,-83.5131
Dennisville,NJ,39.1931,-74.8256
Dennysville,ME,44.8961,-67.2244
Dent,MN,46.5554,-95.7644
Denton,GA,31.7458,-82.7201
Denton,KS,39.7154,-95.2744
Denton,KY,38.2952,-82.8269
Denton,MD,38.8779,-75.8361
Denton,MT,47.3191,-109.8789
Denton,NC,35.6196,-80.0959
Denton,NE,40.7009,-96.8532
Denton,TX,33.2289,-97.1314
Denver,CO,39.6941,-104.8786
Denver,CO,39.7469,-105.0620
Denver,CO,39.7507,-104.9890
Denver,CO,39.8406,-105.0080
Denver,IA,42.6731,-92.3417
Denver,IN,40.8694,-86.0770
Denver,MO,40.4181,-94.3066
Denver,NC,35.4837,-80.9898
Denver,NY,42.2522,-74.5407
Denver,PA,40.2297,-76.1157
Denver City,TX,32.9711,-102.8313
Denville,NJ,40.8897,-74.4844
Depauville,NY,44.1383,-76.0658
Depauw,IN,38.3361,-86.2109
Depew,NY,42.9050,-78.7041
Depew,OK,35.7561,-96.4897
Depoe Bay,OR,44.8514,-124.0323
Deport,TX,33.5221,-95.3654
Deposit,NY,42.0666,-75.4287
Depue,IL,41.3261,-89.3011
Deputy,IN,38.7759,-85.6304
Dequincy,LA,30.4211,-93.4151
Derby,CT,41.3229,-73.0800
Derby,IA,40.9355,-93.4796
Derby,IN,38.0239,-86.5770
Derby,KS,37.5530,-97.2549
Derby,NY,42.6974,-78.9834
Derby,OH,39.7686,-83.2058
Derby,VT,44.9502,-72.1376
Derby Line,VT,44.9902,-72.0824
Deridder,LA,30.8287,-93.2685
Derma,MS,33.8556,-89.2844
Dermott,AR,33.5241,-91.4394
Derrick City,PA,41.9726,-78.5626
Derry,NH,42.8874,-71.3020
Derry,NM,32.8086,-107.2843
Derry,PA,40.3349,-79.3326
Derwent,OH,39.9231,-81.5444
Derwood,MD,39.1345,-77.1477
Des Allemands,LA,29.8220,-90.4470
Des Arc,AR,34.9751,-91.5113
Des Arc,MO,37.2955,-90.6279
Des Lacs,ND,48.2557,-101.5672
Des Moines,IA,41.6005,-93.6088
Des Moines,IA,41.6005,-93.6088
Des Moines,NM,36.7291,-103.8739
Des Plaines,IL,42.0467,-87.8859
Descanso,CA,32.8730,-116.6027
Desdemona,TX,32.2819,-98.5673
Desert Center,CA,33.6049,-115.0526
Desert Hot Springs,CA,33.9050,-116.3662
Desha,AR,35.7315,-91.6783
Deshler,NE,40.1387,-97.7300
Deshler,OH,41.2239,-83.8964
Desmet,ID,47.1260,-116.8937
Desoto,TX,32.5932,-96.8547
Destin,FL,30.3920,-86.4834
Destrehan,LA,29.9658,-90.3740
Detroit,AL,34.0109,-88.1606
Detroit,ME,44.7775,-69.3161
Detroit,MI,42.3474,-83.0604
Detroit,OR,44.7766,-122.1845
Detroit,TX,33.6627,-95.2385
Detroit Lakes,MN,46.8349,-95.8006
Devault,PA,40.0744,-75.5356
Devens,MA,42.5467,-71.5983
Devers,TX,29.9978,-94.5746
Deville,LA,31.3545,-92.2023
Devils Elbow,MO,37.8503,-92.0857
Devils Lake,ND,48.1132,-98.8616
Devils Tower,WY,44.6171,-104.7936
Devine,TX,29.1521,-98.9090
Devol,OK,34.1956,-98.5770
Devon,PA,40.0452,-75.4227
Dewar,IA,42.5256,-92.2189
Dewar,OK,35.4581,-95.9411
Dewart,PA,41.1092,-76.8769
Deweese,NE,40.3792,-98.1772
Dewey,AZ,34.5368,-112.2567
Dewey,IL,40.3131,-88.2770
Dewey,OK,36.8013,-95.9345
Deweyville,TX,30.2893,-93.7730
Deweyville,UT,41.6972,-112.0947
Dewitt,IL,40.1848,-88.7637
Dewitt,KY,36.8738,-83.7316
Dewitt,MI,42.8428,-84.5797
Dewitt,VA,37.0535,-77.6426
Dewittville,NY,42.2394,-79.4193
Dewy Rose,GA,34.1721,-82.9409
Dexter,GA,32.4356,-83.0528
Dexter,IA,41.5198,-94.2145
Dexter,KS,37.1641,-96.6917
Dexter,KY,36.7031,-88.1807
Dexter,ME,45.0203,-69.2797
Dexter,MI,42.3583,-83.9000
Dexter,MN,43.7160,-92.7268
Dexter,MO,36.7885,-89.9639
Dexter,NM,33.1910,-104.3833
Dexter,NY,44.0069,-76.0650
Dexter,OR,43.9217,-122.8424
Dexter City,OH,39.6526,-81.4672
Diablo,CA,37.8388,-121.9610
Diagonal,IA,40.8226,-94.3552
Diamond,MO,37.0060,-94.3204
Diamond,OH,41.0935,-81.0425
Diamond,OR,43.0122,-118.6650
Diamond Bar,CA,34.0066,-117.8098
Diamond City,AR,36.4644,-92.9200
Diamond Point,NY,43.5156,-73.7001
Diamond Springs,CA,38.6630,-120.8361
Diamondhead,MS,30.3944,-89.3639
Diamondville,WY,41.7794,-110.5378
Diana,TX,32.7046,-94.6981
Diana,WV,38.5755,-80.4320
Diaz,AR,35.6383,-91.2650
Dibble,OK,35.0333,-97.6294
Diberville,MS,30.4413,-88.8986
Diboll,TX,31.1950,-94.7729
Dice,KY,37.3825,-83.2053
Dickens,IA,43.1548,-94.9854
Dickens,NE,40.8041,-101.0149
Dickens,TX,33.6280,-100.8197
Dickerson,MD,39.2126,-77.4199
Dickerson Run,PA,40.0456,-79.6667
Dickey,ND,46.5426,-98.4682
Dickeyville,WI,42.6272,-90.5919
Dickinson,AL,31.7172,-87.6569
Dickinson,ND,46.8873,-102.7876
Dickinson,TX,29.4660,-95.0345
Dickinson Center,NY,44.7233,-74.5523
Dickson,TN,36.0760,-87.3995
Dickson City,PA,41.4623,-75.6243
Dierks,AR,34.1323,-94.0152
Dieterich,IL,39.0319,-88.4074
Dietrich,ID,42.9125,-114.2664
Diggins,MO,37.1725,-92.8542
Diggs,VA,37.4363,-76.2872
Dighton,KS,38.4746,-100.4580
Dighton,MA,41.8125,-71.1427
Dike,IA,42.4730,-92.6122
Dike,TX,33.1965,-95.4711
Dill City,OK,35.2787,-99.1537
Dillard,GA,34.9797,-83.3801
Dillard,OR,43.1031,-123.4267
Dille,WV,38.4747,-80.8538
Diller,NE,40.1192,-96.9495
Dilley,TX,28.6782,-99.1747
Dilliner,PA,39.7555,-79.9771
Dillingham,AK,59.0593,-158.9735
Dillon,CO,39.5748,-106.0573
Dillon,MT,45.2339,-112.6405
Dillon,SC,34.4146,-79.3770
Dillon Beach,CA,38.2508,-122.9642
Dillonvale,OH,40.2121,-80.8028
Dillsboro,IN,38.9962,-85.0550
Dillsboro,NC,35.3692,-83.2525
Dillsburg,PA,40.0964,-77.0339
Dilltown,PA,40.4664,-79.0028
Dillwyn,VA,37.5458,-78.4609
Dilworth,MN,46.8782,-96.7022
Dime Box,TX,30.3579,-96.8248
Dimmitt,TX,34.5341,-102.3046
Dimock,PA,41.7464,-75.8986
Dimock,SD,43.4705,-97.9988
Dimondale,MI,42.6501,-84.6486
Dinero,TX,28.2261,-97.9614
Dingess,WV,37.8703,-82.1951
Dingle,ID,42.2194,-111.2672
Dingmans Ferry,PA,41.2400,-74.9380
Dinosaur,CO,40.2566,-108.9652
Dinuba,CA,36.5349,-119.3909
Dinwiddie,VA,37.0833,-77.5585
Discovery Bay,CA,37.9085,-121.6002
Disney,OK,36.4811,-95.0147
Disputanta,VA,37.1483,-77.2732
Distant,PA,40.9694,-79.3569
District Heights,MD,38.8539,-76.8891
Dittmer,MO,38.3155,-90.6911
Divernon,IL,39.5677,-89.6547
Divide,CO,38.9576,-105.1994
Divide,MT,45.7161,-112.7196
Dividing Creek,NJ,39.2703,-75.1014
Dix,IL,38.4333,-88.9657
Dix,NE,41.2270,-103.4796
Dixfield,ME,44.5548,-70.4241
Dixie,GA,30.7722,-83.6792
Dixie,WA,46.1403,-118.1542
Dixie,WV,38.2663,-81.1862
Dixmont,ME,44.6991,-69.1025
Dixon,CA,38.4587,-121.8158
Dixon,IA,41.7350,-90.7783
Dixon,IL,41.8478,-89.4893
Dixon,KY,37.5106,-87.7019
Dixon,MO,37.9848,-92.0897
Dixon,MT,47.3131,-114.3056
Dixon,NE,42.4185,-96.9774
Dixon,NM,36.1790,-105.8615
Dixon,WY,41.0446,-107.5604
Dixon Springs,TN,36.4455,-86.0533
Dixons Mills,AL,32.0672,-87.7454
Dixonville,PA,40.7164,-79.0072
Dobbin,TX,30.3653,-95.7758
Dobbins,CA,39.3715,-121.2344
Dobbs Ferry,NY,41.0118,-73.8665
Dobson,NC,36.3698,-80.7101
Docena,AL,33.5594,-86.9311
Doctors Inlet,FL,30.1000,-81.7764
Dodd City,TX,33.5647,-96.0619
Doddridge,AR,33.1054,-93.9543
Doddsville,MS,33.6300,-90.5264
Dodge,ND,47.3049,-102.1985
Dodge,NE,41.6816,-96.8181
Dodge,TX,30.7453,-95.3978
Dodge,WI,44.1289,-91.5243
Dodge Center,MN,44.0325,-92.8554
Dodge City,KS,37.7569,-100.0241
Dodgeville,MI,47.0914,-88.5809
Dodgeville,WI,42.9698,-90.1404
Dodson,LA,32.0701,-92.6783
Dodson,MT,48.2075,-108.6300
Dodson,TX,34.7644,-100.0286
Doe Hill,VA,38.3902,-79.4822
Doe Run,MO,37.7348,-90.4968
Doerun,GA,31.3136,-83.9253
Dogue,VA,38.2319,-77.2161
Dola,OH,40.7876,-83.6894
Dolan Springs,AZ,35.7748,-114.5478
Doland,SD,44.8159,-98.0947
Dolgeville,NY,43.1042,-74.7643
Dollar Bay,MI,47.1197,-88.5114
Dolliver,IA,43.4664,-94.6242
Dolomite,AL,33.4654,-86.9564
Dolores,CO,37.4666,-108.4717
Dolph,AR,36.2229,-92.1177
Dolphin,VA,36.8318,-77.7887
Dolton,IL,41.6257,-87.5980
Dona Ana,NM,32.3867,-106.8167
Donahue,IA,41.7093,-90.6829
Donald,OR,45.2225,-122.8381
Donalds,SC,34.3998,-82.3666
Donaldson,AR,34.2212,-92.9094
Donaldson,IN,41.3611,-86.4442
Donaldson,MN,48.5798,-96.8579
Donaldsonville,LA,30.1018,-90.9970
Donalsonville,GA,31.0403,-84.8792
Donegal,PA,40.0996,-79.3810
Dongola,IL,37.3712,-89.1349
Donie,TX,31.4873,-96.2387
Doniphan,MO,36.6211,-90.8195
Doniphan,NE,40.7700,-98.3790
Donna,TX,26.1671,-98.0529
Donnellson,IA,40.6612,-91.5745
Donnellson,IL,39.0344,-89.4909
Donnelly,ID,44.7494,-116.0858
Donnelly,MN,45.7014,-96.0649
Donnelsville,OH,39.9183,-83.9486
Donner,LA,29.6956,-90.9442
Donnybrook,ND,48.4900,-101.8960
Donora,PA,40.1768,-79.8619
Donovan,IL,40.8891,-87.6046
Doole,TX,31.4157,-99.5506
Doon,IA,43.2872,-96.2020
Dora,AL,33.7349,-87.0401
Dora,MO,36.7560,-92.2378
Dora,NM,33.9386,-103.3361
Dorado,PR,18.4644,-66.2703
Doran,VA,37.0925,-81.8336
Dorchester,IA,43.4421,-91.5076
Dorchester,NE,40.6499,-97.1056
Dorchester,NJ,39.2728,-74.9772
Dorchester,SC,33.1247,-80.4034
Dorchester,WI,45.0042,-90.3596
Dorena,OR,43.7587,-122.8858
Dormansville,NY,42.4379,-74.1990
Dornsife,PA,40.7571,-76.7626
Dorothy,NJ,39.4031,-74.8316
Dorothy,WV,37.9622,-81.4968
Dorr,MI,42.7231,-85.7628
Dorrance,KS,38.8348,-98.5695
Dorris,CA,41.9675,-121.9169
Dorset,OH,41.6590,-80.6683
Dorset,VT,43.2636,-73.0766
Dorsey,IL,38.9832,-89.9786
Dorton,KY,37.2767,-82.5792
Dos Palos,CA,37.0025,-120.6333
Dos Rios,CA,39.7093,-123.2983
Doss,TX,30.4613,-99.1707
Doswell,VA,37.8417,-77.5125
Dothan,AL,31.2029,-85.4180
Dothan,WV,37.9672,-81.2222
Doty,WA,46.6347,-123.2764
Double Springs,AL,34.1387,-87.3974
Doucette,TX,30.8181,-94.4286
Douds,IA,40.8039,-92.0452
Dougherty,IA,42.9416,-93.0686
Dougherty,OK,34.3994,-97.0553
Dougherty,TX,33.9417,-101.0861
Douglas,AK,58.2756,-134.3950
Douglas,AL,34.1736,-86.3236
Douglas,AZ,31.3511,-109.5447
Douglas,GA,31.4973,-82.8465
Douglas,MA,42.0606,-71.7266
Douglas,MI,42.6433,-86.2006
Douglas,ND,47.8659,-101.5112
Douglas,NE,40.5838,-96.3970
Douglas,OK,36.2481,-97.6896
Douglas,WY,42.7626,-105.3855
Douglas City,CA,40.6342,-122.9239
Douglas Flat,CA,38.0872,-120.4719
Douglass,KS,37.5195,-96.9948
Douglass,TX,31.6578,-94.8696
Douglassville,PA,40.2709,-75.7397
Douglassville,TX,33.1758,-94.3467
Douglasville,GA,33.7494,-84.7459
Dousman,WI,42.9851,-88.4568
Dove Creek,CO,37.7632,-108.9181
Dover,AR,35.4074,-93.1355
Dover,DE,39.1566,-75.5360
Dover,FL,27.9920,-82.2138
Dover,GA,32.5769,-81.7153
Dover,ID,48.2517,-116.6100
Dover,IL,41.4367,-89.3933
Dover,KS,39.0192,-95.8985
Dover,KY,38.6910,-83.8718
Dover,MA,42.2362,-71.2854
Dover,MN,44.0015,-92.1415
Dover,MO,39.1926,-93.6684
Dover,NC,35.2627,-77.3727
Dover,NH,43.1900,-70.8849
Dover,NJ,40.8872,-74.5597
Dover,OH,40.5343,-81.4763
Dover,OK,35.9848,-97.9067
Dover,PA,40.0062,-76.8555
Dover,TN,36.5075,-87.8383
Dover Afb,DE,39.1202,-75.4790
Dover Foxcroft,ME,45.1877,-69.2045
Dover Plains,NY,41.7351,-73.5870
Dovray,MN,44.0597,-95.5271
Dow,IL,39.0312,-90.3011
Dow City,IA,41.9134,-95.4862
Dowagiac,MI,41.9910,-86.1168
Dowell,IL,37.9397,-89.2378
Dowell,MD,38.3461,-76.4592
Dowelltown,TN,35.9725,-85.9055
Dowling,MI,42.5015,-85.2495
Downers Grove,IL,41.8034,-88.0138
Downey,CA,33.9400,-118.1317
Downey,ID,42.4181,-112.1090
Downieville,CA,39.5703,-120.6778
Downing,MO,40.4798,-92.3918
Downing,WI,45.1030,-92.1134
Downingtown,PA,40.0161,-75.7183
Downs,IL,40.3809,-88.8708
Downs,KS,39.5028,-98.5441
Downsville,LA,32.6525,-92.3745
Downsville,NY,42.0716,-75.0152
Downsville,WI,44.7747,-91.9319
Dows,IA,42.6610,-93.5058
Doyle,CA,40.0008,-120.1077
Doyle,TN,35.8722,-85.4990
Doylesburg,PA,40.2172,-77.6862
Doylestown,OH,40.9650,-81.6848
Doylestown,PA,40.3204,-75.1300
Doylestown,WI,43.4278,-89.1500
Doyline,LA,32.4900,-93.3996
Dozier,AL,31.5066,-86.3663
Dracut,MA,42.6764,-71.3186
Dragoon,AZ,32.0281,-110.0381
Drain,OR,43.6877,-123.2929
Drake,CO,40.4433,-105.2969
Drake,KY,36.8361,-86.4097
Drake,ND,47.9024,-100.3790
Drakes Branch,VA,36.9688,-78.5615
Drakesboro,KY,37.2136,-87.0480
Drakesville,IA,40.8253,-92.5051
Draper,SD,43.9260,-100.5085
Draper,UT,40.5046,-111.8810
Draper,VA,36.9697,-80.8188
Drasco,AR,35.6616,-91.9398
Dravosburg,PA,40.3527,-79.8895
Drayden,MD,38.1719,-76.4731
Drayton,ND,48.5786,-97.1992
Drayton,SC,34.9678,-81.9067
Drayton Plains,MI,42.6842,-83.3772
Drennen,WV,38.2587,-81.0089
Dresden,KS,39.6094,-100.4112
Dresden,ME,44.0785,-69.7457
Dresden,NY,42.6846,-76.9564
Dresden,OH,40.1129,-82.0188
Dresden,TN,36.2950,-88.6963
Dresher,PA,40.1431,-75.1624
Dresser,WI,45.3546,-92.5623
Drew,MS,33.8670,-90.5406
Drewryville,VA,36.6854,-77.3591
Drewsey,OR,43.8643,-118.4707
Drewsville,NH,43.1281,-72.3925
Drexel,MO,38.4956,-94.5928
Drexel,NC,35.7578,-81.6044
Drexel Hill,PA,39.9492,-75.3035
Drift,KY,37.4803,-82.7478
Drifting,PA,41.0242,-78.1086
Drifton,PA,40.9997,-75.9058
Driftwood,PA,41.3764,-78.1632
Driftwood,TX,30.1594,-98.0524
Driggs,ID,43.7263,-111.1199
Dripping Springs,TX,30.2268,-98.1029
Driscoll,ND,46.8511,-100.1441
Driscoll,TX,27.6742,-97.7483
Driver,AR,35.5597,-89.9605
Drummond,MT,46.6647,-113.2426
Drummond,OK,36.2841,-98.0358
Drummond,WI,46.3119,-91.2856
Drummond Island,MI,46.0055,-83.7367
Drummonds,TN,35.4452,-89.9236
Drumore,PA,39.8384,-76.2457
Drumright,OK,35.9931,-96.5198
Drums,PA,41.0255,-75.9768
Drury,MA,42.6522,-72.9981
Drury,MO,36.9319,-92.3664
Dry Branch,GA,32.7050,-83.4951
Dry Creek,LA,30.7354,-92.9888
Dry Creek,WV,37.8607,-81.4814
Dry Fork,VA,36.7430,-79.4580
Dry Prong,LA,31.5979,-92.5665
Dry Ridge,KY,38.7049,-84.6237
Dry Run,PA,40.1747,-77.7646
Drybranch,WV,38.1800,-81.4669
Dryden,ME,44.6002,-70.2240
Dryden,MI,42.9378,-83.1501
Dryden,NY,42.4861,-76.2872
Dryden,TX,30.1651,-102.3321
Dryden,VA,36.7818,-82.9305
Dryden,WA,47.5414,-120.5597
Dryfork,WV,38.9576,-79.4534
Drytown,CA,38.3931,-120.8014
Du Bois,IL,38.2526,-89.2042
Du Bois,NE,40.0375,-96.0575
Du Bois,PA,41.1260,-78.7527
Du Pont,GA,31.0000,-82.8555
Du Quoin,IL,38.0137,-89.2333
Duanesburg,NY,42.7708,-74.0839
Duarte,CA,34.1394,-117.9764
Dubach,LA,32.6949,-92.6785
Dubberly,LA,32.5192,-93.2142
Dublin,CA,37.7166,-121.9226
Dublin,GA,32.5478,-82.9037
Dublin,IN,39.8122,-85.2089
Dublin,MS,34.0722,-90.4906
Dublin,NC,34.6567,-78.7267
Dublin,NH,42.8972,-72.0505
Dublin,OH,40.0992,-83.1142
Dublin,PA,40.3720,-75.2045
Dublin,TX,32.0909,-98.3455
Dublin,VA,37.0989,-80.6697
Dubois,ID,44.1858,-112.3259
Dubois,IN,38.4728,-86.7832
Dubois,WY,43.5451,-109.6492
Dubre,KY,36.8920,-85.5683
Dubuque,IA,42.5150,-90.6819
Duchesne,UT,39.9540,-110.6181
Duck,WV,38.5647,-80.9764
Duck Creek Village,UT,37.5236,-112.6622
Duck Hill,MS,33.6865,-89.7334
Duck River,TN,35.7386,-87.3423
Ducktown,TN,35.0358,-84.3828
Duckwater,NV,38.8142,-116.1375
Ducor,CA,35.8917,-119.0464
Dudley,GA,32.5259,-83.0899
Dudley,MA,42.0489,-71.8932
Dudley,MO,36.8110,-90.1210
Dudley,NC,35.2926,-78.0273
Dudley,PA,40.2195,-78.1838
Due West,SC,34.3344,-82.4002
Duenweg,MO,37.0836,-94.4133
Duff,TN,36.4110,-84.0125
Duffield,VA,36.7044,-82.8065
Dufur,OR,45.4291,-121.1468
Dugger,IN,39.0691,-87.2599
Dugspur,VA,36.8145,-80.6123
Dugway,UT,40.5269,-112.8729
Duke,MO,37.6550,-91.9931
Duke,OK,34.6668,-99.5482
Duke Center,PA,41.9540,-78.4923
Dukedom,TN,36.4796,-88.6926
Dulac,LA,29.3598,-90.6557
Dulce,NM,36.8598,-107.0602
Dulles,VA,38.9886,-77.4507
Duluth,GA,33.9774,-84.1508
Duluth,GA,34.0243,-84.1484
Duluth,MN,47.0944,-91.8467
Dulzura,CA,32.6152,-116.7285
Dumas,AR,33.8921,-91.4861
Dumas,MS,34.6491,-88.8072
Dumas,TX,35.8823,-101.9680
Dumfries,VA,38.9113,-77.9302
Dumont,CO,39.7647,-105.5997
Dumont,IA,42.7368,-92.9673
Dumont,MN,45.6717,-96.4061
Dumont,NJ,40.9447,-73.9921
Dunbar,KY,37.1881,-86.7569
Dunbar,NE,40.6592,-96.0136
Dunbar,PA,39.9722,-79.6431
Dunbar,WI,45.6009,-88.1067
Dunbar,WV,38.3683,-81.7425
Dunbarton,NH,43.1094,-71.5992
Dunbridge,OH,41.4581,-83.6103
Duncan,AZ,32.7940,-109.1296
Duncan,MS,34.0470,-90.7652
Duncan,NE,41.3894,-97.4944
Duncan,OK,34.5073,-97.9403
Duncan,SC,34.9176,-82.1258
Duncan Falls,OH,39.8778,-81.9117
Duncannon,PA,40.4087,-77.0473
Duncans Mills,CA,38.4539,-123.0539
Duncansville,PA,40.4262,-78.4383
Duncanville,AL,33.0828,-87.4950
Duncanville,TX,32.6587,-96.9114
Duncombe,IA,42.4493,-94.0592
Dundalk,MD,39.2649,-76.5025
Dundas,IL,38.8306,-88.0973
Dundas,MN,44.3955,-93.2037
Dundas,VA,36.9053,-78.0100
Dundee,FL,28.0194,-81.6212
Dundee,IA,42.5940,-91.5477
Dundee,IL,42.0962,-88.2902
Dundee,KY,37.5511,-86.7604
Dundee,MI,41.9514,-83.6522
Dundee,MS,34.5282,-90.3891
Dundee,NY,42.5053,-77.0028
Dundee,OH,40.6394,-81.6765
Dundee,OR,45.2776,-123.0152
Dunedin,FL,28.0194,-82.7719
Dunellen,NJ,40.5942,-74.4719
Dunfermline,IL,40.4903,-90.0313
Dungannon,VA,36.8242,-82.4960
Dunkerton,IA,42.5780,-92.1588
Dunkirk,IN,40.3883,-85.2255
Dunkirk,MD,38.7408,-76.6427
Dunkirk,NY,42.4759,-79.3294
Dunkirk,OH,40.7824,-83.6339
Dunlap,CA,36.7446,-119.0899
Dunlap,IA,41.8423,-95.6157
Dunlap,IL,40.8444,-89.6397
Dunlap,TN,35.3842,-85.3925
Dunlevy,PA,40.1151,-79.8627
Dunlo,PA,40.2944,-78.7214
Dunlow,WV,38.0283,-82.3827
Dunmor,KY,37.0840,-87.0079
Dunmore,WV,38.3636,-79.8556
Dunn,NC,35.3165,-78.6151
Dunn,TX,32.5669,-100.8850
Dunn Center,ND,47.3453,-102.5892
Dunn Loring,VA,38.8954,-77.2214
Dunnegan,MO,37.7031,-93.5216
Dunnell,MN,43.5531,-94.7876
Dunnellon,FL,28.9965,-82.5090
Dunnellon,FL,29.0488,-82.4611
Dunnigan,CA,38.8937,-121.9966
Dunning,NE,41.8131,-100.0873
Dunnsville,VA,37.8404,-76.8370
Dunnville,KY,37.1769,-84.9295
Dunreith,IN,39.8033,-85.4386
Dunseith,ND,48.8480,-100.0311
Dunsmuir,CA,41.2124,-122.2734
Dunstable,MA,42.6739,-71.4952
Duplessis,LA,30.2694,-90.9383
Dupo,IL,38.5148,-90.1942
Dupont,CO,39.8381,-104.9114
Dupont,IN,38.8905,-85.5092
Dupont,LA,30.9292,-91.9478
Dupont,OH,41.1003,-84.2664
Dupont,WA,47.0969,-122.6300
Dupree,SD,45.0079,-101.6337
Dupuyer,MT,48.1925,-112.4986
Duquesne,PA,40.3704,-79.8522
Durand,IL,42.4337,-89.3094
Durand,MI,42.9117,-83.9877
Durand,WI,44.6300,-91.9295
Durango,CO,37.2874,-107.8617
Durango,IA,42.5526,-90.8608
Durant,FL,27.9083,-82.1864
Durant,IA,41.6145,-90.9100
Durant,MS,33.0828,-89.8612
Durant,OK,34.0061,-96.3847
Durants Neck,NC,36.1900,-76.4664
Durbin,WV,38.6163,-79.7935
Durham,CA,39.6416,-121.7920
Durham,CT,41.4650,-72.6875
Durham,KS,38.5038,-97.2555
Durham,ME,43.9283,-70.1236
Durham,MO,39.9625,-91.6704
Durham,NC,35.9967,-78.8966
Durham,NH,43.1338,-70.9523
Durham,NY,42.4020,-74.1849
Durham,OK,35.8364,-99.9088
Durham,PA,40.5756,-75.2236
Durhamville,NY,43.1579,-75.6714
Durkee,OR,44.5822,-117.4636
Duryea,PA,41.3486,-75.7611
Dushore,PA,41.5232,-76.4021
Duson,LA,30.1912,-92.1525
Dustin,OK,35.2519,-96.0573
Dutch Flat,CA,39.1978,-120.8262
Dutch Harbor,AK,53.3628,-167.5107
Dutch John,UT,40.9322,-109.3543
Dutchtown,MO,37.2528,-89.6597
Dutton,AL,34.6046,-85.9067
Dutton,MT,47.8601,-111.6900
Dutton,VA,37.4869,-76.4358
Dutzow,MO,38.6056,-90.9944
Duvall,WA,47.7250,-121.9369
Duxbury,MA,42.0417,-70.6728
Dwale,KY,37.6231,-82.7239
Dwarf,KY,37.3350,-83.1314
Dwight,IL,41.0887,-88.4159
Dwight,KS,38.8389,-96.5802
Dwight,NE,41.0894,-96.9931
Dycusburg,KY,37.1594,-88.1844
Dyer,AR,35.4922,-94.1375
Dyer,IN,41.4920,-87.5108
Dyer,NV,37.6131,-118.0211
Dyer,TN,36.0716,-89.0192
Dyersburg,TN,36.0444,-89.3836
Dyersville,IA,42.4833,-91.1183
Dyess,AR,35.5954,-90.2157
Dyess Afb,TX,32.4190,-99.8221
Dyke,VA,38.2533,-78.5546
Dysart,IA,42.1690,-92.3187
Dysart,PA,40.6088,-78.5271
Eads,CO,38.4441,-102.5054
Eads,TN,35.1551,-89.6760
Eagan,TN,36.5519,-83.9769
Eagar,AZ,33.9546,-109.2469
Eagarville,IL,39.1117,-89.7839
Eagle,AK,64.7833,-141.2000
Eagle,CO,39.6341,-106.7588
Eagle,ID,43.7069,-116.3620
Eagle,MI,42.8263,-84.7590
Eagle,NE,40.8169,-96.4290
Eagle,WI,42.8809,-88.4674
Eagle Bay,NY,43.7237,-74.9654
Eagle Bend,MN,46.1170,-95.0961
Eagle Bridge,NY,42.9615,-73.3520
Eagle Butte,SD,45.0239,-101.1042
Eagle Creek,OR,45.3582,-122.3381
Eagle Grove,IA,42.6609,-93.9049
Eagle Lake,FL,27.9787,-81.7564
Eagle Lake,ME,47.0400,-68.5900
Eagle Lake,MN,44.1546,-93.8719
Eagle Lake,TX,29.5842,-96.3354
Eagle Mountain,UT,40.3472,-111.9888
Eagle Nest,NM,36.5326,-105.2756
Eagle Pass,TX,28.7028,-100.4818
Eagle Point,OR,42.4935,-122.8088
Eagle River,AK,61.3114,-149.5085
Eagle River,WI,45.9161,-89.2531
Eagle Rock,MO,36.5480,-93.7336
Eagle Rock,VA,37.6667,-79.8172
Eagle Springs,NC,35.3360,-79.6310
Eagles Mere,PA,41.4108,-76.5822
Eagletown,OK,34.0364,-94.5596
Eagleville,CA,41.3164,-120.1147
Eagleville,MO,40.4912,-93.9951
Eagleville,PA,40.1567,-75.4045
Eagleville,TN,35.7492,-86.6327
Eakly,OK,35.3053,-98.5575
Earl,NC,35.1933,-81.5333
Earl Park,IN,40.6945,-87.4232
Earle,AR,35.2799,-90.4503
Earleton,FL,29.7222,-82.1138
Earleville,MD,39.4271,-75.9403
Earlham,IA,41.4709,-94.1294
Earlimart,CA,35.8542,-119.2534
Earling,IA,41.7925,-95.4210
Earlington,KY,37.2679,-87.5227
Earlington,PA,40.3208,-75.3728
Earlsboro,OK,35.2628,-96.8041
Earlton,NY,42.3527,-73.9062
Earlville,IA,42.5001,-91.2597
Earlville,IL,41.5859,-88.9103
Earlville,NY,42.7522,-75.5417
Earlville,PA,40.3167,-75.7372
Early,IA,42.4483,-95.1726
Early,TX,31.7419,-98.9453
Early Branch,SC,32.6289,-81.0300
Earlysville,VA,38.1578,-78.4919
Earp,CA,34.1491,-114.3393
Earth,TX,34.2415,-102.4213
Earth City,MO,38.7561,-90.4581
Easley,SC,34.8290,-82.5796
East Alton,IL,38.8803,-90.0830
East Amherst,NY,43.0292,-78.7050
East Andover,ME,44.6030,-70.7296
East Andover,NH,43.4777,-71.7596
East Arlington,VT,43.0638,-73.1389
East Aurora,NY,42.7701,-78.6020
East Baldwin,ME,43.8646,-70.6922
East Bank,WV,38.2181,-81.4431
East Barre,VT,44.1583,-72.4460
East Bend,NC,36.2032,-80.5284
East Berkshire,VT,44.9298,-72.7066
East Berlin,CT,41.6128,-72.7190
East Berlin,PA,39.9645,-77.0073
East Bernard,TX,29.4705,-96.1211
East Berne,NY,42.6191,-74.0555
East Bernstadt,KY,37.1908,-84.1457
East Bethany,NY,42.9166,-78.1342
East Bloomfield,NY,42.8950,-77.4350
East Blue Hill,ME,44.4958,-68.5022
East Boothbay,ME,43.8262,-69.5939
East Boston,MA,42.3750,-71.0397
East Brady,PA,40.9744,-79.6302
East Branch,NY,41.9844,-75.1252
East Bridgewater,MA,42.0315,-70.9450
East Brookfield,MA,42.2193,-72.0481
East Brunswick,NJ,40.4284,-74.4064
East Burke,VT,44.6078,-71.9357
East Butler,PA,40.8778,-79.8467
East Calais,VT,44.3556,-72.4398
East Canaan,CT,42.0117,-73.2785
East Candia,NH,43.0481,-71.2492
East Canton,OH,40.7850,-81.2783
East Carbon,UT,39.5461,-110.4113
East Carondelet,IL,38.5349,-90.2208
East Charleston,VT,44.8299,-71.9763
East Chatham,NY,42.4330,-73.4903
East Chicago,IN,41.6349,-87.4627
East China,MI,42.7789,-82.5342
East Claridon,OH,41.5325,-81.1158
East Concord,NY,42.5466,-78.6110
East Corinth,VT,44.0619,-72.2151
East Dennis,MA,41.7425,-70.1625
East Derry,NH,42.8944,-71.2917
East Dixfield,ME,44.5733,-70.3042
East Dorset,VT,43.2370,-73.0081
East Dover,VT,42.9505,-72.7830
East Dublin,GA,32.5475,-82.8683
East Dubuque,IL,42.4875,-90.6046
East Durham,NY,42.3860,-74.1117
East Earl,PA,40.1395,-76.0276
East Ellijay,GA,34.6826,-84.4731
East Ellsworth,WI,44.7342,-92.4678
East Elmhurst,NY,40.7613,-73.8739
East Enterprise,IN,38.8728,-84.9881
East Fairfield,VT,44.8018,-72.9110
East Falmouth,MA,41.5850,-70.5652
East Flat Rock,NC,35.2799,-82.4204
East Freedom,PA,40.3282,-78.4475
East Freetown,MA,41.7635,-70.9677
East Fultonham,OH,39.8500,-82.1222
East Galesburg,IL,40.9478,-90.3100
East Glacier Park,MT,48.4600,-113.3173
East Glastonbury,CT,41.6942,-72.5342
East Granby,CT,41.9322,-72.7459
East Grand Forks,MN,47.9318,-97.0213
East Greenbush,NY,42.5951,-73.6826
East Greenville,PA,40.4119,-75.5056
East Greenwich,RI,41.6498,-71.4740
East Haddam,CT,41.4696,-72.4059
East Hampstead,NH,42.8877,-71.1280
East Hampton,CT,41.5761,-72.5093
East Hampton,NY,40.9930,-72.1790
East Hanover,NJ,40.8192,-74.3636
East Hardwick,VT,44.5288,-72.3034
East Hartford,CT,41.7803,-72.6180
East Hartland,CT,42.0016,-72.9242
East Haven,CT,41.2805,-72.8741
East Haven,VT,44.6517,-71.8675
East Helena,MT,46.5973,-111.9051
East Hickory,PA,41.5691,-79.3855
East Homer,NY,42.6661,-76.1019
East Irvine,CA,33.6758,-117.7589
East Islip,NY,40.7282,-73.1805
East Jewett,NY,42.2806,-74.2080
East Jordan,MI,45.1539,-85.1387
East Killingly,CT,41.8488,-71.7985
East Lansing,MI,42.7388,-84.4764
East Leroy,MI,42.1961,-85.2311
East Liberty,OH,40.3077,-83.5862
East Livermore,ME,44.3994,-70.1303
East Liverpool,OH,40.6459,-80.5787
East Longmeadow,MA,42.0672,-72.5056
East Lyme,CT,41.3668,-72.2330
East Lynn,IL,40.4664,-87.8000
East Lynn,WV,38.1995,-82.3279
East Lynne,MO,38.6683,-94.2292
East Machias,ME,44.7424,-67.3821
East Mansfield,MA,42.0231,-71.1778
East Marion,NY,41.1264,-72.3419
East Mc Keesport,PA,40.3839,-79.8079
East Meadow,NY,40.7149,-73.5561
East Meredith,NY,42.4101,-74.8987
East Middlebury,VT,43.9733,-73.1067
East Millinocket,ME,45.6300,-68.5728
East Millsboro,PA,39.9822,-79.9664
East Moline,IL,41.5118,-90.4321
East Montpelier,VT,44.2828,-72.4926
East Moriches,NY,40.8090,-72.7538
East Nassau,NY,42.5352,-73.4984
East New Market,MD,38.5921,-75.9568
East Newport,ME,44.8208,-69.2231
East Northport,NY,40.8671,-73.3195
East Norwich,NY,40.8472,-73.5349
East Olympia,WA,46.9678,-122.8344
East Orange,NJ,40.7696,-74.2077
East Orland,ME,44.5725,-68.7017
East Orleans,MA,41.7850,-69.9708
East Otis,MA,42.1733,-73.0350
East Otto,NY,42.3971,-78.7432
East Palatka,FL,29.6609,-81.5879
East Palestine,OH,40.8406,-80.5465
East Parsonsfield,ME,43.7275,-70.9156
East Pembroke,NY,42.9956,-78.3103
East Peoria,IL,40.6731,-89.5514
East Petersburg,PA,40.1008,-76.3512
East Pharsalia,NY,42.5581,-75.7175
East Pittsburgh,PA,40.4036,-79.8389
East Point,KY,37.7086,-82.8288
East Poland,ME,44.0706,-70.3286
East Poultney,VT,43.5264,-73.2050
East Prairie,MO,36.7776,-89.3726
East Princeton,MA,42.4728,-71.8394
East Prospect,PA,39.9719,-76.5203
East Providence,RI,41.8138,-71.3688
East Quogue,NY,40.8428,-72.5813
East Randolph,NY,42.1728,-78.9481
East Randolph,VT,43.9553,-72.5487
East Rochester,NY,43.1128,-77.4906
East Rochester,OH,40.7563,-81.0175
East Rockaway,NY,40.6404,-73.6674
East Rutherford,NJ,40.8385,-74.1041
East Ryegate,VT,44.1935,-72.0727
East Saint Johnsbury,VT,44.4386,-71.9461
East Saint Louis,IL,38.6315,-90.1381
East Sandwich,MA,41.6846,-70.4682
East Schodack,NY,42.5619,-73.6339
East Setauket,NY,40.9300,-73.1015
East Smethport,PA,41.8086,-78.4197
East Smithfield,PA,41.8631,-76.6172
East Sparta,OH,40.6971,-81.3687
East Spencer,NC,35.6817,-80.4325
East Springfield,NY,42.8329,-74.7597
East Springfield,OH,40.4506,-80.8606
East Springfield,PA,41.9794,-80.4303
East Stone Gap,VA,36.8667,-82.7425
East Stroudsburg,PA,41.0367,-75.1735
East Syracuse,NY,43.0734,-76.0558
East Tallassee,AL,32.6072,-85.8081
East Taunton,MA,41.8736,-71.0192
East Tawas,MI,44.3008,-83.4776
East Templeton,MA,42.5631,-72.0375
East Texas,PA,40.5475,-75.5617
East Thetford,VT,43.8258,-72.1967
East Troy,WI,42.8035,-88.4092
East Vandergrift,PA,40.5981,-79.5614
East Vassalboro,ME,44.4478,-69.6064
East Wakefield,NH,43.6410,-71.0077
East Wallingford,VT,43.4461,-72.8844
East Walpole,MA,42.1532,-71.2179
East Wareham,MA,41.7682,-70.6532
East Waterboro,ME,43.5995,-70.6906
East Waterford,PA,40.3542,-77.6528
East Wenatchee,WA,47.4186,-120.2731
East Weymouth,MA,42.2116,-70.9317
East Williamson,NY,43.2306,-77.1456
East Wilton,ME,44.6158,-70.1933
East Windsor,CT,41.9099,-72.6029
East Windsor Hill,CT,41.8603,-72.6036
East Winthrop,ME,44.3217,-69.8969
East Woodstock,CT,41.9836,-71.9778
East Worcester,NY,42.6214,-74.6763
Eastaboga,AL,33.6031,-85.9608
Eastabuchie,MS,31.4711,-89.2308
Eastanollee,GA,34.5037,-83.2587
Eastchester,NY,40.9550,-73.8086
Eastern,KY,37.5324,-82.8265
Eastford,CT,41.8771,-72.0895
Eastham,MA,41.8408,-69.9849
Easthampton,MA,42.2643,-72.6799
Eastlake,CO,39.9297,-104.9489
Eastlake,MI,44.2444,-86.2961
Eastlake,OH,41.6498,-81.4479
Eastlake Weir,FL,29.0200,-81.9083
Eastland,TX,32.3994,-98.8071
Eastman,GA,32.2084,-83.1860
Eastman,WI,43.1959,-91.0193
Easton,CT,41.2523,-73.2871
Easton,IL,40.2355,-89.8464
Easton,KS,39.3621,-95.0544
Easton,MA,42.0244,-71.1292
Easton,MD,38.7768,-76.0758
Easton,ME,46.6357,-67.9018
Easton,MN,43.7581,-93.9340
Easton,MO,39.7517,-94.6582
Easton,PA,40.7533,-75.2517
Easton,TX,32.3867,-94.5856
Easton,WA,47.2372,-121.1778
Eastover,SC,33.9153,-80.6996
Eastpoint,FL,29.7339,-84.8701
Eastpointe,MI,42.4658,-82.9459
Eastport,ID,48.9994,-116.1803
Eastport,ME,44.9200,-67.0074
Eastport,MI,45.1072,-85.3500
Eastport,NY,40.8099,-72.7054
Eastsound,WA,48.6656,-122.9370
Eastview,KY,37.6148,-86.1192
Eastville,VA,37.3525,-75.9461
Eastwood,KY,38.2331,-85.4558
Eaton,CO,40.5273,-104.7146
Eaton,IN,40.3377,-85.3544
Eaton,NY,42.8484,-75.6314
Eaton,OH,39.7426,-84.6508
Eaton,TN,35.9689,-89.1319
Eaton Center,NH,43.9092,-71.0842
Eaton Park,FL,28.0083,-81.9078
Eaton Rapids,MI,42.5166,-84.6565
Eatonton,GA,33.3127,-83.3628
Eatontown,NJ,40.3028,-74.0698
Eatonville,WA,46.8708,-122.2696
Eau Claire,MI,42.0151,-86.2972
Eau Claire,PA,41.1348,-79.7981
Eau Claire,WI,44.7840,-91.4877
Eau Galle,WI,44.7214,-92.0408
Eben Junction,MI,46.3517,-87.0328
Ebensburg,PA,40.4801,-78.7263
Ebervale,PA,40.9861,-75.9417
Ebony,VA,36.5850,-77.9994
Ebro,FL,30.4352,-85.8881
Eccles,WV,37.7831,-81.2661
Echo,LA,31.1100,-92.2417
Echo,MN,44.6310,-95.4182
Echo,OR,45.7411,-119.1949
Echo,UT,40.9778,-111.4425
Echo Lake,CA,38.8103,-120.0705
Echola,AL,33.3166,-87.8072
Eckerman,MI,46.3466,-85.1626
Eckert,CO,38.8450,-107.9625
Eckerty,IN,38.3185,-86.6059
Eckhart Mines,MD,39.6525,-78.8972
Eckley,CO,40.1138,-102.4828
Eckman,WV,37.4044,-81.4644
Eclectic,AL,32.6542,-86.0316
Ecleto,TX,29.0201,-97.7412
Economy,IN,39.9712,-85.0878
Ecorse,MI,42.2519,-83.1489
Ecru,MS,34.3371,-88.9560
Ector,TX,33.5819,-96.2735
Edcouch,TX,26.3042,-97.9755
Eddington,ME,44.8206,-68.6188
Eddy,TX,31.3267,-97.2709
Eddyville,IA,41.1533,-92.6221
Eddyville,IL,37.5244,-88.5949
Eddyville,KY,37.0664,-88.0494
Eddyville,NE,41.0079,-99.6810
Eddyville,OR,44.6371,-123.7531
Edelstein,IL,40.9454,-89.5858
Eden,AZ,33.0286,-109.9537
Eden,GA,32.1736,-81.3908
Eden,ID,42.5804,-114.1628
Eden,MD,38.2762,-75.6482
Eden,NC,36.5000,-79.7590
Eden,NY,42.6506,-78.8781
Eden,SD,45.6211,-97.3741
Eden,TX,31.2192,-99.8407
Eden,UT,41.3303,-111.8558
Eden,VT,44.7343,-72.5863
Eden,WI,43.6959,-88.3266
Eden Mills,VT,44.6931,-72.5134
Eden Prairie,MN,44.8574,-93.4376
Eden Valley,MN,45.3020,-94.6039
Edenton,NC,36.0908,-76.6224
Edenville,MI,43.8028,-84.3962
Edgar,FL,29.6236,-81.8906
Edgar,MT,45.4647,-108.8517
Edgar,NE,40.3652,-97.9727
Edgar,WI,44.9038,-89.9980
Edgar Springs,MO,37.7365,-91.8906
Edgard,LA,30.0319,-90.5817
Edgarton,WV,37.5803,-82.1047
Edgartown,MA,41.3889,-70.5339
Edgecomb,ME,43.9792,-69.6197
Edgefield,SC,33.8056,-81.9660
Edgeley,ND,46.3250,-98.7083
Edgemont,AR,35.6230,-92.1995
Edgemont,PA,39.9747,-75.4508
Edgemont,SD,43.2874,-103.8110
Edgemoor,SC,34.7970,-80.9891
Edgerton,KS,38.7811,-95.0094
Edgerton,MN,43.8824,-96.1463
Edgerton,MO,39.4742,-94.6352
Edgerton,OH,41.4425,-84.7349
Edgerton,WI,42.8386,-89.0642
Edgerton,WY,43.4131,-106.2489
Edgewater,FL,28.9818,-80.9103
Edgewater,MD,38.9225,-76.5404
Edgewater,NJ,40.8317,-73.9738
Edgewater,WI,45.7422,-91.4750
Edgewood,IA,42.6541,-91.3950
Edgewood,IL,38.9132,-88.6639
Edgewood,MD,39.4277,-76.3055
Edgewood,NM,35.0776,-106.1872
Edgewood,TX,32.7003,-95.8780
Edina,MO,40.1795,-92.1455
Edinboro,PA,41.8756,-80.1356
Edinburg,IL,39.6612,-89.3779
Edinburg,ND,48.4902,-97.8902
Edinburg,PA,41.0276,-80.4632
Edinburg,TX,26.3042,-98.1569
Edinburg,VA,38.8432,-78.6003
Edinburgh,IN,39.3626,-85.9707
Edison,CA,35.3475,-118.8708
Edison,GA,31.5581,-84.7383
Edison,NE,40.2802,-99.7860
Edison,NJ,40.5171,-74.3973
Edison,OH,40.5905,-82.9023
Edisto Island,SC,32.5486,-80.3070
Edmeston,NY,42.7303,-75.2525
Edmond,OK,35.6800,-97.5300
Edmond,WV,38.0544,-81.0326
Edmonds,WA,47.8007,-122.3669
Edmondson,AR,35.0223,-90.3287
Edmonson,TX,34.2825,-101.8997
Edmonton,KY,36.9852,-85.5927
Edmore,MI,43.4116,-85.0280
Edmore,ND,48.4308,-98.4458
Edmund,WI,42.9675,-90.2644
Edna,KS,37.0561,-95.3442
Edna,TX,28.9527,-96.6488
Edneyville,NC,35.3939,-82.3408
Edon,OH,41.5842,-84.7570
Edroy,TX,27.9733,-97.6758
Edson,KS,39.3579,-101.5210
Edwall,WA,47.5379,-117.9071
Edward,NC,35.3236,-76.8794
Edwards,CA,34.9305,-117.9154
Edwards,CO,39.6450,-106.5936
Edwards,IL,40.7644,-89.7053
Edwards,MO,38.1906,-93.1471
Edwards,MS,32.3160,-90.5984
Edwards,NY,44.3110,-75.2522
Edwardsburg,MI,41.7913,-86.0263
Edwardsport,IN,38.8106,-87.2519
Edwardsville,AL,33.7072,-85.5092
Edwardsville,IL,38.8050,-89.9637
Edwardsville,KS,39.0587,-94.8255
Edwardsville,VA,37.9064,-76.3656
Eek,AK,60.2151,-162.0323
Effie,LA,31.1896,-92.1942
Effie,MN,47.8472,-93.5799
Effingham,IL,39.1217,-88.5611
Effingham,KS,39.5023,-95.4198
Effingham,NH,43.7212,-71.0021
Effingham,SC,34.0946,-79.7918
Effort,PA,40.9669,-75.4523
Efland,NC,36.0912,-79.1884
Egan,LA,30.2510,-92.5002
Egan,SD,43.9866,-96.6493
Egegik,AK,58.2062,-157.3422
Egeland,ND,48.6355,-99.1115
Egg Harbor,WI,45.0100,-87.2805
Egg Harbor City,NJ,39.5331,-74.6177
Egg Harbor Township,NJ,39.4136,-74.5889
Eggleston,VA,37.2906,-80.6528
Eglin Afb,FL,30.4794,-86.6160
Eglon,WV,39.2925,-79.5109
Egnar,CO,37.9344,-108.9299
Egypt,AR,35.8681,-90.9456
Egypt,TX,29.4047,-96.2367
Ehrenberg,AZ,33.6042,-114.5244
Ehrhardt,SC,33.1044,-81.0221
Eidson,TN,36.4995,-83.0827
Eielson Afb,AK,64.6735,-147.0805
Eight Mile,AL,30.7951,-88.1823
Eighty Eight,KY,36.9392,-85.8281
Eighty Four,PA,40.1868,-80.0627
Eitzen,MN,43.5081,-91.4614
Ekalaka,MT,45.8805,-104.5040
Ekron,KY,37.9113,-86.1542
Ekwok,AK,59.3628,-157.4782
El Cajon,CA,32.7777,-116.9191
El Campo,TX,29.2008,-96.2743
El Centro,CA,32.7893,-115.5665
El Cerrito,CA,37.9156,-122.2985
El Dorado,AR,33.2073,-92.6629
El Dorado,CA,38.6828,-120.8467
El Dorado,KS,37.8226,-96.8543
El Dorado Hills,CA,38.6851,-121.0685
El Dorado Springs,MO,37.8585,-94.0301
El Granada,CA,37.5028,-122.4683
El Indio,TX,28.5117,-100.3108
El Jobean,FL,26.9761,-82.1996
El Mirage,AZ,33.6082,-112.3241
El Monte,CA,34.0791,-118.0371
El Nido,CA,37.1345,-120.4832
El Paso,AR,35.1142,-92.0901
El Paso,IL,40.7389,-89.0120
El Paso,TX,31.7584,-106.4783
El Portal,CA,37.6747,-119.7831
El Prado,NM,36.4317,-105.5750
El Reno,OK,35.5335,-97.9591
El Rito,NM,36.3647,-106.2192
El Segundo,CA,33.9243,-118.4119
El Sobrante,CA,37.9693,-122.2901
El Toro,CA,33.6258,-117.6928
El Verano,CA,38.2978,-122.4906
Elaine,AR,34.3087,-90.8735
Eland,WI,44.8309,-89.2461
Elba,AL,31.4137,-86.0777
Elba,NE,41.2864,-98.5756
Elba,NY,43.0897,-78.1704
Elbe,WA,46.7666,-122.1503
Elberfeld,IN,38.2053,-87.4179
Elberon,IA,42.0088,-92.3314
Elberon,VA,37.0701,-76.8337
Elbert,CO,39.0969,-104.5746
Elbert,WV,37.3181,-81.5442
Elberta,AL,30.3942,-87.5890
Elberta,MI,44.6194,-86.2264
Elberta,UT,39.9528,-111.9556
Elberton,GA,34.1082,-82.8448
Elbing,KS,38.0462,-97.1128
Elbow Lake,MN,45.9953,-95.9671
Elbridge,NY,43.0252,-76.4352
Elburn,IL,41.8824,-88.4611
Elcho,WI,45.4409,-89.1516
Elco,PA,40.0797,-79.8758
Eldena,IL,41.7711,-89.4100
Elderon,WI,44.7839,-89.2447
Elderton,PA,40.6950,-79.3417
Eldon,IA,40.9261,-92.2268
Eldon,MO,38.3401,-92.5736
Eldora,IA,42.3572,-93.1037
Eldorado,IL,37.8139,-88.4434
Eldorado,OH,39.8882,-84.6786
Eldorado,OK,34.4727,-99.6460
Eldorado,TX,30.8667,-100.5889
Eldorado,WI,43.8415,-88.6388
Eldorado Springs,CO,39.9325,-105.2764
Eldred,IL,39.2836,-90.5329
Eldred,NY,41.5328,-74.8968
Eldred,PA,41.9489,-78.3884
Eldridge,AL,33.9315,-87.6194
Eldridge,CA,38.3489,-122.5097
Eldridge,IA,41.6635,-90.5634
Eldridge,MO,37.8346,-92.7382
Eleanor,WV,38.5367,-81.9317
Electra,TX,34.0362,-98.9155
Electric City,WA,47.9264,-119.0367
Eleele,HI,21.9230,-159.5381
Elephant Butte,NM,33.1450,-107.1883
Eleroy,IL,42.3325,-89.7606
Eleva,WI,44.5985,-91.4804
Elfers,FL,28.2164,-82.7225
Elfin Cove,AK,58.1950,-136.3583
Elfrida,AZ,31.7139,-109.6193
Elgin,AZ,31.6600,-110.6114
Elgin,IA,42.9548,-91.6454
Elgin,IL,42.0384,-88.2606
Elgin,MN,44.1358,-92.2535
Elgin,ND,46.4113,-101.8351
Elgin,NE,41.9732,-98.0751
Elgin,OH,40.7425,-84.4758
Elgin,OK,34.7720,-98.4073
Elgin,OR,45.5941,-117.9112
Elgin,PA,41.9031,-79.7439
Elgin,SC,34.1620,-80.8113
Elgin,TN,36.3322,-84.6063
Elgin,TX,30.3231,-97.3737
Elida,NM,33.9405,-103.6323
Elim,AK,64.6217,-162.2604
Eliot,ME,43.1309,-70.7822
Elizabeth,AR,36.3238,-92.0934
Elizabeth,CO,39.3836,-104.5920
Elizabeth,IL,42.3089,-90.1986
Elizabeth,IN,38.1244,-85.9589
Elizabeth,LA,30.8683,-92.7928
Elizabeth,MN,46.4062,-96.0851
Elizabeth,NJ,40.6717,-74.2043
Elizabeth,PA,40.2656,-79.8568
Elizabeth,WV,39.0566,-81.3989
Elizabeth City,NC,36.3019,-76.2236
Elizabethton,TN,36.3445,-82.2015
Elizabethtown,IL,37.4665,-88.2867
Elizabethtown,IN,39.1243,-85.8153
Elizabethtown,KY,37.7070,-85.8590
Elizabethtown,NC,34.6471,-78.5747
Elizabethtown,NY,44.2245,-73.6011
Elizabethtown,PA,40.1553,-76.6025
Elizabethville,PA,40.5550,-76.8355
Elizaville,KY,38.4194,-83.8256
Elizaville,NY,42.0902,-73.7818
Elk,CA,39.1604,-123.7240
Elk,WA,48.0205,-117.2963
Elk City,ID,45.8889,-115.3592
Elk City,KS,37.3146,-95.9135
Elk City,OK,35.4104,-99.4211
Elk Creek,CA,39.5989,-122.5572
Elk Creek,MO,37.2171,-91.9988
Elk Creek,NE,40.2977,-96.1421
Elk Creek,VA,36.7306,-81.1915
Elk Falls,KS,37.3745,-96.1959
Elk Garden,WV,39.3631,-79.1539
Elk Grove,CA,38.4127,-121.3599
Elk Grove Village,IL,42.0056,-88.0128
Elk Horn,IA,41.5829,-95.0700
Elk Horn,KY,37.3393,-85.1918
Elk Mills,MD,39.6586,-75.8264
Elk Mound,WI,44.8670,-91.6752
Elk Mountain,WY,41.6875,-106.4128
Elk Park,NC,36.1646,-81.9639
Elk Point,SD,42.7382,-96.6870
Elk Rapids,MI,44.8955,-85.4082
Elk River,ID,46.7830,-116.1799
Elk River,MN,45.3136,-93.5814
Elka Park,NY,42.1643,-74.1245
Elkader,IA,42.8496,-91.4143
Elkfork,KY,37.9404,-83.0771
Elkhart,IA,41.8114,-93.4855
Elkhart,IL,40.0024,-89.4749
Elkhart,IN,41.7101,-85.9729
Elkhart,KS,37.0154,-101.9012
Elkhart,TX,31.6351,-95.5532
Elkhart Lake,WI,43.8436,-87.9767
Elkhorn,NE,41.2756,-96.2431
Elkhorn,WI,42.7009,-88.5462
Elkhorn,WV,37.3856,-81.4111
Elkhorn City,KY,37.3026,-82.3533
Elkin,NC,36.2872,-80.8554
Elkins,AR,36.0177,-94.0073
Elkins,NH,43.4208,-71.9378
Elkins,WV,38.9253,-79.8471
Elkins Park,PA,40.0731,-75.1250
Elkland,MO,37.4336,-93.0210
Elkland,PA,41.9882,-77.3134
Elkmont,AL,34.9152,-86.9105
Elko,GA,32.3336,-83.7304
Elko,MN,44.5894,-93.3836
Elko,NV,40.8262,-115.7247
Elko,SC,33.3803,-81.3797
Elkport,IA,42.7399,-91.2839
Elkridge,MD,39.2125,-76.7139
Elkton,FL,29.7882,-81.4620
Elkton,KY,36.9094,-87.1678
Elkton,MD,39.6264,-75.8458
Elkton,MI,43.8344,-83.1786
Elkton,MN,43.6348,-92.7104
Elkton,OH,40.7619,-80.6989
Elkton,OR,43.6378,-123.5900
Elkton,SD,44.2350,-96.5011
Elkton,TN,35.0522,-86.8886
Elkton,VA,38.4025,-78.6321
Elkview,WV,38.4323,-81.4817
Elkville,IL,37.9155,-89.2336
Elkwood,VA,38.4652,-77.8170
Ellabell,GA,32.1273,-81.4983
Ellamore,WV,38.9340,-80.0926
Ellaville,GA,32.2390,-84.3039
Ellenboro,NC,35.3344,-81.7707
Ellenboro,WV,39.2824,-81.0604
Ellenburg,NY,44.8939,-73.8369
Ellenburg Center,NY,44.8444,-73.8685
Ellenburg Depot,NY,44.9163,-73.7876
Ellendale,DE,38.8057,-75.4056
Ellendale,MN,43.8826,-93.3195
Ellendale,ND,46.0073,-98.5138
Ellendale,TN,35.2306,-89.8258
Ellensburg,WA,46.9996,-120.5163
Ellenton,FL,27.5382,-82.5006
Ellenton,GA,31.1758,-83.5875
Ellenville,NY,41.7218,-74.4141
Ellenwood,GA,33.6100,-84.2881
Ellerbe,NC,35.0914,-79.7524
Ellerslie,GA,32.6617,-84.8772
Ellerslie,MD,39.7206,-78.7744
Ellery,IL,38.3650,-88.1335
Ellettsville,IN,39.2545,-86.6196
Ellicott City,MD,39.2672,-76.7986
Ellicottville,NY,42.2959,-78.6606
Ellijay,GA,34.6725,-84.5003
Ellinger,TX,29.8459,-96.6966
Ellington,CT,41.9114,-72.4626
Ellington,MO,37.2398,-90.9589
Ellington,NY,42.2167,-79.1081
Ellinwood,KS,38.3565,-98.5849
Elliott,IA,41.1306,-95.1602
Elliott,IL,40.4647,-88.2722
Elliott,MS,33.6833,-89.7492
Elliott,SC,34.1171,-80.1754
Elliottsburg,PA,40.3624,-77.2703
Elliottville,KY,38.1828,-83.2758
Ellis,ID,44.8788,-114.0016
Ellis,KS,38.9471,-99.5285
Ellis Grove,IL,38.0054,-89.9008
Ellisburg,NY,43.7372,-76.1259
Ellison Bay,WI,45.2572,-87.0512
Elliston,MT,46.5622,-112.4300
Elliston,VA,37.2127,-80.2497
Ellisville,IL,40.6047,-90.2875
Ellisville,MS,31.5797,-89.2231
Elloree,SC,33.4906,-80.5678
Ellsinore,MO,36.9453,-90.7485
Ellston,IA,40.8505,-94.0841
Ellsworth,IA,42.3009,-93.5490
Ellsworth,IL,40.4432,-88.7371
Ellsworth,KS,38.7312,-98.2057
Ellsworth,ME,44.5548,-68.4121
Ellsworth,MI,45.1599,-85.2633
Ellsworth,MN,43.5265,-96.0112
Ellsworth,NE,42.1697,-102.4724
Ellsworth,OH,41.0242,-80.8575
Ellsworth,PA,40.1073,-80.0204
Ellsworth,WI,44.7302,-92.4890
Ellsworth Afb,SD,44.1447,-103.0759
Ellwood City,PA,40.8590,-80.2746
Elm,PA,40.2039,-76.3492
Elm City,NC,35.8110,-77.8560
Elm Creek,NE,40.7301,-99.3728
Elm Grove,LA,32.3886,-93.5026
Elm Grove,WI,43.0479,-88.0854
Elm Hall,MI,43.3650,-84.8353
Elm Mott,TX,31.6725,-97.1138
Elm Springs,AR,36.2061,-94.2342
Elma,IA,43.2786,-92.3981
Elma,NY,42.8340,-78.6343
Elma,WA,47.0058,-123.3997
Elmaton,TX,28.8321,-96.1335
Elmdale,KS,38.3779,-96.6675
Elmendorf,TX,29.2308,-98.3720
Elmendorf Afb,AK,61.2515,-149.8127
Elmer,LA,31.1465,-92.7171
Elmer,MO,39.9415,-92.6424
Elmer,NJ,39.5691,-75.1630
Elmer,OK,34.5137,-99.3167
Elmer City,WA,47.9981,-118.9533
Elmhurst,IL,41.8927,-87.9410
Elmhurst,NY,40.7404,-73.8786
Elmhurst,PA,41.3778,-75.5450
Elmira,CA,38.3483,-121.9089
Elmira,MI,45.0346,-84.8303
Elmira,NY,42.1008,-76.8120
Elmira,OR,44.0873,-123.3671
Elmo,MO,40.5185,-95.1236
Elmo,MT,47.8185,-114.3439
Elmo,TX,32.7219,-96.1647
Elmo,UT,39.3897,-110.8144
Elmont,NY,40.6996,-73.7058
Elmora,PA,40.5925,-78.7406
Elmore,AL,32.5454,-86.3161
Elmore,MN,43.5201,-94.0984
Elmore,OH,41.4681,-83.2767
Elmore City,OK,34.6228,-97.3961
Elmsford,NY,41.0572,-73.8136
Elmwood,IL,40.7726,-89.9289
Elmwood,MA,42.0097,-70.9625
Elmwood,NE,40.8378,-96.2944
Elmwood,TN,36.2355,-85.8808
Elmwood,WI,44.7561,-92.2022
Elmwood Park,IL,41.9219,-87.8083
Elmwood Park,NJ,40.9069,-74.1209
Elnora,IN,38.8223,-87.0652
Elon,NC,36.1466,-79.5023
Elora,TN,35.0295,-86.3481
Eloy,AZ,32.7509,-111.5833
Elrama,PA,40.2519,-79.9253
Elrod,AL,33.3437,-87.8014
Elrosa,MN,45.5628,-94.9469
Elroy,WI,43.7516,-90.2889
Elsa,TX,26.2931,-97.9928
Elsah,IL,38.9613,-90.3319
Elsberry,MO,39.1590,-90.8160
Elsie,MI,43.0869,-84.3910
Elsie,NE,40.8596,-101.3700
Elsinore,UT,38.6828,-112.1475
Elsmere,NE,42.2650,-100.2824
Elsmore,KS,37.8035,-95.1546
Elton,LA,30.4715,-92.6996
Elton,PA,40.2797,-78.8025
Elton,WI,45.1562,-88.8837
Elton,WV,37.8468,-80.8252
Eltopia,WA,46.4750,-119.1013
Elvaston,IL,40.4066,-91.2164
Elverson,PA,40.1568,-75.7866
Elverta,CA,38.7164,-121.4310
Elwell,MI,43.4106,-84.7631
Elwin,IL,39.7789,-88.9800
Elwood,IL,41.4260,-88.0864
Elwood,IN,40.2803,-85.8391
Elwood,KS,39.7556,-94.8722
Elwood,NE,40.5747,-99.8258
Elwood,NJ,39.5764,-74.7172
Ely,IA,41.8943,-91.5738
Ely,MN,47.9034,-91.8570
Ely,NV,39.3094,-114.8780
Elyria,NE,41.6957,-99.0467
Elyria,OH,41.3724,-82.1051
Elysburg,PA,40.8639,-76.5569
Elysian,MN,44.2231,-93.6965
Elysian Fields,TX,32.3683,-94.1828
Embarrass,MN,47.6658,-92.2101
Embarrass,WI,44.6656,-88.7072
Emblem,WY,44.5058,-108.3911
Embudo,NM,36.1370,-106.0242
Emden,IL,40.2945,-89.5174
Emden,MO,39.8501,-91.8809
Emeigh,PA,40.6947,-78.7872
Emelle,AL,32.7550,-88.3057
Emerado,ND,47.9214,-97.2630
Emerald Isle,NC,34.6662,-77.0260
Emerson,AR,33.0891,-93.1987
Emerson,GA,34.1200,-84.7570
Emerson,IA,41.0284,-95.4106
Emerson,KY,38.3672,-83.2618
Emerson,NE,42.2852,-96.7159
Emerson,NJ,40.9755,-74.0285
Emery,SD,43.5656,-97.6475
Emery,UT,38.9231,-111.2481
Emeryville,CA,37.8365,-122.2804
Emigrant,MT,45.1276,-110.7989
Emigrant Gap,CA,39.2869,-120.6629
Emigsville,PA,40.0217,-76.7283
Emily,MN,46.7478,-93.9484
Eminence,IN,39.5214,-86.6414
Eminence,KY,38.3696,-85.1782
Eminence,MO,37.1626,-91.4519
Emington,IL,40.9783,-88.3211
Emlenton,PA,41.2028,-79.7470
Emlyn,KY,36.7044,-84.1433
Emma,IL,37.9747,-88.1203
Emma,MO,38.9778,-93.4939
Emmalena,KY,37.3221,-83.0684
Emmaus,PA,40.5293,-75.5010
Emmet,AR,33.6929,-93.4232
Emmet,NE,42.4747,-98.8238
Emmetsburg,IA,43.1082,-94.6825
Emmett,ID,43.8792,-116.5115
Emmett,KS,39.3048,-96.0593
Emmett,MI,42.9872,-82.7854
Emmitsburg,MD,39.6940,-77.3357
Emmonak,AK,62.8274,-164.1313
Emmons,MN,43.5089,-93.4824
Emory,TX,32.8750,-95.7418
Emory,VA,36.7728,-81.8364
Empire,AL,33.8256,-87.0161
Empire,CA,37.6383,-120.9011
Empire,CO,39.7614,-105.6839
Empire,LA,29.3875,-89.5972
Empire,MI,44.8411,-85.9925
Empire,NV,40.3577,-119.6553
Empire,OH,40.5075,-80.6242
Emporia,KS,38.4184,-96.1871
Emporia,VA,36.6857,-77.5630
Emporium,PA,41.5177,-78.2536
Encampment,WY,41.2054,-106.7803
Encinal,TX,28.0513,-99.3409
Encinitas,CA,33.0369,-117.2911
Encino,CA,34.1655,-118.5175
Encino,NM,34.6150,-105.4839
Encino,TX,26.9249,-98.1922
Endeavor,PA,41.5894,-79.3853
Endeavor,WI,43.6963,-89.4617
Enderlin,ND,46.6079,-97.6106
Enders,NE,40.4655,-101.5222
Endicott,NE,40.0734,-97.0938
Endicott,NY,42.1141,-76.0569
Endicott,WA,46.9364,-117.7230
Endwell,NY,42.1128,-76.0214
Energy,IL,37.7739,-89.0264
Energy,TX,31.7628,-98.3689
Enfield,CT,41.9890,-72.5652
Enfield,IL,38.0927,-88.3325
Enfield,NC,36.1973,-77.7129
Enfield,NH,43.6256,-72.1270
Enfield Center,NH,43.5900,-72.1114
Engadine,MI,46.2040,-85.6005
Engelhard,NC,35.4981,-76.0374
England,AR,34.5575,-91.9484
Englewood,CO,39.6460,-104.9900
Englewood,FL,26.9250,-82.3117
Englewood,FL,26.9667,-82.3599
Englewood,KS,37.0658,-99.9878
Englewood,NJ,40.8943,-73.9772
Englewood,OH,39.8740,-84.3095
Englewood,TN,35.4272,-84.4833
Englewood Cliffs,NJ,40.8820,-73.9544
English,IN,38.3258,-86.4429
Englishtown,NJ,40.3063,-74.3306
Enid,MS,34.1263,-90.0044
Enid,OK,36.4028,-97.8623
Enigma,GA,31.3736,-83.3552
Enka,NC,35.5497,-82.6503
Enloe,TX,33.4328,-95.6572
Ennice,NC,36.5253,-80.9771
Enning,SD,44.5389,-102.6208
Ennis,MT,45.3545,-111.6870
Ennis,TX,32.3321,-96.6224
Enochs,TX,33.8502,-102.7641
Enola,AR,35.2087,-92.2123
Enola,PA,40.2922,-76.9432
Enon,OH,39.8663,-83.9385
Enon Valley,PA,40.8721,-80.4612
Enoree,SC,34.6710,-81.9237
Enosburg Falls,VT,44.8985,-72.7910
Ensenada,PR,17.9683,-66.9333
Ensign,KS,37.6414,-100.2496
Enterprise,AL,31.3408,-85.8421
Enterprise,KS,38.9063,-97.1122
Enterprise,LA,31.9064,-91.8751
Enterprise,MS,32.1563,-88.8474
Enterprise,OR,45.4370,-117.2888
Enterprise,UT,37.5736,-113.7183
Enterprise,WV,39.4260,-80.3167
Entiat,WA,47.7057,-120.2760
Entriken,PA,40.3339,-78.1992
Enumclaw,WA,47.2665,-122.0314
Enville,TN,35.4393,-88.4206
Eola,IL,41.7775,-88.2428
Eola,TX,31.4298,-100.0729
Eolia,KY,37.0618,-82.7706
Eolia,MO,39.2431,-91.0093
Epes,AL,32.7634,-88.1614
Ephraim,UT,39.3600,-111.5823
Ephraim,WI,45.1564,-87.1681
Ephrata,PA,40.1756,-76.1821
Ephrata,WA,47.2771,-119.5336
Epping,ND,48.2601,-103.3725
Epping,NH,43.0411,-71.0764
Epps,LA,32.6161,-91.4913
Epsom,NH,43.2174,-71.3546
Epworth,GA,34.9442,-84.4416
Epworth,IA,42.4439,-90.9313
Equality,AL,32.8139,-86.1051
Equality,IL,37.7278,-88.3445
Equinunk,PA,41.8117,-75.1891
Era,TX,33.5010,-97.2924
Erath,LA,29.9522,-92.0343
Erbacon,WV,38.5419,-80.5742
Erhard,MN,46.4948,-96.0593
Erick,OK,35.2286,-99.8635
Ericson,NE,41.7828,-98.6453
Erie,CO,40.0597,-105.0686
Erie,IL,41.6560,-90.0843
Erie,KS,37.6044,-95.2514
Erie,MI,41.7829,-83.4958
Erie,ND,47.1128,-97.3849
Erie,PA,42.1260,-80.0860
Erieville,NY,42.8562,-75.7543
Eriline,KY,37.1886,-83.5931
Erin,NY,42.1859,-76.6819
Erin,TN,36.3067,-87.6790
Erlanger,KY,39.0082,-84.5977
Ermine,KY,37.1746,-82.8221
Ernest,PA,40.7043,-79.0969
Ernul,NC,35.2547,-77.0502
Eros,LA,32.3988,-92.3479
Errol,NH,44.8003,-71.1436
Erskine,MN,47.6618,-96.0122
Erving,MA,42.6050,-72.4166
Erwin,NC,35.3287,-78.6859
Erwin,SD,44.4915,-97.4103
Erwin,TN,36.1342,-82.4163
Erwinna,PA,40.5087,-75.0804
Erwinville,LA,30.5513,-91.3994
Esbon,KS,39.7562,-98.4462
Escalante,UT,37.7698,-111.6037
Escalon,CA,37.8044,-120.9900
Escanaba,MI,45.7659,-87.0890
Escatawpa,MS,30.4403,-88.5436
Escondido,CA,33.1101,-117.0700
Eskdale,WV,38.1069,-81.4492
Esko,MN,46.7126,-92.3569
Eskridge,KS,38.8514,-96.1016
Esmond,IL,42.0225,-88.9439
Esmond,ND,48.0720,-99.7034
Esmont,VA,37.8125,-78.6106
Esom Hill,GA,33.9489,-85.3878
Esopus,NY,41.8278,-73.9656
Espanola,NM,35.9872,-106.0717
Esparto,CA,38.6942,-122.0214
Esperance,NY,42.7717,-74.2882
Essex,CA,34.5606,-115.2803
Essex,CT,41.3549,-72.3965
Essex,IA,40.8404,-95.2888
Essex,IL,41.1676,-88.1845
Essex,MA,42.6286,-70.7828
Essex,MD,39.3086,-76.4533
Essex,MO,36.8109,-89.8366
Essex,MT,48.4940,-113.9467
Essex,NY,44.2807,-73.3731
Essex,VT,44.4919,-73.1094
Essex Fells,NJ,40.8279,-74.2797
Essex Junction,VT,44.5035,-73.0906
Essexville,MI,43.6069,-83.8217
Essie,KY,37.0617,-83.4519
Essig,MN,44.3238,-94.5682
Essington,PA,39.8669,-75.2935
Estacada,OR,45.2872,-122.3259
Estancia,NM,34.7700,-106.1350
Estcourt Station,ME,47.4556,-69.1825
Estell Manor,NJ,39.3783,-74.8165
Estelline,SD,44.5770,-96.9237
Estelline,TX,34.5467,-100.4378
Ester,AK,64.8467,-148.0167
Estero,FL,26.4351,-81.8102
Estes Park,CO,40.3936,-105.4942
Estherville,IA,43.4017,-94.8180
Estherwood,LA,30.1806,-92.4642
Estill,SC,32.7375,-81.2178
Estill Springs,TN,35.2705,-86.1396
Estillfork,AL,34.9130,-86.1716
Ethan,SD,43.5427,-98.0591
Ethel,AR,34.2435,-91.1398
Ethel,LA,30.8131,-91.1100
Ethel,MO,39.9146,-92.7664
Ethel,MS,33.1526,-89.4947
Ethel,WA,46.5358,-122.7760
Ethel,WV,37.8664,-81.9125
Ethelsville,AL,33.3868,-88.2220
Ether,NC,35.4397,-79.7842
Ethridge,MT,48.5578,-112.1197
Ethridge,TN,35.3326,-87.3039
Etlan,VA,38.5095,-78.2638
Etna,CA,41.4683,-122.9142
Etna,ME,44.7932,-69.1322
Etna,NH,43.7113,-72.2125
Etna,NY,42.4850,-76.3839
Etna,OH,39.9572,-82.6819
Etna,WY,43.1386,-111.0160
Etna Green,IN,41.2918,-86.0350
Etoile,KY,36.8134,-85.9173
Etoile,TX,31.3867,-94.4358
Eton,GA,34.8250,-84.7633
Etowah,AR,35.7147,-90.2182
Etowah,NC,35.3172,-82.5977
Etowah,TN,35.3314,-84.5283
Etta,MS,34.4352,-89.1767
Etters,PA,40.1545,-76.8019
Ettrick,WI,44.1724,-91.2635
Eubank,KY,37.2470,-84.6056
Eucha,OK,36.3987,-94.9230
Euclid,MN,48.0338,-96.9215
Euclid,OH,41.5696,-81.5257
Eudora,AR,33.1213,-91.2716
Eudora,KS,38.9330,-95.1022
Eudora,MO,37.4825,-93.5375
Eufaula,AL,31.9051,-85.1656
Eufaula,OK,35.2911,-95.6472
Eugene,MO,38.3598,-92.3689
Eugene,OR,44.0737,-123.0788
Euless,TX,32.8582,-97.0832
Eunice,LA,30.5116,-92.3985
Eunice,MO,37.2123,-91.7232
Eunice,NM,32.4392,-103.1594
Eupora,MS,33.5689,-89.3045
Eure,NC,36.4341,-76.8463
Eureka,CA,40.7762,-124.1559
Eureka,IL,40.7152,-89.2706
Eureka,KS,37.8265,-96.2959
Eureka,MI,43.1036,-84.5139
Eureka,MO,38.4848,-90.6263
Eureka,MT,48.8428,-115.0049
Eureka,NV,39.5897,-115.9943
Eureka,SD,45.7698,-99.6159
Eureka,UT,39.9541,-112.1174
Eureka,WI,44.0044,-88.8417
Eureka Springs,AR,36.4853,-93.7319
Eustace,TX,32.2965,-96.0137
Eustis,FL,28.8577,-81.6451
Eustis,ME,45.1626,-70.4571
Eustis,NE,40.6267,-100.0547
Eutaw,AL,32.8889,-87.9303
Eutawville,SC,33.3922,-80.3200
Eva,AL,34.3478,-86.7044
Eva,TN,36.0788,-88.0280
Evadale,TX,30.3547,-94.0725
Evangeline,LA,30.2683,-92.5532
Evans,CO,40.3803,-104.6971
Evans,GA,33.5412,-82.1398
Evans,LA,31.0088,-93.4222
Evans,WA,48.7458,-118.0001
Evans,WV,38.8113,-81.7909
Evans City,PA,40.7808,-80.0592
Evans Mills,NY,44.0817,-75.8305
Evansdale,IA,42.4755,-92.2812
Evansport,OH,41.4261,-84.3964
Evanston,IL,42.0546,-87.6943
Evanston,IN,38.0224,-86.8364
Evanston,WY,41.2609,-110.9631
Evansville,AR,35.8193,-94.4789
Evansville,IL,38.0926,-89.9170
Evansville,IN,37.9746,-87.5674
Evansville,MN,46.0153,-95.6951
Evansville,WI,42.7732,-89.2877
Evansville,WY,42.8614,-106.2639
Evant,TX,31.4040,-98.0552
Evart,MI,43.8888,-85.2649
Evarts,KY,36.8553,-83.1816
Eveleth,MN,47.4510,-92.5280
Evening Shade,AR,36.0855,-91.5980
Evensville,TN,35.6153,-85.0228
Everest,KS,39.6880,-95.4138
Everett,MA,42.4112,-71.0514
Everett,PA,40.0098,-78.3713
Everett,WA,47.9884,-122.2006
Everetts,NC,35.8347,-77.1739
Everglades City,FL,25.8597,-81.3806
Evergreen,CO,39.6333,-105.3167
Evergreen,LA,30.9511,-92.0900
Evergreen,NC,34.3752,-78.8846
Evergreen,VA,37.3183,-78.7661
Evergreen Park,IL,41.7216,-87.7026
Everly,IA,43.1609,-95.3228
Everson,PA,40.0911,-79.5873
Everson,WA,48.9045,-122.3325
Everton,AR,36.1534,-92.9150
Everton,MO,37.2354,-93.6894
Evington,VA,37.2610,-79.2317
Evinston,FL,29.4867,-82.2314
Ewa Beach,HI,21.3274,-158.0103
Ewan,NJ,39.6986,-75.1864
Ewell,MD,37.9938,-76.0351
Ewen,MI,46.5404,-89.3145
Ewing,IL,38.0702,-88.8504
Ewing,KY,38.4157,-83.8733
Ewing,MO,39.9962,-91.7216
Ewing,NE,42.1851,-98.3981
Ewing,NJ,40.2377,-74.7821
Ewing,VA,36.6237,-83.5047
Excel,AL,31.4278,-87.3414
Excello,MO,39.6455,-92.4757
Excelsior,MN,44.9007,-93.5791
Excelsior Springs,MO,39.3349,-94.2236
Exchange,WV,38.8069,-80.7681
Exeland,WI,45.6753,-91.2238
Exeter,CA,36.3041,-119.1293
Exeter,ME,44.9679,-69.1079
Exeter,MO,36.6815,-93.9702
Exeter,NE,40.6341,-97.4424
Exeter,NH,42.9772,-70.9643
Exeter,RI,41.5740,-71.6076
Exira,IA,41.5768,-94.8571
Exline,IA,40.6414,-92.8270
Exmore,VA,37.5117,-75.8526
Experiment,GA,33.2653,-84.2817
Export,PA,40.4252,-79.6110
Exton,PA,40.0468,-75.6432
Eyota,MN,44.0043,-92.2441
Ezel,KY,37.9040,-83.3888
Fabens,TX,31.5022,-106.1581
Faber,VA,37.8475,-78.7565
Fabius,NY,42.8531,-75.9836
Fabyan,CT,42.0136,-71.9403
Fackler,AL,34.8259,-85.9846
Factoryville,PA,41.5762,-75.7652
Fagus,MO,36.5114,-90.2669
Fair Bluff,NC,34.3023,-79.0175
Fair Grove,MO,37.3721,-93.1428
Fair Haven,MI,42.6807,-82.6377
Fair Haven,NJ,40.3599,-74.0389
Fair Haven,NY,43.3164,-76.7025
Fair Haven,VT,43.6234,-73.2701
Fair Lawn,NJ,40.9343,-74.1166
Fair Oaks,CA,38.6554,-121.2611
Fair Oaks,IN,41.0729,-87.1970
Fair Play,MO,37.6335,-93.6064
Fair Play,SC,34.5775,-82.9999
Fairacres,NM,32.3039,-106.8461
Fairbank,IA,42.6162,-92.0326
Fairbank,PA,39.9433,-79.8497
Fairbanks,AK,64.8402,-147.7104
Fairbanks,IN,39.2129,-87.5185
Fairbanks,LA,32.6442,-92.0364
Fairborn,OH,39.8053,-84.0198
Fairburn,GA,33.5648,-84.5809
Fairburn,SD,43.6623,-103.2133
Fairbury,IL,40.7450,-88.5165
Fairbury,NE,40.1488,-97.1839
Fairchance,PA,39.8229,-79.7551
Fairchild,WI,44.5963,-90.9906
Fairchild Air Force Base,WA,47.6131,-117.6437
Fairdale,KY,38.1087,-85.7549
Fairdale,ND,48.4819,-98.2066
Fairdale,WV,37.7866,-81.4018
Fairdealing,MO,36.6704,-90.6335
Fairfax,CA,37.9883,-122.5937
Fairfax,IA,41.9153,-91.7801
Fairfax,MN,44.5329,-94.7256
Fairfax,MO,40.3302,-95.3751
Fairfax,OK,36.5577,-96.6997
Fairfax,SC,32.9515,-81.2586
Fairfax,SD,43.0351,-98.8308
Fairfax,VA,38.8458,-77.3242
Fairfax,VA,38.8604,-77.2649
Fairfax,VT,44.6924,-73.0241
Fairfax Station,VA,38.7602,-77.3064
Fairfield,AL,33.4735,-86.9183
Fairfield,CA,38.2671,-122.0357
Fairfield,CT,41.1648,-73.2657
Fairfield,FL,29.3667,-82.2514
Fairfield,IA,41.0039,-91.9576
Fairfield,ID,43.3675,-114.7908
Fairfield,IL,38.3782,-88.3593
Fairfield,KY,37.9336,-85.3836
Fairfield,ME,44.6096,-69.6332
Fairfield,MT,47.6143,-112.0015
Fairfield,NC,35.5659,-76.2318
Fairfield,ND,47.1180,-103.2223
Fairfield,NE,40.4285,-98.1063
Fairfield,NJ,40.8822,-74.2960
Fairfield,OH,39.3266,-84.5479
Fairfield,PA,39.7627,-77.3768
Fairfield,TX,31.7361,-96.1572
Fairfield,VA,37.8778,-79.2979
Fairfield,VT,44.7841,-73.0222
Fairfield,WA,47.3987,-117.1921
Fairfield Bay,AR,35.6561,-92.3192
Fairforest,SC,34.9564,-82.0103
Fairgrove,MI,43.5126,-83.5835
Fairhaven,MA,41.6409,-70.8896
Fairhope,AL,30.5012,-87.8835
Fairhope,PA,39.9090,-78.8275
Fairland,IN,39.6295,-85.8913
Fairland,OK,36.7418,-94.8279
Fairlawn,OH,41.1365,-81.5667
Fairlea,WV,37.7806,-80.4572
Fairlee,VT,43.9010,-72.1902
Fairless Hills,PA,40.1748,-74.8519
Fairmont,MN,43.6376,-94.4510
Fairmont,NC,34.4814,-79.1286
Fairmont,NE,40.6404,-97.5873
Fairmont,OK,36.3916,-97.7115
Fairmont,WV,39.4727,-80.1460
Fairmount,GA,34.4652,-84.7669
Fairmount,IL,40.0373,-87.8365
Fairmount,IN,40.4188,-85.6713
Fairmount,ND,46.0427,-96.6308
Fairmount City,PA,41.0429,-79.2784
Fairplay,CO,39.2256,-105.9994
Fairplay,MD,39.5423,-77.7615
Fairpoint,OH,40.1203,-80.9331
Fairport,MO,39.9878,-94.3458
Fairport,NY,43.0892,-77.4360
Fairton,NJ,39.3817,-75.2203
Fairview,IL,40.6442,-90.1653
Fairview,KS,39.8445,-95.7110
Fairview,KY,36.8433,-87.3039
Fairview,MI,44.7205,-84.0525
Fairview,MO,36.8254,-94.0912
Fairview,MT,47.8916,-104.2302
Fairview,NC,35.5258,-82.3985
Fairview,NJ,40.8170,-74.0000
Fairview,OH,39.9019,-81.5544
Fairview,OK,36.2660,-98.5063
Fairview,OR,45.5386,-122.4328
Fairview,PA,42.0407,-80.2395
Fairview,SD,43.2090,-96.5743
Fairview,TN,35.9755,-87.1321
Fairview,UT,39.6453,-111.4953
Fairview,WV,39.6103,-80.2529
Fairview,WY,42.6886,-110.9817
Fairview Heights,IL,38.5960,-90.0071
Fairview Village,PA,40.1577,-75.3875
Fairwater,WI,43.7439,-88.8669
Faison,NC,35.1199,-78.1180
Faith,NC,35.5869,-80.4631
Faith,SD,44.9926,-102.0541
Fajardo,PR,18.3303,-65.6572
Falcon,KY,37.7897,-83.0019
Falcon,MO,37.6061,-92.3466
Falcon,MS,34.3931,-90.2564
Falcon,NC,35.1897,-78.6486
Falcon Heights,TX,26.5586,-99.1228
Falconer,NY,42.1239,-79.1895
Falfurrias,TX,27.2242,-98.1408
Falkland,NC,35.6992,-77.5133
Falkner,MS,34.8417,-88.9525
Falkville,AL,34.3477,-86.9131
Fall Branch,TN,36.4158,-82.6256
Fall City,WA,47.5682,-121.8896
Fall Creek,OR,43.9562,-122.7859
Fall Creek,WI,44.7684,-91.2856
Fall River,KS,37.6210,-96.0435
Fall River,MA,41.7182,-71.1400
Fall River,WI,43.4008,-89.0625
Fall River Mills,CA,41.0393,-121.4606
Fall Rock,KY,37.2197,-83.7883
Fallbrook,CA,33.3690,-117.2290
Fallentimber,PA,40.6719,-78.4659
Falling Rock,WV,38.4756,-81.3809
Falling Waters,WV,39.5865,-77.8852
Fallon,MT,46.7866,-105.1161
Fallon,NV,39.4703,-118.7861
Falls,PA,41.4667,-75.8560
Falls Church,VA,38.8485,-77.1369
Falls Church,VA,38.8838,-77.1741
Falls City,NE,40.0742,-95.5931
Falls City,OR,44.8706,-123.4461
Falls City,TX,28.9814,-98.0156
Falls Creek,PA,41.1455,-78.8128
Falls Mills,VA,37.2710,-81.3182
Falls Of Rough,KY,37.5694,-86.5107
Falls Village,CT,41.9578,-73.3517
Fallsburg,NY,41.7273,-74.6154
Fallston,MD,39.5270,-76.4328
Fallston,NC,35.4289,-81.5017
Falmouth,IN,39.7436,-85.3524
Falmouth,KY,38.6643,-84.3451
Falmouth,MA,41.5648,-70.6217
Falmouth,ME,43.7340,-70.2625
Falmouth,MI,44.2529,-85.0170
False Pass,AK,54.8410,-163.4368
Falun,KS,38.6648,-97.7554
Fancher,NY,43.2447,-78.0914
Fancy Farm,KY,36.7767,-88.7918
Fancy Gap,VA,36.6640,-80.6907
Fannettsburg,PA,40.0717,-77.8210
Fannin,TX,28.6953,-97.2356
Fanrock,WV,37.5627,-81.6236
Fanshawe,OK,34.9508,-94.9081
Fanwood,NJ,40.6419,-74.3868
Far Hills,NJ,40.7040,-74.6540
Far Rockaway,NY,40.5994,-73.7642
Farber,MO,39.2742,-91.5798
Fargo,GA,30.7166,-82.5801
Fargo,ND,46.9009,-96.7936
Fargo,OK,36.4053,-99.6506
Faribault,MN,44.2945,-93.2818
Farina,IL,38.8469,-88.7614
Farley,IA,42.4451,-91.0083
Farley,MO,39.2822,-94.8311
Farlington,KS,37.6163,-94.8479
Farmdale,OH,41.3923,-80.6628
Farmer,OH,41.3831,-84.6306
Farmer City,IL,40.2447,-88.6634
Farmers,KY,38.1428,-83.5461
Farmersburg,IA,42.9522,-91.3390
Farmersburg,IN,39.2685,-87.5024
Farmersville,CA,36.3002,-119.2054
Farmersville,IL,39.4530,-89.6427
Farmersville,OH,39.6867,-84.4205
Farmersville,TX,33.1659,-96.3686
Farmersville Station,NY,42.4483,-78.2915
Farmerville,LA,32.7534,-92.3180
Farmingdale,ME,44.2523,-69.7913
Farmingdale,NJ,40.2043,-74.1779
Farmingdale,NY,40.7251,-73.4451
Farmington,AR,36.0436,-94.2539
Farmington,CA,37.9448,-120.8523
Farmington,CT,41.7323,-72.7917
Farmington,GA,33.7761,-83.4236
Farmington,IA,40.6397,-91.7447
Farmington,IL,40.6903,-90.0134
Farmington,KY,36.6869,-88.5478
Farmington,ME,44.6653,-70.1329
Farmington,MI,42.5100,-83.4054
Farmington,MN,44.6628,-93.1539
Farmington,MO,37.7773,-90.4094
Farmington,NH,43.3884,-71.0647
Farmington,NM,36.7065,-108.1995
Farmington,NY,42.9596,-77.3411
Farmington,PA,39.8070,-79.5832
Farmington,UT,40.9889,-111.8938
Farmington,WA,47.0847,-117.0763
Farmington,WV,39.5029,-80.2566
Farmington Falls,ME,44.6208,-70.0758
Farmingville,NY,40.8366,-73.0413
Farmland,IN,40.1945,-85.1254
Farmville,NC,35.5806,-77.5793
Farmville,VA,37.3027,-78.4076
Farnam,NE,40.7129,-100.2069
Farner,TN,35.1449,-84.3209
Farnham,NY,42.5944,-79.0914
Farnham,VA,37.8740,-76.6050
Farnhamville,IA,42.2692,-94.4226
Farnsworth,TX,36.3211,-100.9658
Farragut,IA,40.7300,-95.4555
Farrar,MO,37.7022,-89.6886
Farrell,MS,34.2642,-90.6722
Farrell,PA,41.2110,-80.4944
Farris,OK,34.2558,-95.8414
Farson,WY,42.0508,-109.4364
Farwell,MI,43.8342,-84.8754
Farwell,MN,45.7244,-95.6656
Farwell,NE,41.2204,-98.6481
Farwell,TX,34.3860,-102.9901
Fate,TX,32.9414,-96.3811
Faucett,MO,39.5891,-94.7913
Faulkner,MD,38.4382,-76.9729
Faulkton,SD,45.0684,-99.1341
Faunsdale,AL,32.4233,-87.6181
Fawn Grove,PA,39.7510,-76.4392
Fawnskin,CA,34.2681,-116.9417
Faxon,OK,34.4645,-98.5577
Fay,OK,35.8204,-98.6587
Fayette,AL,33.6974,-87.8346
Fayette,IA,42.8494,-91.8139
Fayette,MO,39.1430,-92.6583
Fayette,MS,31.7121,-91.0582
Fayette,NY,42.8142,-76.8094
Fayette,OH,41.6717,-84.3250
Fayette,UT,39.2315,-111.8497
Fayette City,PA,40.0988,-79.8366
Fayetteville,AR,36.0520,-94.1534
Fayetteville,GA,33.4481,-84.4636
Fayetteville,NC,35.0510,-78.8423
Fayetteville,NY,43.0268,-76.0145
Fayetteville,OH,39.1862,-83.9501
Fayetteville,PA,39.9065,-77.5310
Fayetteville,TN,35.1527,-86.5664
Fayetteville,TX,29.8868,-96.6463
Fayetteville,WV,38.0628,-81.0810
Fayville,MA,42.2932,-71.5023
Faywood,NM,32.6406,-107.8814
Feasterville Trevose,PA,40.1512,-74.9838
Feather Falls,CA,39.5933,-121.2553
Federal Dam,MN,47.2069,-94.2575
Federal Way,WA,47.3203,-122.3117
Federalsburg,MD,38.7147,-75.7754
Fedhaven,FL,27.8728,-81.4714
Fedora,SD,43.9841,-97.7890
Fedscreek,KY,37.3610,-82.2575
Feeding Hills,MA,42.0718,-72.6751
Feesburg,OH,38.8783,-83.9989
Felch,MI,45.8203,-88.0658
Felda,FL,26.5394,-81.4358
Felicity,OH,38.8262,-84.0986
Fellows,CA,35.2026,-119.5648
Fellsmere,FL,27.7643,-80.6019
Felt,ID,43.8724,-111.1895
Felt,OK,36.5666,-102.7974
Felton,CA,37.0631,-122.0622
Felton,DE,39.0225,-75.5829
Felton,GA,33.8871,-85.2208
Felton,MN,47.0705,-96.5052
Felton,PA,39.8360,-76.5937
Felts Mills,NY,44.0204,-75.7524
Fence,WI,45.7597,-88.3649
Fence Lake,NM,34.7344,-108.6934
Fenelton,PA,40.8555,-79.7372
Fenn,ID,45.9267,-116.1214
Fennimore,WI,42.9886,-90.6550
Fennville,MI,42.5777,-86.1249
Fenton,IA,43.2420,-94.4044
Fenton,IL,41.7285,-90.0457
Fenton,LA,30.3669,-92.9181
Fenton,MI,42.7851,-83.7294
Fenton,MO,38.5015,-90.4683
Fentress,TX,29.7558,-97.7761
Fenwick,MI,43.1497,-85.0666
Fenwick,WV,38.2447,-80.6350
Fenwick Island,DE,38.4603,-75.2211
Ferdinand,ID,46.1349,-116.3982
Ferdinand,IN,38.2336,-86.8607
Fergus Falls,MN,46.2897,-96.0643
Ferguson,IA,41.9369,-92.8656
Ferguson,KY,37.0667,-84.6000
Ferguson,NC,36.1283,-81.3864
Fernandina Beach,FL,30.6354,-81.4688
Ferndale,CA,40.5745,-124.2523
Ferndale,FL,28.6000,-81.6742
Ferndale,MI,42.4586,-83.1363
Ferndale,NY,41.7300,-74.7549
Ferndale,PA,40.5336,-75.1792
Ferndale,WA,48.8625,-122.5953
Ferney,SD,45.3306,-98.0975
Fernley,NV,39.6019,-119.2350
Fernwood,ID,47.1160,-116.3831
Fernwood,MS,31.1853,-90.4489
Ferriday,LA,31.6479,-91.5720
Ferris,IL,40.4689,-91.1703
Ferris,TX,32.5223,-96.6643
Ferrisburgh,VT,44.2128,-73.2586
Ferron,UT,39.0692,-111.1467
Ferrum,VA,36.9168,-80.0349
Ferrysburg,MI,43.0844,-86.2203
Ferryville,WI,43.3959,-91.0446
Fertile,IA,43.2795,-93.4345
Fertile,MN,47.5214,-96.2371
Fessenden,ND,47.6286,-99.6434
Festus,MO,38.1879,-90.4286
Feura Bush,NY,42.5550,-73.9237
Fiatt,IL,40.5718,-90.1622
Fiddletown,CA,38.5314,-120.7159
Fidelity,IL,39.1323,-90.1988
Fieldale,VA,36.7064,-79.9652
Fielding,UT,41.8118,-112.1190
Fieldon,IL,39.1086,-90.5297
Fields,OR,42.2644,-118.6742
Fields Landing,CA,40.7247,-124.2139
Fieldton,TX,34.0919,-102.2697
Fife Lake,MI,44.5721,-85.2531
Fifield,WI,45.8621,-90.4246
Fifty Lakes,MN,46.7470,-94.0656
Fifty Six,AR,35.9920,-92.2182
Filer,ID,42.5653,-114.6140
Filer City,MI,44.2153,-86.2872
Filion,MI,43.9014,-82.9825
Filley,NE,40.2946,-96.5301
Fillmore,CA,34.4026,-118.9041
Fillmore,IL,39.1039,-89.2946
Fillmore,IN,39.6475,-86.7469
Fillmore,MO,40.0142,-94.9555
Fillmore,NY,42.4636,-78.1062
Fillmore,UT,38.9805,-112.3313
Fincastle,VA,37.4911,-79.8511
Finchville,KY,38.1561,-85.3476
Findlay,IL,39.5033,-88.7562
Findlay,OH,41.0442,-83.6500
Findley Lake,NY,42.1204,-79.7349
Fine,NY,44.2478,-75.1381
Fingal,ND,46.7728,-97.7812
Finger,TN,35.3252,-88.6067
Fingerville,SC,35.1339,-82.0067
Finksburg,MD,39.5086,-76.9099
Finland,MN,47.4197,-91.2096
Finlayson,MN,46.2121,-92.9389
Finley,CA,39.0044,-122.8744
Finley,ND,47.5306,-97.7442
Finley,OK,34.3407,-95.5385
Finley,TN,36.0169,-89.5134
Finleyville,PA,40.2593,-79.9753
Finly,IN,39.7050,-85.8228
Firebaugh,CA,36.8651,-120.4700
Firestone,CO,40.1125,-104.9361
Firth,ID,43.3021,-112.1588
Firth,NE,40.5586,-96.6140
Fischer,TX,29.9696,-98.2583
Fish Camp,CA,37.5169,-119.6420
Fish Creek,WI,45.1155,-87.2064
Fish Haven,ID,42.0459,-111.4633
Fisher,AR,35.5140,-90.9550
Fisher,IL,40.2991,-88.3560
Fisher,LA,31.4937,-93.4602
Fisher,MN,47.8381,-96.8803
Fisher,PA,41.2667,-79.2470
Fisher,WV,39.0480,-78.9888
Fishers,IN,39.9573,-85.9457
Fishers,NY,43.0086,-77.4650
Fishers Hill,VA,38.9806,-78.4050
Fishers Island,NY,41.2639,-72.0178
Fishers Landing,NY,44.2764,-76.0083
Fishersville,VA,38.0974,-78.9696
Fishertown,PA,40.1217,-78.5858
Fisherville,KY,38.1652,-85.4282
Fishing Creek,MD,38.3163,-76.2168
Fishkill,NY,41.5404,-73.8979
Fishs Eddy,NY,41.9636,-75.1753
Fishtail,MT,45.4002,-109.5821
Fisk,MO,36.7836,-90.2168
Fiskdale,MA,42.1228,-72.1178
Fiskeville,RI,41.7342,-71.5486
Fisty,KY,37.3563,-83.1083
Fitchburg,MA,42.5796,-71.8031
Fithian,IL,40.1192,-87.8797
Fittstown,OK,34.6301,-96.6495
Fitzgerald,GA,31.7248,-83.2495
Fitzhugh,OK,34.6615,-96.7745
Fitzpatrick,AL,32.1516,-85.8883
Fitzwilliam,NH,42.7611,-72.1450
Five Points,AL,33.0424,-85.3243
Five Points,CA,36.4294,-120.1019
Five Points,TN,35.0310,-87.2961
Flag Pond,TN,36.0085,-82.5623
Flagler,CO,39.3127,-103.0624
Flagler Beach,FL,29.4750,-81.1303
Flagstaff,AZ,35.1859,-111.6620
Flagtown,NJ,40.5169,-74.6847
Flanagan,IL,40.8790,-88.8620
Flanders,NJ,40.8453,-74.7019
Flandreau,SD,44.0658,-96.6222
Flasher,ND,46.4651,-101.1517
Flat,TX,31.3065,-97.5898
Flat Lick,KY,36.8345,-83.7714
Flat Rock,AL,34.8076,-85.7084
Flat Rock,IL,38.9096,-87.6837
Flat Rock,IN,39.4075,-85.6759
Flat Rock,MI,42.1055,-83.2795
Flat Rock,NC,35.2890,-82.3916
Flat Rock,OH,41.2358,-82.8603
Flat Top,WV,37.5500,-81.1280
Flatgap,KY,37.9386,-82.8828
Flatonia,TX,29.7095,-97.0987
Flatwoods,KY,38.5188,-82.7212
Flatwoods,LA,31.3849,-92.8812
Flatwoods,WV,38.7245,-80.6385
Flaxton,ND,48.9177,-102.3415
Flaxville,MT,48.7472,-105.1637
Fleetville,PA,41.5981,-75.7150
Fleetwood,NC,36.2814,-81.5140
Fleetwood,PA,40.4468,-75.8144
Fleischmanns,NY,42.1788,-74.5319
Fleming,CO,40.6370,-102.8688
Fleming,GA,31.8645,-81.4232
Fleming,OH,39.3928,-81.6564
Fleming,PA,40.9125,-77.9286
Fleming Island,FL,30.1070,-81.7167
Flemingsburg,KY,38.4280,-83.7080
Flemington,MO,37.7803,-93.4471
Flemington,NJ,40.5180,-74.8453
Flemington,WV,39.2711,-80.1282
Flensburg,MN,45.9509,-94.5308
Fletcher,MO,38.1801,-90.7345
Fletcher,NC,35.4499,-82.4966
Fletcher,OH,40.1526,-84.1330
Fletcher,OK,34.7847,-98.2002
Flicksville,PA,40.8648,-75.2073
Flint,MI,43.0233,-83.6856
Flint,TX,32.2079,-95.3948
Flint Hill,VA,38.7337,-78.0756
Flinthill,MO,38.8550,-90.8611
Flinton,PA,40.7016,-78.4815
Flintstone,GA,34.9252,-85.3524
Flintstone,MD,39.6993,-78.5739
Flintville,TN,35.0428,-86.4980
Flippin,AR,36.2682,-92.5780
Flom,MN,47.1661,-96.1306
Flomaton,AL,31.0402,-87.2664
Flomot,TX,34.2321,-101.0038
Floodwood,MN,46.9076,-92.9167
Flora,IL,38.6703,-88.4919
Flora,IN,40.5445,-86.5016
Flora,LA,31.6122,-93.0975
Flora,MS,32.5578,-90.3235
Flora Vista,NM,36.8028,-108.0827
Florahome,FL,29.7581,-81.8622
Floral,AR,35.6023,-91.7341
Floral City,FL,28.7497,-82.2969
Floral Park,NY,40.7236,-73.7058
Floral Park,NY,40.7569,-73.7120
Florala,AL,31.0172,-86.3385
Florence,AL,34.8305,-87.6560
Florence,AZ,32.9969,-111.3612
Florence,CO,38.3850,-105.1232
Florence,IN,38.8224,-84.9399
Florence,KS,38.2415,-96.9346
Florence,KY,38.9989,-84.6267
Florence,MO,38.6101,-92.9986
Florence,MS,32.1530,-90.1217
Florence,MT,46.6310,-114.0945
Florence,NJ,40.1180,-74.8055
Florence,OR,43.9881,-124.0993
Florence,SC,34.1838,-79.7728
Florence,SD,45.0554,-97.2866
Florence,TX,30.7814,-97.8344
Florence,VT,43.7093,-73.0790
Florence,WI,45.9027,-88.2289
Floresville,TX,29.1693,-98.1936
Florham Park,NJ,40.7757,-74.3928
Florida,NY,41.3295,-74.3528
Florida,PR,18.3644,-66.5617
Florien,LA,31.4275,-93.5179
Floris,IA,40.8591,-92.3247
Florissant,CO,38.8277,-105.2261
Florissant,MO,38.8069,-90.3401
Floriston,CA,39.4457,-120.0254
Flossmoor,IL,41.5406,-87.6837
Flournoy,CA,39.9206,-122.4350
Flourtown,PA,40.1068,-75.2115
Flovilla,GA,33.2500,-83.9079
Flower Mound,TX,33.0238,-97.1044
Floweree,MT,47.6584,-111.1214
Flowery Branch,GA,34.1819,-83.9024
Flowood,MS,32.3165,-90.1105
Floyd,IA,43.1430,-92.7240
Floyd,NM,34.2520,-103.5827
Floyd,VA,36.9195,-80.3191
Floydada,TX,33.9743,-101.3346
Floyds Knobs,IN,38.3510,-85.8996
Fluker,LA,30.8128,-90.5207
Flushing,MI,43.0720,-83.8424
Flushing,NY,40.7816,-73.8272
Flushing,OH,40.1451,-81.0757
Fluvanna,TX,32.7810,-101.0420
Fly Creek,NY,42.7252,-74.9869
Flynn,TX,31.1508,-96.1242
Fogelsville,PA,40.5930,-75.6568
Folcroft,PA,39.8905,-75.2821
Foley,AL,30.4007,-87.6857
Foley,MN,45.7087,-93.8685
Foley,MO,39.0530,-90.7775
Folkston,GA,30.8508,-82.0116
Follansbee,WV,40.3296,-80.5850
Follett,TX,36.4309,-100.2068
Folly Beach,SC,32.6550,-79.9406
Folsom,CA,38.6879,-121.1409
Folsom,LA,30.6145,-90.1879
Folsom,NM,36.8690,-103.8399
Folsom,PA,39.8901,-75.3296
Folsom,WV,39.4693,-80.5258
Folsomville,IN,38.1292,-87.1642
Fombell,PA,40.8125,-80.2073
Fond Du Lac,WI,43.7704,-88.4291
Fonda,IA,42.6051,-94.8297
Fonda,NY,42.9571,-74.4021
Fontana,CA,34.0589,-117.4383
Fontana,KS,38.4102,-94.8718
Fontana,WI,42.5429,-88.5684
Fontana Dam,NC,35.4282,-83.8176
Fontanelle,IA,41.2896,-94.5419
Fontanet,IN,39.5761,-87.2436
Foosland,IL,40.3554,-88.4202
Foothill Ranch,CA,33.6668,-117.6650
Footville,WI,42.6708,-89.2089
Forbes,MN,47.3069,-92.6031
Forbes,ND,46.0109,-98.8124
Forbes Road,PA,40.3539,-79.5219
Forbestown,CA,39.5417,-121.2134
Force,PA,41.2578,-78.5014
Ford,KS,37.6323,-99.7642
Ford,VA,37.1397,-77.7372
Ford,WA,47.9169,-117.8119
Ford City,PA,40.7384,-79.5122
Ford Cliff,PA,40.7603,-79.5339
Fordland,MO,37.1447,-92.9111
Fordoche,LA,30.5508,-91.6973
Fords,NJ,40.5393,-74.3117
Fords Branch,KY,37.4331,-82.5111
Fordsville,KY,37.6297,-86.7263
Fordville,ND,48.2212,-97.8022
Fordyce,AR,33.8176,-92.4225
Fordyce,NE,42.7309,-97.3567
Foreman,AR,33.7176,-94.3881
Forest,IN,40.3757,-86.3201
Forest,LA,32.7919,-91.4133
Forest,MS,32.3470,-89.4672
Forest,OH,40.7996,-83.5098
Forest,VA,37.3379,-79.2791
Forest City,IA,43.2692,-93.6356
Forest City,IL,40.3594,-89.8334
Forest City,MO,39.9897,-95.1916
Forest City,NC,35.3018,-81.8642
Forest City,PA,41.6546,-75.4873
Forest Dale,VT,43.8278,-73.0542
Forest Falls,CA,34.0881,-116.9141
Forest Grove,MT,46.9137,-109.0233
Forest Grove,OR,45.5328,-123.1152
Forest Grove,PA,40.2922,-75.0594
Forest Hill,LA,31.0243,-92.5108
Forest Hill,MD,39.5755,-76.4008
Forest Hill,WV,37.5600,-80.8149
Forest Hills,KY,37.6432,-82.2991
Forest Hills,NY,40.7229,-73.8473
Forest Home,AL,31.8532,-86.7864
Forest Junction,WI,44.2061,-88.1517
Forest Knolls,CA,38.0122,-122.6907
Forest Lake,MN,45.2685,-92.9749
Forest Lakes,AZ,34.4314,-110.5933
Forest Park,GA,33.6211,-84.3658
Forest Park,IL,41.8744,-87.8106
Forest Ranch,CA,40.1299,-121.5002
Forest River,ND,48.2251,-97.4605
Forestburg,TX,33.5398,-97.5848
Forestburgh,NY,41.5691,-74.7241
Forestdale,MA,41.6827,-70.5143
Forestdale,RI,41.9458,-71.7003
Foresthill,CA,39.0023,-120.8611
Foreston,MN,45.7028,-93.6958
Forestport,NY,43.4737,-75.1787
Forestville,CA,38.4894,-122.8967
Forestville,MI,43.6619,-82.6094
Forestville,NY,42.4482,-79.1607
Forestville,PA,41.1058,-80.0061
Forestville,WI,44.6969,-87.4928
Forgan,OK,36.9086,-100.5409
Foristell,MO,38.7626,-90.9343
Fork,MD,39.4729,-76.4504
Fork,SC,34.2873,-79.2501
Fork Union,VA,37.7715,-78.2355
Forked River,NJ,39.8444,-74.1973
Forkland,AL,32.6447,-87.8817
Forks,WA,47.9287,-124.3989
Forks Of Salmon,CA,41.2570,-123.0978
Forksville,PA,41.5269,-76.6008
Forman,ND,46.0721,-97.6986
Formoso,KS,39.7795,-97.9889
Forney,TX,32.7491,-96.4598
Forrest,IL,40.7513,-88.4111
Forrest City,AR,35.0091,-90.7886
Forreston,IL,42.1229,-89.5831
Forreston,TX,32.2811,-96.8875
Forsan,TX,32.1097,-101.3658
Forsyth,GA,33.0508,-83.9362
Forsyth,IL,39.9325,-88.9511
Forsyth,MO,36.6955,-93.1150
Forsyth,MT,46.2819,-106.6991
Fort Ann,NY,43.4285,-73.4784
Fort Apache,AZ,33.7906,-109.9881
Fort Ashby,WV,39.4970,-78.7743
Fort Atkinson,IA,43.1339,-91.9134
Fort Atkinson,WI,42.9229,-88.8467
Fort Bayard,NM,32.8703,-108.1143
Fort Belvoir,VA,38.6947,-77.1433
Fort Benning,GA,32.3697,-84.9453
Fort Benton,MT,47.8094,-110.6715
Fort Bidwell,CA,41.8644,-120.1620
Fort Blackmore,VA,36.7438,-82.6102
Fort Bliss,TX,31.8017,-106.4244
Fort Bragg,CA,39.4375,-123.7883
Fort Bragg,NC,35.1416,-79.0025
Fort Branch,IN,38.2471,-87.5682
Fort Bridger,WY,41.2828,-110.3474
Fort Buchanan,PR,18.4600,-66.1100
Fort Calhoun,NE,41.4373,-96.0324
Fort Campbell,KY,36.6536,-87.4597
Fort Cobb,OK,35.1161,-98.4303
Fort Collins,CO,40.5813,-105.1039
Fort Covington,NY,44.9731,-74.4929
Fort Davis,AL,32.2895,-85.7007
Fort Davis,TX,30.6131,-103.9364
Fort Defiance,AZ,35.7444,-109.0758
Fort Defiance,VA,38.2109,-78.9326
Fort Deposit,AL,31.9960,-86.5761
Fort Dick,CA,41.8382,-124.1660
Fort Dix,NJ,40.0099,-74.6183
Fort Dodge,IA,42.5088,-94.1807
Fort Dodge,KS,37.7065,-99.9456
Fort Drum,NY,44.0354,-75.7540
Fort Duchesne,UT,40.3014,-109.8637
Fort Edward,NY,43.2653,-73.5822
Fort Eustis,VA,37.1221,-76.5897
Fort Fairfield,ME,46.7623,-67.8402
Fort Gaines,GA,31.6089,-85.0472
Fort Garland,CO,37.4270,-105.4049
Fort Gay,WV,38.1335,-82.5541
Fort George G Meade,MD,39.1129,-76.7450
Fort Gibson,OK,35.7943,-95.2297
Fort Gratiot,MI,43.0719,-82.4958
Fort Greely,AK,64.0367,-145.7333
Fort Hall,ID,42.9887,-112.4599
Fort Hancock,TX,31.2969,-105.8234
Fort Harrison,MT,46.6344,-112.0983
Fort Hill,PA,39.8773,-79.2353
Fort Howard,MD,39.2072,-76.4453
Fort Huachuca,AZ,31.5587,-110.3441
Fort Hunter,NY,42.9422,-74.2856
Fort Irwin,CA,35.4015,-116.6448
Fort Jennings,OH,40.9484,-84.2374
Fort Johnson,NY,42.9765,-74.2484
Fort Jones,CA,41.6170,-122.8832
Fort Kent,ME,47.1969,-68.5909
Fort Kent Mills,ME,47.2389,-68.5844
Fort Klamath,OR,42.7047,-121.9947
Fort Knox,KY,37.8928,-85.9489
Fort Laramie,WY,42.2133,-104.5226
Fort Lauderdale,FL,26.1216,-80.1288
Fort Lawn,SC,34.7006,-80.9092
Fort Leavenworth,KS,39.3485,-94.9265
Fort Lee,NJ,40.8503,-73.9745
Fort Lee,VA,37.2447,-77.3341
Fort Leonard Wood,MO,37.7599,-92.1263
Fort Littleton,PA,40.0544,-77.9757
Fort Loramie,OH,40.3306,-84.3741
Fort Loudon,PA,39.9547,-77.8984
Fort Lupton,CO,40.0789,-104.8656
Fort Lyon,CO,39.1000,-103.1500
Fort Madison,IA,40.6330,-91.3398
Fort Mc Coy,FL,29.2796,-81.8878
Fort Mc Kavett,TX,30.8290,-100.0809
Fort Mcdowell,AZ,33.6118,-111.6806
Fort Meade,FL,27.7464,-81.7823
Fort Meade,SD,44.4091,-103.4723
Fort Mill,SC,35.0074,-80.9451
Fort Mill,SC,35.0242,-81.0281
Fort Mitchell,AL,32.3414,-85.0217
Fort Mitchell,VA,36.9181,-78.4864
Fort Mohave,AZ,35.0112,-114.5849
Fort Monmouth,NJ,40.3177,-74.0390
Fort Monroe,VA,37.0297,-76.2969
Fort Montgomery,NY,41.3239,-73.9872
Fort Morgan,CO,40.2541,-103.8031
Fort Myers,FL,26.6204,-81.8725
Fort Myers Beach,FL,26.4520,-81.9245
Fort Necessity,LA,32.0434,-91.8257
Fort Ogden,FL,27.0869,-81.9525
Fort Oglethorpe,GA,34.9641,-85.2428
Fort Payne,AL,34.4368,-85.7124
Fort Peck,MT,48.0538,-106.5166
Fort Pierce,FL,27.4382,-80.4440
Fort Pierre,SD,44.3426,-100.4043
Fort Plain,NY,42.9372,-74.6433
Fort Polk,LA,31.0321,-93.2221
Fort Ransom,ND,46.4782,-97.9055
Fort Recovery,OH,40.4018,-84.7613
Fort Richardson,AK,61.2753,-149.6755
Fort Riley,KS,39.0619,-96.7873
Fort Ripley,MN,46.2099,-94.2527
Fort Ritner,IN,38.7731,-86.2811
Fort Rock,OR,43.4462,-121.0824
Fort Rucker,AL,31.3480,-85.7214
Fort Scott,KS,37.8342,-94.7042
Fort Shafter,HI,21.3392,-157.8885
Fort Shaw,MT,47.5639,-111.8057
Fort Sheridan,IL,42.2097,-87.8056
Fort Sill,OK,34.6595,-98.4004
Fort Smith,AR,35.3653,-94.4110
Fort Stanton,NM,33.4950,-105.5233
Fort Stewart,GA,31.9791,-81.4405
Fort Stockton,TX,30.8908,-102.8799
Fort Sumner,NM,34.4600,-104.2317
Fort Supply,OK,36.5646,-99.5268
Fort Thomas,AZ,33.0369,-109.9647
Fort Thomas,KY,39.0786,-84.4523
Fort Thompson,SD,44.0517,-99.3973
Fort Totten,ND,47.9800,-98.9925
Fort Towson,OK,34.0520,-95.2530
Fort Valley,GA,32.5496,-83.8887
Fort Valley,VA,38.8277,-78.4400
Fort Wainwright,AK,64.8283,-147.6557
Fort Walton Beach,FL,30.4473,-86.6275
Fort Washakie,WY,43.0048,-108.8964
Fort Washington,MD,38.7587,-76.9835
Fort Washington,PA,40.1386,-75.2022
Fort Washington,PA,40.1744,-74.9230
Fort Wayne,IN,41.0716,-85.1367
Fort White,FL,29.9207,-82.6879
Fort Wingate,NM,35.4678,-108.5406
Fort Worth,TX,32.7469,-97.3268
Fort Yates,ND,46.0905,-100.6516
Fort Yukon,AK,66.5207,-145.3064
Fortescue,NJ,39.2375,-75.1719
Fortine,MT,48.7644,-114.9022
Fortson,GA,32.6288,-85.0017
Fortuna,CA,40.5849,-124.1407
Fortuna,MO,38.5744,-92.7849
Fortuna,ND,48.9246,-103.8290
Fortville,IN,39.9228,-85.8186
Foss,OK,35.3736,-99.1526
Fossil,OR,44.9853,-120.2067
Fosston,MN,47.5816,-95.7431
Foster,KY,38.7506,-84.1566
Foster,MO,38.1734,-94.5371
Foster,OK,34.6164,-97.4889
Foster,OR,44.3836,-122.5449
Foster,RI,41.7815,-71.7187
Foster,VA,37.4528,-76.3853
Foster,WV,38.0908,-81.7659
Foster City,MI,46.0048,-87.8048
Fosters,AL,33.1359,-87.7357
Fosterville,TN,35.6550,-86.4031
Fostoria,IA,43.2259,-95.1850
Fostoria,KS,39.3939,-96.4133
Fostoria,MI,43.2645,-83.3796
Fostoria,OH,41.1623,-83.4139
Fouke,AR,33.3025,-93.9010
Fountain,CO,38.6996,-104.7005
Fountain,FL,30.4753,-85.4293
Fountain,MI,44.0363,-86.2169
Fountain,MN,43.7284,-92.1423
Fountain,NC,35.6694,-77.6214
Fountain City,IN,39.9634,-84.9090
Fountain City,WI,44.1364,-91.6779
Fountain Green,UT,39.6300,-111.6344
Fountain Hill,AR,33.3430,-91.8356
Fountain Hills,AZ,33.6085,-111.7237
Fountain Inn,SC,34.6533,-82.2646
Fountain Run,KY,36.7200,-85.9520
Fountain Valley,CA,33.7108,-117.9523
Fountaintown,IN,39.6751,-85.7848
Fountainville,PA,40.3368,-75.1536
Four Corners,WY,44.1007,-104.1229
Four Lakes,WA,47.5614,-117.5931
Four Oaks,NC,35.4040,-78.4153
Four States,WV,39.4797,-80.3100
Fourmile,KY,36.7933,-83.7419
Fowler,CA,36.6282,-119.6710
Fowler,CO,38.1231,-104.0299
Fowler,IL,39.9925,-91.2452
Fowler,IN,40.6255,-87.3090
Fowler,KS,37.3542,-100.1981
Fowler,MI,42.9941,-84.7600
Fowler,OH,41.3349,-80.6059
Fowlerton,IN,40.4094,-85.5736
Fowlerton,TX,28.4887,-98.8518
Fowlerville,MI,42.6614,-84.0721
Fowlstown,GA,30.8033,-84.5500
Fox,AR,35.7682,-92.3043
Fox,OK,34.3636,-97.4919
Fox Island,WA,47.2524,-122.6286
Fox Lake,IL,42.3937,-88.1648
Fox Lake,WI,43.5815,-88.9041
Fox River Grove,IL,42.1936,-88.2205
Fox Valley,IL,41.7631,-88.2240
Foxboro,MA,42.0649,-71.2441
Foxboro,WI,46.4875,-92.1493
Foxburg,PA,41.1602,-79.6534
Foxhome,MN,46.2584,-96.3176
Foxworth,MS,31.2473,-89.9311
Foyil,OK,36.4347,-95.5192
Frackville,PA,40.7825,-76.2311
Frakes,KY,36.6446,-83.8950
Frametown,WV,38.6368,-80.8774
Framingham,MA,42.3007,-71.4255
Francestown,NH,42.9920,-71.8113
Francesville,IN,40.9709,-86.8553
Francis,OK,34.8736,-96.5953
Francis Creek,WI,44.2000,-87.7200
Francisco,IN,38.3330,-87.4536
Francitas,TX,28.8594,-96.3383
Franconia,NH,44.2053,-71.7518
Franconia,PA,40.3078,-75.3581
Frankenmuth,MI,43.3410,-83.7475
Frankewing,TN,35.1779,-86.7818
Frankford,DE,38.5177,-75.2006
Frankford,MO,39.4892,-91.3031
Frankford,WV,37.9036,-80.3647
Frankfort,IL,41.5094,-87.8248
Frankfort,IN,40.2884,-86.5114
Frankfort,KS,39.7190,-96.4283
Frankfort,KY,38.1928,-84.8806
Frankfort,ME,44.5979,-68.9340
Frankfort,MI,44.6311,-86.2212
Frankfort,NY,43.0440,-75.1072
Frankfort,OH,39.3910,-83.2034
Frankfort,SD,44.8084,-98.2935
Frankfort Heights,IL,37.9013,-88.8457
Franklin,AL,31.7238,-87.4412
Franklin,AR,36.1291,-91.8096
Franklin,GA,33.2911,-85.1055
Franklin,ID,42.0304,-111.8229
Franklin,IL,39.6085,-90.0485
Franklin,IN,39.4854,-86.0608
Franklin,KS,37.5264,-94.7056
Franklin,KY,36.7254,-86.5700
Franklin,LA,29.7857,-91.5026
Franklin,MA,42.0935,-71.4058
Franklin,ME,44.6087,-68.2417
Franklin,MI,42.5219,-83.2519
Franklin,MN,44.5421,-94.8931
Franklin,MO,39.0668,-92.8316
Franklin,NC,35.1810,-83.3885
Franklin,NE,40.1052,-98.9469
Franklin,NH,43.4426,-71.6491
Franklin,NJ,41.1164,-74.5865
Franklin,NY,42.3421,-75.1485
Franklin,OH,39.5478,-84.3059
Franklin,PA,41.4048,-79.8309
Franklin,TN,35.9328,-86.8788
Franklin,TX,31.0350,-96.4426
Franklin,VA,36.6786,-76.9391
Franklin,VT,44.9614,-72.9037
Franklin,WI,42.9017,-88.0086
Franklin,WV,38.6400,-79.3538
Franklin Furnace,OH,38.6282,-82.8145
Franklin Grove,IL,41.8580,-89.3171
Franklin Lakes,NJ,41.0081,-74.2113
Franklin Park,IL,41.9339,-87.8734
Franklin Park,NJ,40.4421,-74.5369
Franklin Springs,GA,34.2847,-83.1444
Franklin Springs,NY,43.0367,-75.3925
Franklin Square,NY,40.7010,-73.6758
Franklinton,LA,30.8577,-90.1155
Franklinton,NC,36.0955,-78.4486
Franklintown,PA,40.0767,-77.0286
Franklinville,NC,35.7917,-79.7132
Franklinville,NJ,39.6156,-75.0409
Franklinville,NY,42.3388,-78.4400
Frankston,TX,32.0535,-95.5163
Franksville,WI,42.7859,-87.9873
Frankton,IN,40.2285,-85.7791
Franktown,CO,39.3728,-104.7256
Franktown,VA,37.4620,-75.8890
Frankville,AL,31.6468,-88.1332
Frannie,WY,44.9697,-108.6203
Fraser,CO,39.9450,-105.8167
Fraser,MI,42.5423,-82.9470
Frazee,MN,46.7565,-95.5212
Frazer,MT,48.1612,-105.9919
Frazeysburg,OH,40.1316,-82.1293
Frazier Park,CA,34.8228,-118.9439
Fraziers Bottom,WV,38.5517,-82.0111
Fred,TX,30.5987,-94.1859
Frederic,MI,44.8382,-84.6824
Frederic,WI,45.6653,-92.4265
Frederica,DE,39.0342,-75.4545
Frederick,CO,40.0992,-104.9367
Frederick,IL,40.0702,-90.5044
Frederick,MD,39.4082,-77.4009
Frederick,OK,34.4012,-99.0119
Frederick,PA,40.2999,-75.5320
Frederick,SD,45.8493,-98.5176
Fredericksburg,IA,42.9593,-92.1983
Fredericksburg,IN,38.4821,-86.1783
Fredericksburg,OH,40.6860,-81.8518
Fredericksburg,PA,40.4524,-76.4267
Fredericksburg,TX,30.2817,-98.8799
Fredericksburg,VA,38.2688,-77.5476
Fredericksburg,VA,38.2995,-77.4772
Fredericksburg,VA,38.3242,-77.4685
Fredericktown,MO,37.5437,-90.3105
Fredericktown,OH,40.4976,-82.5857
Fredericktown,PA,40.0237,-80.0309
Frederika,IA,42.8817,-92.3081
Fredonia,AZ,36.9044,-112.4979
Fredonia,KS,37.5256,-95.8229
Fredonia,KY,37.2130,-88.0112
Fredonia,ND,46.3535,-99.2628
Fredonia,NY,42.4333,-79.3339
Fredonia,PA,41.3241,-80.2699
Fredonia,TX,30.9214,-99.1216
Fredonia,WI,43.4843,-87.9822
Free Soil,MI,44.1120,-86.2652
Free Union,VA,38.2062,-78.5959
Freeborn,MN,43.7848,-93.5745
Freeburg,IL,38.4080,-89.9181
Freeburg,MO,38.3551,-91.9276
Freeburg,PA,40.7675,-76.9430
Freeburn,KY,37.5512,-82.1434
Freedom,CA,36.9365,-121.7768
Freedom,IN,39.2151,-86.8500
Freedom,ME,44.4633,-69.3190
Freedom,NH,43.8172,-71.0628
Freedom,NY,42.4897,-78.3501
Freedom,OK,36.8090,-99.1319
Freedom,PA,40.6830,-80.2147
Freedom,WI,44.3864,-88.2886
Freedom,WY,43.0172,-111.0292
Freehold,NJ,40.2458,-74.2768
Freehold,NY,42.3815,-74.0623
Freeland,MD,39.6940,-76.7223
Freeland,MI,43.5161,-84.1822
Freeland,PA,41.0196,-75.8880
Freeland,WA,48.0342,-122.5641
Freelandville,IN,38.8647,-87.3058
Freeman,MO,38.6245,-94.4956
Freeman,SD,43.3605,-97.4601
Freeman,VA,36.7893,-77.7208
Freeman,WV,37.3300,-81.3081
Freeman Spur,IL,37.8611,-88.9972
Freeport,FL,30.4896,-86.1684
Freeport,IL,42.2991,-89.6345
Freeport,KS,37.1903,-97.8634
Freeport,ME,43.8511,-70.1139
Freeport,MI,42.7297,-85.2791
Freeport,MN,45.6731,-94.6785
Freeport,NY,40.6536,-73.5866
Freeport,OH,40.1925,-81.2770
Freeport,PA,40.7033,-79.6630
Freeport,TX,28.9697,-95.3714
Freer,TX,27.8800,-98.6061
Freetown,IN,38.9957,-86.1241
Freeville,NY,42.4998,-76.3636
Freistatt,MO,37.0176,-93.8961
Fremont,CA,37.5605,-121.9999
Fremont,IA,41.2117,-92.4362
Fremont,IN,41.7331,-84.9452
Fremont,MI,43.4652,-85.9626
Fremont,MO,36.9172,-91.1440
Fremont,NC,35.5186,-77.9963
Fremont,NE,41.4416,-96.4945
Fremont,NH,42.9840,-71.1218
Fremont,OH,41.3498,-83.1181
Fremont,WI,44.2379,-88.8449
Fremont Center,NY,41.8471,-75.0296
French Camp,CA,37.8780,-121.2827
French Camp,MS,33.3383,-89.3946
French Creek,WV,38.8511,-80.2743
French Gulch,CA,40.7035,-122.6229
French Lick,IN,38.5324,-86.6196
French Settlement,LA,30.3364,-90.7732
French Village,MO,37.9961,-90.4005
Frenchboro,ME,44.1181,-68.3631
Frenchburg,KY,37.9460,-83.6424
Frenchglen,OR,42.8269,-118.9144
Frenchmans Bayou,AR,35.4784,-90.0559
Frenchton,WV,38.8728,-80.3567
Frenchtown,MT,47.0471,-114.2683
Frenchtown,NJ,40.5208,-75.0325
Frenchville,ME,46.6811,-68.3336
Frenchville,PA,41.1038,-78.2345
Fresh Meadows,NY,40.7374,-73.7951
Fresno,CA,36.8411,-119.8004
Fresno,OH,40.3711,-81.7623
Fresno,TX,29.5293,-95.4626
Frewsburg,NY,42.0528,-79.1318
Friant,CA,37.0024,-119.6965
Friars Point,MS,34.3694,-90.6389
Friday Harbor,WA,48.5454,-123.0947
Friedens,PA,40.0110,-78.9033
Friedensburg,PA,40.6025,-76.2411
Friedheim,MO,37.5669,-89.8376
Friend,NE,40.6368,-97.2739
Friendly,WV,39.5024,-81.0345
Friendship,AR,34.2412,-92.9804
Friendship,IN,39.1146,-85.2153
Friendship,MD,38.7391,-76.6001
Friendship,ME,44.0067,-69.2916
Friendship,NY,42.1907,-78.1359
Friendship,OH,38.6978,-83.0939
Friendship,TN,35.8976,-89.2041
Friendship,WI,43.9896,-89.8149
Friendsville,MD,39.6665,-79.4219
Friendsville,PA,41.9164,-76.0257
Friendsville,TN,35.7523,-84.1061
Friendswood,TX,29.5224,-95.1879
Frierson,LA,32.2450,-93.6915
Fries,VA,36.7247,-81.0042
Friesland,WI,43.5886,-89.0672
Friona,TX,34.6403,-102.7191
Frisco,CO,39.4689,-106.1564
Frisco,NC,35.2350,-75.6289
Frisco,TX,33.1499,-96.8241
Frisco,TX,33.1506,-96.8233
Frisco City,AL,31.4235,-87.3817
Fritch,TX,35.6441,-101.5845
Frohna,MO,37.6686,-89.6619
Froid,MT,48.3201,-104.4518
Fromberg,MT,45.4027,-108.9057
Front Royal,VA,38.9268,-78.1796
Frontenac,KS,37.4556,-94.6889
Frontenac,MN,44.4872,-92.3281
Frontier,MI,41.7817,-84.6047
Frontier,WY,41.8142,-110.5364
Frost,MN,43.5638,-93.9361
Frost,TX,32.0275,-96.7684
Frostburg,MD,39.6494,-78.9306
Frostburg,PA,40.9644,-79.0336
Frostproof,FL,27.7211,-81.5148
Fruita,CO,39.1637,-108.7218
Fruitdale,AL,31.3488,-88.3766
Fruithurst,AL,33.7717,-85.4381
Fruitland,IA,41.3561,-91.1292
Fruitland,ID,44.0027,-116.9143
Fruitland,MD,38.3225,-75.6228
Fruitland,NM,36.7632,-108.4534
Fruitland,UT,40.2128,-110.8389
Fruitland,WA,47.9797,-118.2159
Fruitland Park,FL,28.8639,-81.8998
Fruitport,MI,43.1443,-86.1388
Fruitvale,TN,35.7467,-89.0306
Fruitvale,TX,32.6770,-95.7899
Fryburg,PA,41.3717,-79.4134
Fryeburg,ME,44.0313,-70.9668
Ft Mitchell,KY,39.0324,-84.5696
Ft Myer,VA,38.8795,-77.0803
Ft Warren Afb,WY,41.1511,-104.8610
Fulda,IN,38.1114,-86.8361
Fulda,MN,43.8753,-95.5979
Fulks Run,VA,38.6339,-78.9358
Fullerton,CA,33.8796,-117.8951
Fullerton,ND,46.1951,-98.3882
Fullerton,NE,41.3660,-98.0054
Fulshear,TX,29.7217,-95.8977
Fulton,AL,31.7909,-87.7081
Fulton,AR,33.6299,-93.8086
Fulton,CA,38.4947,-122.7761
Fulton,IL,41.8522,-90.1507
Fulton,IN,40.9472,-86.2628
Fulton,KS,37.9883,-94.7396
Fulton,KY,36.5287,-88.8892
Fulton,MD,39.1502,-76.9300
Fulton,MI,42.1391,-85.3227
Fulton,MO,38.8518,-91.9605
Fulton,MS,34.2745,-88.3793
Fulton,NY,43.3211,-76.4034
Fulton,OH,40.4650,-82.8362
Fulton,SD,43.7588,-97.8712
Fulton,TX,28.2234,-96.8084
Fultondale,AL,33.6113,-86.8136
Fultonham,NY,42.5859,-74.3876
Fultonham,OH,39.8556,-82.1417
Fultonville,NY,42.9036,-74.3598
Fults,IL,38.1797,-90.1974
Funk,NE,40.5020,-99.2450
Funkstown,MD,39.6089,-77.7047
Funston,GA,31.1997,-83.8736
Fuquay Varina,NC,35.5800,-78.7908
Furlong,PA,40.2945,-75.0649
Furman,AL,32.0067,-86.9669
Furman,SC,32.6814,-81.1883
Fyffe,AL,34.4373,-85.9288
Gaastra,MI,46.0526,-88.5917
Gabbs,NV,38.8802,-117.8686
Gable,SC,33.8410,-80.0814
Gabriels,NY,44.4319,-74.1814
Gackle,ND,46.5913,-99.2191
Gadsden,AL,33.9972,-86.0103
Gadsden,AZ,32.5544,-114.7842
Gadsden,SC,33.8455,-80.7532
Gadsden,TN,35.7799,-88.9929
Gaffney,SC,35.0615,-81.6491
Gage,OK,36.3180,-99.7600
Gagetown,MI,43.6543,-83.2628
Gail,TX,32.7523,-101.4500
Gaines,MI,42.8813,-83.8855
Gaines,PA,41.7471,-77.5680
Gainesboro,TN,36.3438,-85.6355
Gainestown,AL,31.4258,-87.6822
Gainesville,AL,32.9084,-88.2716
Gainesville,FL,29.6450,-82.3100
Gainesville,GA,34.3073,-83.8256
Gainesville,MO,36.5901,-92.4162
Gainesville,NY,42.6190,-78.1795
Gainesville,TX,33.6259,-97.1032
Gainesville,VA,38.7997,-77.6180
Gaithersburg,MD,39.1419,-77.1890
Gakona,AK,62.6547,-143.5684
Galata,MT,48.4587,-111.4198
Galatia,IL,37.8274,-88.6235
Galax,VA,36.6565,-80.9117
Galena,AK,64.7608,-156.7977
Galena,IL,42.4182,-90.4195
Galena,KS,37.0632,-94.6557
Galena,MD,39.3374,-75.8717
Galena,MO,36.8198,-93.4811
Galena,OH,40.1915,-82.8959
Galena Park,TX,29.7392,-95.2400
Gales Creek,OR,45.5957,-123.2340
Gales Ferry,CT,41.4285,-72.0672
Galesburg,IL,40.9521,-90.3698
Galesburg,KS,37.4693,-95.3108
Galesburg,MI,42.2948,-85.4237
Galesburg,ND,47.2778,-97.3746
Galesville,MD,38.8431,-76.5439
Galesville,WI,44.0888,-91.3588
Galeton,CO,40.5150,-104.5973
Galeton,PA,41.7230,-77.6548
Galien,MI,41.8198,-86.5035
Galion,OH,40.7303,-82.7939
Galivants Ferry,SC,34.1238,-79.1059
Gallagher,WV,38.1894,-81.3862
Gallant,AL,33.9976,-86.2346
Gallatin,MO,39.9025,-93.9787
Gallatin,TN,36.3834,-86.4512
Gallatin,TX,31.8908,-95.1453
Gallatin Gateway,MT,45.6100,-111.1734
Gallaway,TN,35.3258,-89.6161
Galliano,LA,29.4311,-90.2981
Gallina,NM,36.1714,-106.6614
Gallion,AL,32.5298,-87.6985
Gallipolis,OH,38.8148,-82.2290
Gallipolis Ferry,WV,38.7650,-82.1535
Gallitzin,PA,40.4877,-78.5554
Gallman,MS,31.9319,-90.3892
Galloway,OH,39.9366,-83.1838
Galloway,WI,44.8272,-89.1694
Galloway,WV,39.2317,-80.1222
Gallup,NM,35.5065,-108.7414
Gallupville,NY,42.6625,-74.2331
Galt,CA,38.2698,-121.2938
Galt,IA,42.6912,-93.6035
Galt,IL,41.7894,-89.7622
Galt,MO,40.1440,-93.3953
Galva,IA,42.5105,-95.4298
Galva,IL,41.1656,-90.0481
Galva,KS,38.3824,-97.5359
Galveston,IN,40.5862,-86.1972
Galveston,TX,29.2983,-94.7930
Galvin,WA,46.7425,-123.0258
Galway,NY,43.0217,-74.0290
Gamaliel,AR,36.4618,-92.2284
Gamaliel,KY,36.6540,-85.8134
Gambell,AK,63.7766,-171.7017
Gambier,OH,40.3782,-82.3828
Gambrills,MD,39.0407,-76.6819
Gamerco,NM,35.5722,-108.7647
Ganado,AZ,35.6518,-109.2832
Ganado,TX,29.0308,-96.5031
Gandeeville,WV,38.7034,-81.4243
Gann Valley,SD,44.0693,-99.0543
Gans,OK,35.3889,-94.6919
Gans,PA,39.7428,-79.8244
Gansevoort,NY,43.1803,-73.7053
Gantt,AL,31.4169,-86.4198
Gap,PA,40.0020,-75.9978
Gap Mills,WV,37.5280,-80.3905
Gapville,KY,37.6300,-82.9592
Garards Fort,PA,39.8158,-80.0267
Garber,IA,42.7453,-91.2593
Garber,OK,36.4392,-97.5789
Garberville,CA,40.1003,-123.7939
Garcia,CO,37.0042,-105.5367
Garciasville,TX,26.3129,-98.6691
Garden,MI,45.7549,-86.5776
Garden City,AL,34.0144,-86.7469
Garden City,IA,42.2527,-93.4031
Garden City,ID,43.6430,-116.2658
Garden City,KS,37.9769,-100.8621
Garden City,LA,29.7653,-91.4656
Garden City,MI,42.3242,-83.3402
Garden City,MN,44.0467,-94.1791
Garden City,MO,38.5681,-94.1825
Garden City,NY,40.7245,-73.6487
Garden City,SD,44.9474,-97.5680
Garden City,TX,31.8491,-101.5269
Garden City,UT,41.9376,-111.4070
Garden Grove,CA,33.7857,-117.9318
Garden Grove,IA,40.7711,-93.6117
Garden Plain,KS,37.6767,-97.6600
Garden Prairie,IL,42.2510,-88.7437
Garden Valley,CA,38.8665,-120.8567
Garden Valley,ID,44.0909,-115.8243
Gardena,CA,33.8925,-118.2961
Gardendale,AL,33.7189,-86.8225
Gardendale,TX,32.0245,-102.3572
Gardenville,PA,40.3725,-75.1081
Gardiner,ME,44.2070,-69.7858
Gardiner,MT,45.0493,-110.1963
Gardiner,NY,41.6576,-74.1672
Gardiner,OR,43.7857,-124.1437
Gardner,CO,37.7638,-105.2374
Gardner,IL,41.1793,-88.2965
Gardner,KS,38.8075,-94.9157
Gardner,LA,31.2694,-92.6928
Gardner,MA,42.5740,-71.9898
Gardner,ND,47.1252,-96.9901
Gardners,PA,40.0428,-77.1877
Gardnerville,NV,38.8983,-119.7269
Garfield,AR,36.4288,-93.9512
Garfield,GA,32.6008,-82.0856
Garfield,KS,38.0649,-99.2374
Garfield,KY,37.8145,-86.3169
Garfield,MN,45.9953,-95.4500
Garfield,NJ,40.8789,-74.1081
Garfield,NM,32.7557,-107.2704
Garfield,WA,46.9946,-117.1523
Garibaldi,OR,45.5600,-123.9117
Garita,NM,35.3502,-104.4419
Garland,KS,37.7174,-94.6721
Garland,ME,45.0383,-69.1608
Garland,NC,34.8229,-78.3414
Garland,NE,40.9412,-96.9702
Garland,PA,41.8161,-79.4442
Garland,TX,32.9227,-96.6248
Garland,UT,41.7413,-112.1516
Garland City,AR,33.3352,-93.7316
Garnavillo,IA,42.8762,-91.2156
Garner,AR,35.1303,-91.7429
Garner,IA,43.1144,-93.5944
Garner,KY,37.3777,-82.8938
Garner,NC,35.6813,-78.5975
Garnerville,NY,41.2021,-74.0005
Garnett,KS,38.2859,-95.2594
Garnett,SC,32.6007,-81.2396
Garrard,KY,37.1236,-83.7464
Garrattsville,NY,42.6356,-75.2327
Garretson,SD,43.7162,-96.5196
Garrett,IN,41.3482,-85.1347
Garrett,KY,37.4861,-82.8462
Garrett,PA,39.8646,-79.0616
Garrett,WY,42.1420,-105.5505
Garrett Park,MD,39.0381,-77.0933
Garrettsville,OH,41.2988,-81.0704
Garrison,IA,42.1588,-92.1644
Garrison,KY,38.5869,-83.2000
Garrison,MN,46.2637,-93.9363
Garrison,MO,36.8610,-92.9985
Garrison,MT,46.5724,-112.6173
Garrison,ND,47.6552,-101.3983
Garrison,NY,41.3621,-73.9200
Garrison,TX,31.8111,-94.5266
Garrison,UT,39.0744,-113.8949
Garrisonville,VA,38.4825,-77.4269
Garrochales,PR,18.4597,-66.6114
Garryowen,MT,45.5086,-107.3649
Garvin,MN,44.2293,-95.7672
Garvin,OK,33.9205,-94.9323
Garwin,IA,42.0872,-92.6894
Garwood,NJ,40.6512,-74.3239
Garwood,TX,29.4760,-96.4919
Gary,IN,41.5933,-87.3464
Gary,MN,47.3675,-96.2152
Gary,SD,44.8270,-96.5044
Gary,TX,32.0198,-94.2815
Gary,WV,37.3636,-81.5503
Garysburg,NC,36.4761,-77.5719
Garyville,LA,30.0535,-90.6201
Gas,KS,37.9236,-95.3458
Gas City,IN,40.4879,-85.6055
Gasburg,VA,36.5766,-77.9029
Gasconade,MO,38.6694,-91.5600
Gasport,NY,43.2106,-78.5745
Gasquet,CA,41.8628,-123.9125
Gassaway,WV,38.6862,-80.7863
Gassville,AR,36.3175,-92.4736
Gaston,IN,40.2948,-85.4898
Gaston,NC,36.5115,-77.6824
Gaston,OR,45.4427,-123.1666
Gaston,SC,33.8337,-81.1174
Gastonia,NC,35.2449,-81.2194
Gastonville,PA,40.2572,-79.9961
Gate,OK,36.8757,-100.0734
Gate City,VA,36.6460,-82.6112
Gates,NC,36.5036,-76.7646
Gates,OR,44.7527,-122.3995
Gates,TN,35.8439,-89.4592
Gates Mills,OH,41.5324,-81.4150
Gatesville,NC,36.4072,-76.7325
Gatesville,TX,31.4476,-97.7243
Gateway,AR,36.4858,-93.9350
Gateway,CO,38.9151,-108.7913
Gatewood,MO,36.5626,-91.0703
Gatlinburg,TN,35.7290,-83.4874
Gattman,MS,33.8742,-88.2588
Gatzke,MN,48.4104,-95.7903
Gauley Bridge,WV,38.1689,-81.1960
Gause,TX,30.7850,-96.7211
Gautier,MS,30.3980,-88.6412
Gay,GA,33.1499,-84.5806
Gay,WV,38.7978,-81.5703
Gaylesville,AL,34.3573,-85.5589
Gaylord,KS,39.6599,-98.8018
Gaylord,MI,45.0275,-84.6747
Gaylord,MN,44.5463,-94.1955
Gaylordsville,CT,41.6486,-73.4835
Gays,IL,39.4796,-88.5242
Gays Creek,KY,37.3504,-83.4556
Gays Mills,WI,43.2936,-90.8676
Gaysville,VT,43.7529,-72.7311
Gayville,SD,42.8835,-97.1830
Gazelle,CA,41.5105,-122.5371
Geary,OK,35.6217,-98.3905
Geddes,SD,43.2597,-98.6926
Geff,IL,38.4413,-88.4144
Geigertown,PA,40.2025,-75.8367
Geismar,LA,30.2363,-90.9758
Gem,KS,39.4296,-100.8948
Gene Autry,OK,34.2836,-97.0378
Genesee,ID,46.5714,-116.9290
Genesee,MI,43.1125,-83.6178
Genesee,PA,41.9353,-77.8736
Genesee Depot,WI,42.9667,-88.3711
Geneseo,IL,41.4688,-90.1711
Geneseo,KS,38.5037,-98.1858
Geneseo,NY,42.7938,-77.7996
Geneva,AL,31.0414,-85.8847
Geneva,FL,28.7503,-81.1114
Geneva,GA,32.5797,-84.5508
Geneva,IA,42.6804,-93.1038
Geneva,ID,42.3136,-111.0722
Geneva,IL,41.8860,-88.3110
Geneva,IN,40.6071,-84.9621
Geneva,MN,43.8235,-93.2671
Geneva,NE,40.5277,-97.6096
Geneva,NY,42.8637,-76.9913
Geneva,OH,41.8029,-80.9474
Genoa,AR,33.3836,-93.9094
Genoa,CO,39.3383,-103.4607
Genoa,IL,42.0981,-88.6908
Genoa,NE,41.4468,-97.7640
Genoa,NV,39.0044,-119.8461
Genoa,NY,42.6746,-76.5418
Genoa,OH,41.5300,-83.3590
Genoa,WI,43.6051,-91.1350
Genoa,WV,38.0889,-82.4669
Genoa City,WI,42.5323,-88.3485
Gentry,AR,36.2652,-94.4751
Gentry,MO,40.3411,-94.4142
Gentryville,IN,38.0855,-87.0441
George,IA,43.3439,-95.9894
George,WA,47.0792,-119.8547
George West,TX,28.3204,-98.1162
Georges Mills,NH,43.4317,-72.0678
Georgetown,CA,38.9199,-120.7934
Georgetown,CO,39.7061,-105.6969
Georgetown,CT,41.2556,-73.4353
Georgetown,DE,38.6790,-75.3932
Georgetown,FL,29.4033,-81.6298
Georgetown,GA,31.9794,-81.2319
Georgetown,ID,42.4733,-111.3969
Georgetown,IL,39.9792,-87.6365
Georgetown,IN,38.3029,-85.9617
Georgetown,KY,38.2117,-84.5562
Georgetown,LA,31.7450,-92.3952
Georgetown,MA,42.7281,-70.9822
Georgetown,MD,39.3997,-75.8742
Georgetown,ME,43.8196,-69.7474
Georgetown,MN,47.0999,-96.7270
Georgetown,MS,31.8552,-90.2127
Georgetown,NY,42.7631,-75.7443
Georgetown,OH,38.8717,-83.9092
Georgetown,PA,40.5743,-80.4900
Georgetown,SC,33.4308,-79.3235
Georgetown,TN,35.2932,-84.9127
Georgetown,TX,30.6330,-97.6707
Georgiana,AL,31.6287,-86.7340
Gepp,AR,36.4364,-92.0995
Gerald,MO,38.3507,-91.2931
Geraldine,AL,34.3439,-86.0404
Geraldine,MT,47.6024,-110.2765
Gerber,CA,40.0430,-122.1649
Gering,NE,41.8220,-103.6629
Gerlach,NV,40.6746,-119.3774
Gerlaw,IL,40.9995,-90.6228
German Valley,IL,42.2176,-89.4712
Germansville,PA,40.7118,-75.7147
Germanton,NC,36.2725,-80.2254
Germantown,IL,38.5487,-89.5413
Germantown,KY,38.7075,-83.9606
Germantown,MD,39.1704,-77.2699
Germantown,NY,42.1219,-73.8625
Germantown,OH,39.6244,-84.3764
Germantown,TN,35.0883,-89.8053
Germantown,WI,43.2189,-88.1165
Germfask,MI,46.2363,-85.9159
Geronimo,OK,34.4805,-98.3875
Geronimo,TX,29.6628,-97.9667
Gerrardstown,WV,39.3780,-78.1141
Gerry,NY,42.2147,-79.1649
Gerton,NC,35.4687,-82.3062
Gervais,OR,45.1086,-122.8962
Gettysburg,OH,40.1114,-84.4953
Gettysburg,PA,39.8320,-77.2223
Gettysburg,SD,45.0259,-99.9766
Getzville,NY,43.0240,-78.7532
Geuda Springs,KS,37.0809,-97.1795
Geyser,MT,47.2598,-110.4839
Geyserville,CA,38.7004,-122.8889
Gheens,LA,29.7076,-90.4849
Ghent,KY,38.7188,-85.0557
Ghent,MN,44.5078,-95.8936
Ghent,NY,42.3036,-73.6486
Ghent,WV,37.6208,-81.1019
Gibbon,MN,44.5606,-94.5467
Gibbon,NE,40.7444,-98.8543
Gibbon Glade,PA,39.7364,-79.5736
Gibbonsville,ID,45.4846,-113.9565
Gibbs,MO,40.0840,-92.4435
Gibbsboro,NJ,39.8365,-74.9710
Gibbstown,NJ,39.8231,-75.2751
Gibsland,LA,32.5299,-93.0706
Gibson,GA,33.2471,-82.5766
Gibson,IA,41.4642,-92.3531
Gibson,LA,29.6625,-90.9776
Gibson,MO,36.4411,-90.0308
Gibson,NC,34.7549,-79.5839
Gibson,PA,41.8033,-75.6444
Gibson,TN,35.8753,-88.8467
Gibson City,IL,40.4659,-88.3609
Gibson Island,MD,39.0751,-76.4324
Gibsonburg,OH,41.3805,-83.3358
Gibsonia,PA,40.6252,-79.9443
Gibsonton,FL,27.8411,-82.3698
Gibsonville,NC,36.1183,-79.5685
Giddings,TX,30.1777,-96.9332
Gideon,MO,36.4538,-89.9135
Gifford,IA,42.2883,-93.0903
Gifford,IL,40.3028,-88.0317
Gifford,PA,41.8607,-78.5846
Gifford,SC,32.8594,-81.2392
Gifford,WA,48.2229,-118.1299
Gig Harbor,WA,47.3786,-122.7000
Gila,NM,32.9658,-108.5761
Gila Bend,AZ,32.9306,-112.7468
Gilbert,AR,35.9878,-92.7161
Gilbert,AZ,33.3500,-111.8092
Gilbert,IA,42.1069,-93.6494
Gilbert,LA,32.0349,-91.5920
Gilbert,MN,47.4885,-92.4025
Gilbert,PA,40.9089,-75.4314
Gilbert,SC,33.9581,-81.3914
Gilbert,WV,37.5942,-81.8665
Gilberton,PA,40.7994,-76.2128
Gilbertown,AL,31.8666,-88.3265
Gilberts,IL,42.0984,-88.3691
Gilbertsville,KY,36.9625,-88.2749
Gilbertsville,NY,42.4330,-75.3609
Gilbertsville,PA,40.3059,-75.5953
Gilbertville,IA,42.4161,-92.2147
Gilbertville,MA,42.3322,-72.1986
Gilboa,NY,42.4108,-74.4003
Gilboa,WV,38.2983,-80.9522
Gilby,ND,48.0771,-97.4633
Gilchrist,OR,43.3076,-121.8866
Gilchrist,TX,29.5122,-94.4889
Gilcrest,CO,40.2819,-104.7772
Gildford,MT,48.5927,-110.2836
Gile,WI,46.4283,-90.2250
Gilead,NE,40.1470,-97.4271
Gilford,MI,43.4942,-83.6219
Gilford,NH,43.5475,-71.4072
Gill,CO,40.4696,-104.5000
Gill,MA,42.6769,-72.4472
Gillespie,IL,39.1361,-89.8186
Gillett,AR,34.1218,-91.3800
Gillett,PA,41.9568,-76.7713
Gillett,TX,29.0514,-97.8343
Gillett,WI,44.9018,-88.3242
Gillett Grove,IA,43.0158,-95.0372
Gillette,NJ,40.6877,-74.4681
Gillette,WY,44.2820,-105.4974
Gillham,AR,34.1570,-94.3165
Gilliam,LA,32.8251,-93.8293
Gilliam,MO,39.2447,-92.9932
Gillsville,GA,34.3001,-83.6757
Gilman,CT,41.5812,-72.1266
Gilman,IA,41.9012,-92.8101
Gilman,IL,40.7680,-87.9933
Gilman,MN,45.7742,-93.9469
Gilman,VT,44.4140,-71.7179
Gilman,WI,45.1891,-90.8257
Gilman City,MO,40.1450,-93.8320
Gilmanton,NH,43.4175,-71.4121
Gilmanton,WI,44.4708,-91.6758
Gilmanton Iron Works,NH,43.4253,-71.3303
Gilmer,TX,32.7246,-94.9714
Gilmore,AR,35.3864,-90.2647
Gilmore City,IA,42.7067,-94.4108
Gilroy,CA,37.0160,-121.5782
Gilson,IL,40.8765,-90.1747
Gilsum,NH,43.0431,-72.2633
Giltner,NE,40.7654,-98.1434
Gipsy,MO,37.1311,-90.1941
Gipsy,PA,40.8072,-78.8767
Girard,GA,33.0437,-81.7106
Girard,IL,39.4472,-89.7805
Girard,KS,37.5091,-94.8569
Girard,OH,41.1611,-80.6933
Girard,PA,41.9896,-80.3178
Girard,TX,33.3632,-100.6937
Girardville,PA,40.7922,-76.2858
Girdler,KY,36.9691,-83.8539
Girdletree,MD,38.0958,-75.3902
Girdwood,AK,60.9425,-149.1664
Girvin,TX,31.0628,-102.3881
Given,WV,38.7130,-81.6825
Gladbrook,IA,42.1774,-92.7141
Glade,KS,39.6704,-99.2996
Glade Hill,VA,37.0169,-79.7763
Glade Park,CO,38.9933,-108.7403
Glade Spring,VA,36.7779,-81.7676
Glade Valley,NC,36.4429,-81.0168
Gladeville,TN,36.1125,-86.4164
Gladewater,TX,32.5559,-94.9320
Gladstone,IL,40.8377,-90.9941
Gladstone,MI,45.8564,-87.0273
Gladstone,ND,46.8152,-102.5274
Gladstone,NJ,40.7219,-74.6707
Gladstone,NM,36.3077,-103.8931
Gladstone,OR,45.3899,-122.5902
Gladstone,VA,37.5473,-78.8508
Gladwin,MI,44.0296,-84.4968
Gladwyne,PA,40.0451,-75.2821
Glady,WV,38.8669,-79.7342
Gladys,VA,37.1386,-79.1048
Glandorf,OH,41.0289,-84.0792
Glasco,KS,39.3621,-97.8418
Glasco,NY,42.0436,-73.9478
Glasford,IL,40.5760,-89.8113
Glasgow,KY,36.9882,-85.9221
Glasgow,MO,39.2257,-92.8318
Glasgow,MT,48.2034,-106.6094
Glasgow,PA,40.7075,-78.4461
Glasgow,VA,37.6430,-79.4590
Glasgow,WV,38.2153,-81.4247
Glassboro,NJ,39.7068,-75.1172
Glasser,NJ,40.9864,-74.6339
Glassport,PA,40.3260,-79.8883
Glasston,ND,48.7058,-97.4472
Glastonbury,CT,41.7073,-72.5727
Gleason,TN,36.2117,-88.6184
Gleason,WI,45.3384,-89.4753
Glen,MS,34.8780,-88.4359
Glen,MT,45.4767,-112.6897
Glen,NH,44.1018,-71.1925
Glen,WV,38.3690,-81.2234
Glen Allan,MS,33.0254,-91.0092
Glen Allen,AL,33.8994,-87.7303
Glen Allen,VA,37.6658,-77.5066
Glen Alpine,NC,35.7289,-81.7794
Glen Arbor,MI,44.8429,-86.0353
Glen Arm,MD,39.4575,-76.5153
Glen Aubrey,NY,42.2573,-75.9805
Glen Burnie,MD,39.1677,-76.5950
Glen Campbell,PA,40.8508,-78.8555
Glen Carbon,IL,38.7609,-89.9706
Glen Cove,ME,44.1336,-69.0947
Glen Cove,NY,40.8650,-73.6277
Glen Dale,WV,39.9597,-80.7323
Glen Daniel,WV,37.7547,-81.4033
Glen Easton,WV,39.8531,-80.6661
Glen Echo,MD,38.9693,-77.1435
Glen Elder,KS,39.4958,-98.3155
Glen Ellen,CA,38.3625,-122.5210
Glen Ellyn,IL,41.8661,-88.0648
Glen Ferris,WV,38.1531,-81.2150
Glen Flora,TX,29.3472,-96.1931
Glen Flora,WI,45.4888,-90.8552
Glen Fork,WV,37.6447,-81.5402
Glen Gardner,NJ,40.7134,-74.9162
Glen Haven,CO,40.4539,-105.4486
Glen Haven,WI,42.8204,-91.0005
Glen Head,NY,40.8281,-73.6076
Glen Hope,PA,40.7984,-78.4999
Glen Jean,WV,37.9264,-81.1503
Glen Lyn,VA,37.3669,-80.8634
Glen Lyon,PA,41.1746,-76.0746
Glen Mills,PA,39.9015,-75.5049
Glen Oaks,NY,40.7481,-73.7114
Glen Richey,PA,40.9382,-78.4752
Glen Riddle Lima,PA,39.9172,-75.4408
Glen Ridge,NJ,40.8040,-74.2055
Glen Rock,NJ,40.9602,-74.1254
Glen Rock,PA,39.7813,-76.7477
Glen Rogers,WV,37.7217,-81.4290
Glen Rose,TX,32.2298,-97.7629
Glen Saint Mary,FL,30.2861,-82.2041
Glen Spey,NY,41.4858,-74.7995
Glen Ullin,ND,46.8233,-101.8223
Glen White,WV,37.7303,-81.2800
Glen Wild,NY,41.6545,-74.5833
Glen Wilton,VA,37.7528,-79.8192
Glenallen,MO,37.3231,-90.0515
Glenarm,IL,39.6327,-89.6581
Glenbeulah,WI,43.7666,-88.1049
Glenbrook,NV,38.9938,-119.9278
Glenburn,ND,48.5080,-101.3196
Glencliff,NH,43.9828,-71.8939
Glencoe,AR,36.2890,-91.7695
Glencoe,CA,38.3516,-120.5945
Glencoe,IL,42.1333,-87.7615
Glencoe,KY,38.7229,-84.8116
Glencoe,MN,44.7780,-94.1616
Glencoe,MO,38.5745,-90.6440
Glencoe,NM,33.3867,-105.5030
Glencoe,OH,40.0081,-80.8878
Glencoe,OK,36.2158,-96.9138
Glencross,SD,45.4505,-100.8944
Glendale,AZ,33.5311,-112.1767
Glendale,CA,34.1716,-118.2899
Glendale,KY,37.6034,-85.8921
Glendale,MA,42.2833,-73.3444
Glendale,OR,42.7518,-123.3943
Glendale,RI,41.9761,-71.6331
Glendale,SC,34.9447,-81.8378
Glendale,UT,37.3219,-112.6035
Glendale Heights,IL,41.9205,-88.0793
Glendale Luke Afb,AZ,33.5400,-112.3562
Glendale Springs,NC,36.3450,-81.3806
Glendive,MT,47.1008,-104.7287
Glendo,WY,42.5004,-105.0000
Glendora,CA,34.1287,-117.8552
Glendora,MS,33.8292,-90.2931
Glendora,NJ,39.8404,-75.0697
Gleneden Beach,OR,44.8814,-124.0331
Glenelg,MD,39.2621,-77.0057
Glenfield,ND,47.4432,-98.6640
Glenfield,NY,43.7323,-75.3669
Glenford,NY,42.0053,-74.1532
Glenford,OH,39.8699,-82.3026
Glengary,WV,39.3839,-78.1558
Glenham,NY,41.5217,-73.9269
Glenham,SD,45.5335,-100.2716
Glenhaven,CA,38.9901,-122.5220
Glenmont,NY,42.5971,-73.7959
Glenmont,OH,40.5217,-82.1505
Glenmoore,PA,40.0846,-75.7711
Glenmora,LA,30.9784,-92.6458
Glenn,CA,39.6069,-122.0384
Glenn,GA,33.1542,-85.2031
Glenn,MI,42.5203,-86.2275
Glenn Dale,MD,38.9766,-76.8053
Glennallen,AK,62.1039,-145.6617
Glennie,MI,44.5582,-83.6899
Glenns Ferry,ID,42.9622,-115.3160
Glennville,CA,35.7377,-118.7169
Glennville,GA,31.9467,-81.9483
Glenolden,PA,39.9048,-75.2946
Glenoma,WA,46.5283,-122.0990
Glenpool,OK,35.9591,-95.9997
Glenrock,WY,42.8675,-105.8579
Glens Falls,NY,43.3125,-73.6488
Glens Fork,KY,37.0182,-85.2401
Glenshaw,PA,40.5375,-79.9644
Glenside,PA,40.1096,-75.1550
Glentana,MT,48.8481,-106.2489
Glenview,IL,42.0758,-87.8223
Glenview,KY,38.3083,-85.6503
Glenvil,NE,40.4931,-98.2465
Glenville,MN,43.5577,-93.2618
Glenville,NC,35.1882,-83.0900
Glenville,PA,39.7599,-76.8620
Glenville,WV,38.9336,-80.8278
Glenwood,AL,31.6641,-86.1710
Glenwood,AR,34.3192,-93.5559
Glenwood,FL,29.0858,-81.3544
Glenwood,GA,32.1572,-82.6759
Glenwood,IA,41.0470,-95.7389
Glenwood,IL,41.5467,-87.6126
Glenwood,IN,39.6124,-85.2735
Glenwood,MD,39.2795,-77.0148
Glenwood,MN,45.6429,-95.3868
Glenwood,MO,40.5149,-92.5886
Glenwood,NC,35.6839,-82.0094
Glenwood,NJ,41.2356,-74.4885
Glenwood,NM,33.3048,-108.7743
Glenwood,NY,42.6001,-78.6386
Glenwood,UT,38.7633,-111.9894
Glenwood,WA,46.0071,-121.2885
Glenwood,WV,38.5449,-82.1434
Glenwood City,WI,45.0623,-92.1816
Glenwood Landing,NY,40.8306,-73.6392
Glenwood Springs,CO,39.5296,-107.3252
Glidden,IA,42.0618,-94.7148
Glidden,TX,29.7006,-96.5861
Glidden,WI,46.1337,-90.5889
Glide,OR,43.2774,-122.9638
Globe,AZ,33.4024,-110.7892
Glorieta,NM,35.5666,-105.7903
Gloster,LA,32.1917,-93.8293
Gloster,MS,31.1903,-90.9240
Gloucester,MA,42.6208,-70.6721
Gloucester,NC,34.6856,-76.5276
Gloucester,VA,37.4192,-76.5533
Gloucester City,NJ,39.8911,-75.1170
Gloucester Point,VA,37.2585,-76.4959
Glouster,OH,39.4978,-82.0871
Glover,VT,44.7200,-72.2038
Gloversville,NY,43.0616,-74.3375
Gloverville,SC,33.5258,-81.8303
Glyndon,MD,39.4928,-76.7876
Glyndon,MN,46.8820,-96.5583
Glynn,LA,30.6376,-91.3423
Gnadenhutten,OH,40.3721,-81.4059
Gober,TX,32.4689,-96.0883
Gobler,MO,36.1590,-89.9349
Gobles,MI,42.3702,-85.8536
Goddard,KS,37.6575,-97.5364
Godfrey,IL,38.9460,-90.2060
Godley,TX,32.4282,-97.5349
Godwin,NC,35.1969,-78.6625
Goehner,NE,40.8302,-97.2055
Goessel,KS,38.2343,-97.3363
Goetzville,MI,46.1010,-84.0593
Goff,KS,39.6654,-95.9574
Goffstown,NH,43.0182,-71.5626
Golconda,IL,37.3500,-88.5551
Golconda,NV,40.9683,-117.3349
Gold Bar,WA,47.8569,-121.6958
Gold Beach,OR,42.4348,-124.3961
Gold Creek,MT,46.5900,-112.9706
Gold Hill,NC,35.5498,-80.3346
Gold Hill,OR,42.4244,-123.0854
Gold Run,CA,39.1751,-120.8569
Golden,CO,39.7305,-105.1915
Golden,IL,40.1203,-91.0296
Golden,MO,36.5625,-93.6230
Golden,MS,34.4812,-88.1842
Golden,OK,34.0344,-94.8961
Golden,TX,32.7294,-95.5628
Golden City,MO,37.3995,-94.1027
Golden Eagle,IL,38.8961,-90.5602
Golden Gate,IL,38.3645,-88.2075
Golden Meadow,LA,29.3821,-90.2639
Golden Valley,AZ,35.2102,-114.2764
Golden Valley,ND,47.2938,-102.0612
Goldendale,WA,45.8320,-120.8130
Goldenrod,FL,28.6128,-81.2939
Goldens Bridge,NY,41.2933,-73.6772
Goldfield,IA,42.7581,-93.9194
Goldfield,NV,37.8344,-117.2694
Goldonna,LA,32.0000,-92.9611
Goldsboro,MD,39.0230,-75.7926
Goldsboro,NC,35.3826,-78.0158
Goldsboro,TX,32.0482,-99.6775
Goldsmith,IN,40.2894,-86.1492
Goldsmith,TX,31.9541,-102.6250
Goldston,NC,35.5643,-79.3385
Goldthwaite,TX,31.4458,-98.5744
Goldvein,VA,38.4886,-77.6395
Goleta,CA,34.4901,-120.0384
Golf,IL,42.0589,-87.7925
Goliad,TX,28.6993,-97.3783
Goltry,OK,36.5314,-98.1540
Golva,ND,46.7075,-103.9575
Gomer,OH,40.8450,-84.1872
Gonvick,MN,47.7490,-95.4990
Gonzales,CA,36.4900,-121.4103
Gonzales,LA,30.2383,-90.9200
Gonzales,TX,29.5086,-97.4495
Gonzalez,FL,30.5814,-87.2914
Goochland,VA,37.7688,-78.0112
Good Hart,MI,45.5672,-85.1131
Good Hope,GA,33.7613,-83.5950
Good Hope,IL,40.5749,-90.6324
Good Thunder,MN,43.9952,-94.0677
Goode,VA,37.3481,-79.3813
Goodell,IA,42.9383,-93.5824
Goodells,MI,43.0001,-82.6217
Goodfellow Afb,TX,31.4322,-100.4114
Goodfield,IL,40.6297,-89.2747
Goodhue,MN,44.4022,-92.5717
Gooding,ID,42.9373,-114.7120
Goodland,FL,25.9244,-81.6458
Goodland,IN,40.7669,-87.2999
Goodland,KS,39.3491,-101.7164
Goodland,MN,47.1924,-93.1469
Goodlettsville,TN,36.3231,-86.7133
Goodman,MO,36.7323,-94.3986
Goodman,MS,32.9721,-89.9821
Goodman,WI,45.6469,-88.3629
Goodnews Bay,AK,59.0850,-161.5871
Goodrich,MI,42.9147,-83.4845
Goodrich,ND,47.4710,-100.1190
Goodrich,TX,30.6079,-94.9592
Goodridge,MN,48.0686,-95.7283
Goodspring,TN,35.1167,-87.1278
Goodsprings,AL,33.6689,-87.2317
Goodview,VA,37.3472,-79.7263
Goodville,PA,40.1256,-76.0036
Goodwater,AL,33.0746,-86.0781
Goodway,AL,31.3367,-87.4258
Goodwell,OK,36.6744,-101.7137
Goodwin,AR,34.9591,-90.9835
Goodwin,SD,44.8862,-96.8114
Goodwine,IL,40.5672,-87.7844
Goodyear,AZ,33.4368,-112.3834
Goodyears Bar,CA,39.5729,-120.8207
Goose Creek,SC,32.9887,-80.0199
Goose Lake,IA,41.9799,-90.3819
Goose Prairie,WA,46.7311,-120.6983
Goose Rock,KY,37.0903,-83.6944
Gordo,AL,33.3469,-87.9005
Gordon,AL,31.1002,-85.1234
Gordon,GA,32.9092,-83.3204
Gordon,KY,36.9901,-83.0693
Gordon,NE,42.8068,-102.2049
Gordon,PA,40.7517,-76.3364
Gordon,TX,32.5478,-98.3632
Gordon,WI,46.2336,-91.8033
Gordon,WV,37.9782,-81.6713
Gordonsville,TN,36.1843,-86.0008
Gordonsville,VA,38.1073,-78.1952
Gordonville,MO,37.3111,-89.6792
Gordonville,PA,40.0353,-76.1106
Gordonville,TX,33.8343,-96.8403
Gore,OK,35.5418,-95.1095
Gore,VA,39.2887,-78.3417
Gore Springs,MS,33.7245,-89.5754
Goree,TX,33.4748,-99.5258
Goreville,IL,37.5750,-88.9655
Gorham,IL,37.7406,-89.4440
Gorham,KS,38.8722,-99.0112
Gorham,ME,43.6843,-70.4680
Gorham,NH,44.3996,-71.1800
Gorham,NY,42.7989,-77.1319
Gorin,MO,40.3622,-92.0140
Gorman,TX,32.2234,-98.6834
Gormania,WV,39.2715,-79.3401
Gorum,LA,31.4328,-92.9433
Goshen,AL,31.8250,-86.1049
Goshen,AR,36.1075,-93.9873
Goshen,CA,36.3511,-119.4192
Goshen,CT,41.8335,-73.2429
Goshen,IN,41.5845,-85.8380
Goshen,KY,38.4113,-85.5708
Goshen,MA,42.4662,-72.8441
Goshen,NH,43.3026,-72.1241
Goshen,NJ,39.1414,-74.8533
Goshen,NY,41.3946,-74.3302
Goshen,OH,39.2209,-84.1188
Goshen,UT,39.9531,-111.9000
Goshen,VA,37.9878,-79.4773
Gosnell,AR,35.9272,-89.9188
Gosport,IN,39.3450,-86.6583
Gotebo,OK,35.0759,-98.8760
Gotha,FL,28.5275,-81.5233
Gotham,WI,43.2233,-90.2914
Gothenburg,NE,40.9400,-100.1547
Gough,GA,33.0917,-82.2267
Gould,AR,34.0345,-91.5768
Gould,OK,34.6650,-99.7843
Gould City,MI,46.1345,-85.7259
Gouldbusk,TX,31.5511,-99.5136
Gouldsboro,ME,44.4731,-68.0899
Gouldsboro,PA,41.2448,-75.5037
Gouverneur,NY,44.3283,-75.4651
Gove,KS,38.8870,-100.4867
Government Camp,OR,45.3184,-121.7854
Gowanda,NY,42.4712,-78.9339
Gowen,MI,43.2239,-85.3159
Gowen,OK,34.8814,-95.4767
Gower,MO,39.6020,-94.5965
Gowrie,IA,42.2767,-94.2987
Grabill,IN,41.2108,-84.9406
Grace,ID,42.5500,-111.7400
Grace,MS,32.9994,-90.9564
Grace City,ND,47.5536,-98.8095
Gracemont,OK,35.1875,-98.2835
Graceville,FL,30.9426,-85.5136
Graceville,MN,45.5602,-96.4209
Gracewood,GA,33.3725,-82.0322
Gracey,KY,36.8564,-87.6545
Grady,AL,32.0194,-86.1292
Grady,AR,34.0305,-91.6708
Grady,NM,34.8107,-103.2980
Gradyville,KY,37.0544,-85.4275
Gradyville,PA,39.9431,-75.4697
Graettinger,IA,43.2277,-94.7334
Graff,MO,37.3262,-92.2647
Graford,TX,32.9242,-98.3370
Grafton,IA,43.3110,-93.0797
Grafton,IL,39.0021,-90.4323
Grafton,MA,42.2004,-71.6868
Grafton,ND,48.4108,-97.4159
Grafton,NE,40.6402,-97.7403
Grafton,NH,43.5727,-71.9634
Grafton,NY,42.7689,-73.4514
Grafton,OH,41.2854,-82.0431
Grafton,VT,43.1601,-72.5972
Grafton,WI,43.3231,-87.9521
Grafton,WV,39.3414,-80.0285
Graham,AL,33.4630,-85.3340
Graham,FL,29.8600,-82.2186
Graham,KY,37.2258,-87.2578
Graham,MO,40.2012,-95.0121
Graham,NC,36.0310,-79.3814
Graham,OK,34.3374,-97.4954
Graham,TX,33.0993,-98.5832
Graham,WA,47.0246,-122.2936
Grahamsville,NY,41.8807,-74.5127
Grahn,KY,38.2836,-83.0753
Grain Valley,MO,39.0274,-94.2087
Grainfield,KS,39.1030,-100.4680
Grambling,LA,32.5244,-92.7158
Gramercy,LA,30.0527,-90.6902
Gramling,SC,35.0767,-82.1328
Grammer,IN,39.1592,-85.7183
Grampian,PA,40.9818,-78.5949
Granada,CO,38.0545,-102.3271
Granada,MN,43.7061,-94.3307
Granada Hills,CA,34.2771,-118.4992
Granbury,TX,32.4250,-97.7742
Granby,CO,40.0128,-105.8899
Granby,CT,41.9602,-72.7994
Granby,MA,42.2557,-72.5200
Granby,MO,36.9066,-94.2643
Granby,VT,44.5706,-71.7592
Grand Bay,AL,30.4983,-88.3282
Grand Blanc,MI,42.9282,-83.6264
Grand Cane,LA,32.1050,-93.7941
Grand Canyon,AZ,36.0544,-112.1386
Grand Chain,IL,37.2510,-89.0083
Grand Chenier,LA,29.7875,-92.8980
Grand Coteau,LA,30.4197,-92.0467
Grand Coulee,WA,47.9385,-118.9978
Grand Forks,ND,47.9010,-97.0446
Grand Forks Afb,ND,47.9582,-97.3688
Grand Gorge,NY,42.3874,-74.5312
Grand Haven,MI,43.0378,-86.1912
Grand Island,FL,28.8866,-81.7391
Grand Island,NE,40.9219,-98.3411
Grand Island,NY,43.0183,-78.9591
Grand Isle,LA,29.2297,-90.0088
Grand Isle,ME,47.3044,-68.1542
Grand Isle,VT,44.7197,-73.3056
Grand Junction,CO,39.0783,-108.5457
Grand Junction,IA,42.0296,-94.2336
Grand Junction,MI,42.3761,-86.0541
Grand Junction,TN,35.0659,-89.1534
Grand Lake,CO,40.2289,-105.8605
Grand Lake Stream,ME,45.1578,-67.7267
Grand Ledge,MI,42.7529,-84.7373
Grand Marais,MI,46.6529,-85.9836
Grand Marais,MN,47.7758,-90.3391
Grand Marsh,WI,43.8568,-89.6557
Grand Meadow,MN,43.7101,-92.5692
Grand Mound,IA,41.8236,-90.6329
Grand Portage,MN,47.9591,-89.6989
Grand Prairie,TX,32.7649,-97.0112
Grand Rapids,MI,42.9704,-85.6738
Grand Rapids,MN,47.2378,-93.5300
Grand Rapids,OH,41.4379,-83.8552
Grand Ridge,FL,30.7148,-85.0210
Grand Ridge,IL,41.2386,-88.8168
Grand River,IA,40.8137,-93.9544
Grand River,OH,41.7361,-81.2814
Grand Rivers,KY,37.0578,-88.2614
Grand Ronde,OR,45.0750,-123.6335
Grand Saline,TX,32.6635,-95.7064
Grand Terrace,CA,34.0339,-117.3128
Grand Tower,IL,37.6322,-89.4999
Grand Valley,PA,41.7732,-79.5469
Grand View,ID,42.8101,-116.0819
Grand View,WI,46.3577,-91.1075
Grandfalls,TX,31.3459,-102.8568
Grandfield,OK,34.2282,-98.6867
Grandin,FL,29.7275,-81.9186
Grandin,MO,36.8280,-90.7942
Grandin,ND,47.2158,-97.0207
Grandview,IA,41.2758,-91.1883
Grandview,IN,37.9703,-86.9568
Grandview,MO,38.8819,-94.5205
Grandview,TN,35.7608,-84.8615
Grandview,TX,32.2779,-97.2351
Grandview,WA,46.2538,-119.9157
Grandville,MI,42.8939,-85.7619
Grandy,MN,45.6353,-93.1950
Grandy,NC,36.2339,-75.8768
Granger,IA,41.7524,-93.8410
Granger,IN,41.7427,-86.1411
Granger,MO,40.4625,-92.0167
Granger,TX,30.7398,-97.4451
Granger,WA,46.3480,-120.1818
Granger,WY,41.5936,-109.9681
Grangeville,ID,45.9272,-116.1076
Granite,CO,39.0953,-106.3114
Granite,OK,34.9712,-99.3881
Granite Bay,CA,38.7438,-121.1898
Granite Canon,WY,41.0053,-105.2492
Granite City,IL,38.7216,-90.1158
Granite Falls,MN,44.8087,-95.5516
Granite Falls,NC,35.8197,-81.4571
Granite Falls,WA,48.0790,-121.9428
Granite Quarry,NC,35.6122,-80.4469
Granite Springs,NY,41.3098,-73.7530
Graniteville,SC,33.5630,-81.8147
Graniteville,VT,44.1573,-72.4845
Grannis,AR,34.2370,-94.3255
Grant,AL,34.4959,-86.2590
Grant,CO,39.4597,-105.6611
Grant,FL,27.9286,-80.5267
Grant,IA,41.1258,-94.9846
Grant,LA,30.7883,-92.9483
Grant,MI,43.3392,-85.8368
Grant,NE,40.8511,-101.7196
Grant,OK,33.9302,-95.4893
Grant City,MO,40.4924,-94.3979
Grant Park,IL,41.2477,-87.6480
Grant Town,WV,39.5581,-80.1819
Grantham,NH,43.5103,-72.1334
Grantham,PA,40.1564,-76.9892
Granton,WI,44.5606,-90.4484
Grants,NM,35.3598,-107.9357
Grants Pass,OR,42.4638,-123.3457
Grantsboro,NC,35.1222,-76.8844
Grantsburg,IL,37.3967,-88.7705
Grantsburg,IN,38.2892,-86.4660
Grantsburg,WI,45.7613,-92.6627
Grantsdale,MT,46.2036,-114.1408
Grantsville,MD,39.6844,-79.1517
Grantsville,UT,40.6005,-112.4618
Grantsville,WV,38.9324,-81.0763
Grantville,GA,33.2473,-84.8350
Grantville,KS,39.0972,-95.5397
Grantville,PA,40.3606,-76.6713
Granville,IA,42.9693,-95.8972
Granville,IL,41.2642,-89.2250
Granville,MA,42.0702,-72.9088
Granville,ND,48.2566,-100.8082
Granville,NY,43.3776,-73.2978
Granville,OH,40.0788,-82.5194
Granville,PA,40.5479,-77.6134
Granville,TN,36.2768,-85.7475
Granville,VT,43.9849,-72.8245
Granville,WV,39.6458,-79.9875
Granville Summit,PA,41.6973,-76.7218
Grapeland,TX,31.4972,-95.4447
Grapeview,WA,47.3058,-122.9497
Grapeville,PA,40.3038,-79.6032
Grapevine,AR,34.1309,-92.3109
Grapevine,TX,32.9314,-97.0962
Grasonville,MD,38.9456,-76.1997
Grass Creek,IN,41.0186,-86.4133
Grass Lake,MI,42.2711,-84.1940
Grass Range,MT,47.0259,-108.8271
Grass Valley,CA,39.2076,-121.0374
Grass Valley,OR,45.3013,-120.7478
Grassflat,PA,40.9959,-78.1284
Grasston,MN,45.7729,-93.1962
Grassy Butte,ND,47.4431,-103.2944
Grassy Creek,NC,36.5415,-81.4468
Grassy Meadows,WV,37.8428,-80.7302
Gratiot,OH,39.9511,-82.2161
Gratiot,WI,42.5759,-90.0243
Gratis,OH,39.6478,-84.5272
Graton,CA,38.4350,-122.8668
Gratz,PA,40.6104,-76.7189
Gravel Switch,KY,37.5758,-85.0824
Gravelly,AR,34.8881,-93.6802
Graves Mill,VA,38.4225,-78.3678
Gravette,AR,36.4155,-94.4779
Gravity,IA,40.7909,-94.7506
Gravois Mills,MO,38.2584,-92.8230
Grawn,MI,44.6428,-85.7113
Gray,GA,33.0172,-83.5400
Gray,IA,41.8266,-95.0227
Gray,KY,36.9467,-83.9828
Gray,LA,29.6903,-90.7807
Gray,ME,43.8942,-70.3429
Gray,PA,40.1358,-79.0931
Gray Court,SC,34.5810,-82.1570
Gray Hawk,KY,37.3950,-83.9403
Gray Mountain,AZ,35.6679,-111.4840
Gray Summit,MO,38.5030,-90.8292
Grayland,WA,46.8532,-124.0562
Grayling,AK,63.3720,-159.4049
Grayling,MI,44.6710,-84.6913
Graymont,IL,40.9066,-88.7603
Grayridge,MO,36.8242,-89.7808
Grays Knob,KY,36.8111,-83.3240
Grays River,WA,46.3535,-123.5888
Grayslake,IL,42.3485,-88.0378
Grayson,GA,33.8942,-83.9558
Grayson,KY,38.3280,-82.9651
Grayson,LA,32.0121,-91.9746
Graysville,AL,33.6336,-86.9482
Graysville,GA,34.9764,-85.1414
Graysville,IN,39.1175,-87.5561
Graysville,OH,39.6594,-81.1892
Graysville,PA,39.9092,-80.3952
Graysville,TN,35.4484,-85.1790
Graytown,OH,41.5271,-83.2611
Grayville,IL,38.2627,-88.0035
Great Barrington,MA,42.1959,-73.3607
Great Bend,KS,38.3709,-98.7831
Great Bend,NY,44.0342,-75.7192
Great Bend,PA,41.9775,-75.7327
Great Cacapon,WV,39.5836,-78.3331
Great Falls,MT,47.5098,-111.2734
Great Falls,SC,34.5705,-80.9133
Great Falls,VA,39.0039,-77.3083
Great Lakes,IL,42.3032,-87.8642
Great Meadows,NJ,40.8520,-74.9418
Great Mills,MD,38.2674,-76.4954
Great Neck,NY,40.7742,-73.7189
Great River,NY,40.7211,-73.1581
Great Valley,NY,42.2083,-78.6208
Greeley,CO,40.4140,-104.7048
Greeley,IA,42.5939,-91.3233
Greeley,KS,38.3524,-95.1188
Greeley,NE,41.5526,-98.5300
Greeley,PA,41.4372,-75.0125
Greeleyville,SC,33.5966,-79.9802
Green,KS,39.4201,-96.9994
Green,OH,40.9458,-81.4833
Green Bank,WV,38.4097,-79.8015
Green Bay,VA,37.1234,-78.3072
Green Bay,WI,44.4853,-88.0169
Green Camp,OH,40.5319,-83.2106
Green Castle,MO,40.2703,-92.8780
Green City,MO,40.2601,-92.9532
Green Cove Springs,FL,30.0042,-81.7262
Green Creek,NJ,39.0461,-74.9017
Green Forest,AR,36.3224,-93.4059
Green Harbor,MA,42.0778,-70.6500
Green Isle,MN,44.6687,-93.9326
Green Lake,WI,43.8444,-88.9685
Green Lane,PA,40.3534,-75.4351
Green Mountain,NC,35.9956,-82.2879
Green Mountain Falls,CO,38.9344,-105.0175
Green Pond,AL,33.2250,-87.1264
Green Pond,SC,32.6628,-80.5280
Green Ridge,MO,38.6190,-93.4374
Green River,UT,39.0002,-110.1598
Green River,WY,41.5196,-109.4714
Green Road,KY,36.9989,-83.8958
Green Sea,SC,34.2051,-79.0516
Green Spring,WV,39.5029,-78.6272
Green Springs,OH,41.2281,-83.0885
Green Sulphur Springs,WV,37.8086,-80.8399
Green Valley,AZ,31.8543,-111.0003
Green Valley,IL,40.4198,-89.6549
Green Valley,WI,44.7956,-88.2703
Green Valley Lake,CA,34.2378,-117.0797
Green Village,NJ,40.7416,-74.4517
Greenacres,WA,47.6584,-117.1568
Greenback,TN,35.6567,-84.1710
Greenbackville,VA,38.0064,-75.4029
Greenbank,WA,48.1244,-122.5871
Greenbelt,MD,39.0004,-76.8766
Greenbrae,CA,37.9506,-122.5355
Greenbrier,AR,35.2295,-92.3578
Greenbrier,TN,36.4229,-86.7914
Greenbush,MA,42.1792,-70.7500
Greenbush,ME,45.0776,-68.6033
Greenbush,MI,44.5480,-83.3269
Greenbush,MN,48.6957,-96.1871
Greenbush,VA,37.7681,-75.6664
Greenbush,WI,43.7767,-88.0839
Greencastle,IN,39.6495,-86.8686
Greencastle,PA,39.7818,-77.7470
Greencreek,ID,46.1155,-116.2724
Greendale,WI,42.9373,-87.9943
Greendell,NJ,40.9739,-74.8214
Greene,IA,42.9160,-92.7583
Greene,ME,44.1891,-70.1455
Greene,NY,42.3373,-75.7595
Greene,RI,41.7062,-71.7356
Greeneville,TN,36.1608,-82.8331
Greenfield,CA,36.3202,-121.2451
Greenfield,IA,41.3133,-94.4408
Greenfield,IL,39.3491,-90.2089
Greenfield,IN,39.7902,-85.8141
Greenfield,MA,42.6012,-72.6018
Greenfield,MO,37.4197,-93.8407
Greenfield,NH,42.9493,-71.8728
Greenfield,OH,39.3478,-83.3898
Greenfield,OK,35.7333,-98.3841
Greenfield,TN,36.1485,-88.7453
Greenfield Center,NY,43.1225,-73.8602
Greenfield Park,NY,41.7281,-74.5201
Greenford,OH,40.9439,-80.7917
Greenhurst,NY,42.1194,-79.3106
Greenland,AR,35.9942,-94.1750
Greenland,MI,46.7794,-89.1017
Greenland,NH,43.0353,-70.8475
Greenlawn,NY,40.8621,-73.3646
Greenleaf,ID,43.6714,-116.8153
Greenleaf,KS,39.7061,-96.9775
Greenleaf,WI,44.2937,-88.0275
Greenock,PA,40.3122,-79.8069
Greenport,NY,41.1039,-72.3674
Greens Farms,CT,41.1239,-73.3197
Greens Fork,IN,39.8916,-85.0494
Greensboro,AL,32.7167,-87.5905
Greensboro,FL,30.5692,-84.7433
Greensboro,GA,33.5637,-83.1702
Greensboro,IN,39.8750,-85.4661
Greensboro,MD,38.9616,-75.8059
Greensboro,NC,36.0697,-79.7682
Greensboro,NC,36.0726,-79.7920
Greensboro,PA,39.8045,-79.9399
Greensboro,VT,44.5951,-72.2850
Greensboro Bend,VT,44.5485,-72.2525
Greensburg,IN,39.3312,-85.4735
Greensburg,KS,37.6084,-99.3011
Greensburg,KY,37.2430,-85.5236
Greensburg,LA,30.8647,-90.7256
Greensburg,PA,40.3074,-79.5424
Greentop,MO,40.3446,-92.5567
Greentown,IN,40.4791,-85.9582
Greentown,OH,40.9275,-81.4028
Greentown,PA,41.3321,-75.2819
Greenup,IL,39.2395,-88.1445
Greenup,KY,38.5480,-82.8684
Greenvale,NY,40.8125,-73.6261
Greenview,CA,41.5508,-122.9044
Greenview,IL,40.0799,-89.7116
Greenville,AL,31.8100,-86.6229
Greenville,CA,40.1424,-120.9273
Greenville,FL,30.4512,-83.6474
Greenville,GA,33.0372,-84.7422
Greenville,IA,43.0333,-95.0582
Greenville,IL,38.8933,-89.4052
Greenville,IN,38.3535,-86.0083
Greenville,KY,37.2076,-87.1806
Greenville,ME,45.4716,-69.5844
Greenville,MI,43.1793,-85.2497
Greenville,MO,37.1108,-90.4514
Greenville,MS,33.3787,-91.0468
Greenville,NC,35.6594,-77.3974
Greenville,NH,42.7489,-71.7845
Greenville,NY,42.4113,-74.0222
Greenville,OH,40.0987,-84.6342
Greenville,PA,41.3994,-80.3803
Greenville,RI,41.8734,-71.5569
Greenville,SC,34.8472,-82.4060
Greenville,SC,34.9137,-82.0978
Greenville,TX,33.1175,-96.1024
Greenville,UT,38.2636,-112.7084
Greenville,VA,38.0018,-79.1359
Greenville,WI,44.2997,-88.5696
Greenville,WV,37.5212,-80.6761
Greenville Junction,ME,45.4884,-69.6375
Greenwald,MN,45.6017,-94.8597
Greenway,AR,36.3348,-90.2253
Greenway,VA,38.9702,-77.2339
Greenwell Springs,LA,30.5211,-91.0075
Greenwich,CT,41.0302,-73.6300
Greenwich,KS,37.7828,-97.2033
Greenwich,NJ,39.3897,-75.3389
Greenwich,NY,43.0962,-73.5067
Greenwich,OH,41.0407,-82.5133
Greenwich,UT,38.4311,-111.9222
Greenwood,AR,35.1955,-94.2530
Greenwood,CA,38.9362,-120.9166
Greenwood,DE,38.8175,-75.5935
Greenwood,FL,30.8525,-85.1555
Greenwood,IN,39.6224,-86.1490
Greenwood,LA,32.4240,-93.9693
Greenwood,ME,44.3183,-70.6514
Greenwood,MO,38.8428,-94.3348
Greenwood,MS,33.5159,-90.1726
Greenwood,NE,40.9706,-96.4258
Greenwood,NY,42.1398,-77.6360
Greenwood,SC,34.1758,-82.1562
Greenwood,TX,33.3808,-97.4742
Greenwood,VA,38.0415,-78.7833
Greenwood,WI,44.7404,-90.6229
Greenwood Lake,NY,41.2127,-74.3000
Greenwood Springs,MS,33.9934,-88.3123
Greer,AZ,34.0100,-109.4581
Greer,SC,34.8968,-82.2674
Gregory,AR,35.1553,-91.3431
Gregory,MI,42.4507,-84.0466
Gregory,SD,43.2269,-99.4302
Gregory,TX,27.9219,-97.2897
Greig,NY,43.6892,-75.3124
Grelton,OH,41.3417,-83.9997
Grenada,CA,41.6125,-122.5258
Grenada,MS,33.7751,-89.8087
Grenloch,NJ,39.4258,-75.2253
Grenola,KS,37.3668,-96.4396
Grenora,ND,48.6139,-103.9291
Grenville,NM,36.7254,-103.4155
Grenville,SD,45.4897,-97.4155
Gresham,NE,41.0210,-97.4079
Gresham,OR,45.5154,-122.4203
Gresham,SC,33.9069,-79.3564
Gresham,WI,44.8530,-88.7887
Grethel,KY,37.4596,-82.7396
Gretna,FL,30.6169,-84.6600
Gretna,LA,29.9108,-90.0531
Gretna,NE,41.1345,-96.2458
Gretna,VA,36.9695,-79.3389
Grey Eagle,MN,45.8107,-94.8321
Greybull,WY,44.4919,-108.0795
Greycliff,MT,45.7926,-109.6746
Greystone Park,NJ,40.8440,-74.4796
Gridley,CA,39.3589,-121.6898
Gridley,IL,40.7439,-88.8840
Gridley,KS,38.1012,-95.8874
Griffin,GA,33.2549,-84.2728
Griffin,IN,38.2069,-87.9166
Griffith,IN,41.5335,-87.4228
Griffithsville,WV,38.2470,-81.9820
Griffithville,AR,35.1144,-91.6242
Grifton,NC,35.3757,-77.4193
Griggsville,IL,39.7084,-90.7249
Grimes,CA,39.0744,-121.8928
Grimes,IA,41.7018,-93.7821
Grimesland,NC,35.5580,-77.2566
Grimsley,TN,36.2434,-85.0155
Grimstead,VA,37.5003,-76.3017
Grindstone,PA,40.0084,-79.8404
Grinnell,IA,41.7421,-92.7344
Grinnell,KS,39.0851,-100.6621
Grissom Arb,IN,40.6635,-86.1473
Griswold,IA,41.2238,-95.0990
Grizzly Flats,CA,38.6287,-120.5425
Groesbeck,TX,31.5357,-96.5234
Groom,TX,35.2168,-101.1285
Grosse Ile,MI,42.1347,-83.1538
Grosse Pointe,MI,42.3847,-82.9244
Grosse Tete,LA,30.3879,-91.4383
Grosvenor Dale,CT,41.9683,-71.8953
Groton,CT,41.3572,-72.0579
Groton,MA,42.6124,-71.5584
Groton,NY,42.5855,-76.3633
Groton,SD,45.4503,-98.1058
Groton,VT,44.2204,-72.2175
Grottoes,VA,38.2484,-78.8255
Grouse Creek,UT,41.6297,-113.8540
Grove,OK,36.5929,-94.7565
Grove City,MN,45.1532,-94.6878
Grove City,OH,39.8814,-83.0839
Grove City,PA,41.1607,-80.0841
Grove Hill,AL,31.6755,-87.7636
Groveland,CA,37.8409,-120.1918
Groveland,FL,28.5644,-81.8745
Groveland,IL,40.5925,-89.5344
Groveland,MA,42.7530,-71.0270
Groveland,NY,42.6760,-77.7573
Groveoak,AL,34.4359,-86.0400
Groveport,OH,39.8581,-82.8872
Grover,CO,40.8716,-104.2346
Grover,MO,38.5733,-90.6461
Grover,NC,35.1836,-81.4552
Grover,PA,41.6144,-76.8675
Grover,SC,33.1050,-80.5950
Grover,WY,42.7965,-110.9244
Grover Beach,CA,35.1210,-120.6173
Grover Hill,OH,41.0245,-84.4956
Grovertown,IN,41.3220,-86.5289
Groves,TX,29.9448,-93.9152
Grovespring,MO,37.4947,-92.6001
Groveton,TX,31.0651,-95.0969
Grovetown,GA,33.4766,-82.2409
Grubbs,AR,35.6497,-91.0739
Grubville,MO,38.2883,-90.7547
Gruetli Laager,TN,35.3635,-85.6698
Grulla,TX,26.2937,-98.5960
Grundy,VA,37.2967,-82.1061
Grundy Center,IA,42.3672,-92.7773
Gruver,IA,43.3933,-94.7050
Gruver,TX,36.2868,-101.4089
Grygla,MN,48.3071,-95.6398
Guadalupe,CA,34.9600,-120.5703
Guadalupita,NM,36.1130,-105.1278
Gualala,CA,38.8036,-123.5540
Guanica,PR,17.9736,-66.9083
Guasti,CA,34.0650,-117.5856
Guatay,CA,32.8489,-116.5564
Guayama,PR,17.9856,-66.1307
Guayanilla,PR,18.0200,-66.7900
Guaynabo,PR,18.4326,-66.1173
Guerneville,CA,38.5096,-122.9944
Guernsey,IA,41.6486,-92.3425
Guernsey,WY,42.2655,-104.7512
Guerra,TX,26.9128,-98.9189
Gueydan,LA,30.0255,-92.5338
Guffey,CO,38.8146,-105.5784
Guide Rock,NE,40.0812,-98.3391
Guild,NH,43.3767,-72.1386
Guild,TN,35.0178,-85.5116
Guilderland,NY,42.6973,-73.8975
Guilderland Center,NY,42.7031,-73.9664
Guildhall,VT,44.6902,-71.5991
Guilford,CT,41.3154,-72.6968
Guilford,IN,39.2059,-84.9616
Guilford,ME,45.1735,-69.3975
Guilford,MO,40.1746,-94.6951
Guilford,NY,42.4269,-75.4823
Guin,AL,33.9676,-87.9024
Guinda,CA,38.8166,-122.1897
Guion,AR,35.9601,-91.9343
Gulf,NC,35.5603,-79.2819
Gulf Breeze,FL,30.3847,-87.0439
Gulf Hammock,FL,29.2528,-82.7311
Gulf Shores,AL,30.2690,-87.7128
Gulfport,MS,30.3826,-89.0976
Gulliver,MI,46.0115,-86.0214
Gully,MN,47.7697,-95.6410
Gulston,KY,36.7656,-83.3262
Gum Spring,VA,37.8184,-77.9070
Gunlock,KY,37.5467,-82.9357
Gunlock,UT,37.2861,-113.7625
Gunnison,CO,38.5511,-106.9310
Gunnison,MS,33.9439,-90.9319
Gunnison,UT,39.1545,-111.8167
Gunpowder,MD,39.3982,-76.2743
Gunter,TX,33.4495,-96.7341
Guntersville,AL,34.3219,-86.3055
Guntown,MS,34.4299,-88.7011
Gurabo,PR,18.2550,-65.9775
Gurdon,AR,33.9125,-93.1417
Gurley,AL,34.7140,-86.3940
Gurley,NE,41.2877,-102.9823
Gurnee,IL,42.3669,-87.9452
Gustavus,AK,58.4284,-135.7615
Gustine,CA,37.2425,-121.0040
Gustine,TX,31.8724,-98.3835
Guston,KY,37.8951,-86.2155
Guthrie,KY,36.6643,-87.1709
Guthrie,OK,35.8330,-97.4360
Guthrie,TX,33.6206,-100.3225
Guthrie Center,IA,41.6837,-94.4864
Guttenberg,IA,42.7594,-91.1190
Guy,AR,35.3185,-92.3315
Guy,TX,29.3327,-95.7702
Guymon,OK,36.6961,-101.4778
Guys,TN,35.0142,-88.5208
Guys Mills,PA,41.6333,-79.9714
Guysville,OH,39.2944,-81.9268
Guyton,GA,32.3140,-81.3896
Gwinn,MI,46.2919,-87.4302
Gwinner,ND,46.2305,-97.8669
Gwynedd,PA,40.2021,-75.2507
Gwynedd Valley,PA,40.1842,-75.2567
Gwynn,VA,37.5006,-76.2904
Gwynn Oak,MD,39.3296,-76.7341
Gwynneville,IN,39.6608,-85.6481
Gypsum,CO,39.6618,-106.9671
Gypsum,KS,38.7047,-97.4338
Gypsum,OH,41.4933,-82.8758
Gypsy,WV,39.3686,-80.3181
Hachita,NM,31.9181,-108.3197
Hacienda Heights,CA,33.9977,-117.9652
Hackberry,AZ,35.3692,-113.7264
Hackberry,LA,29.9822,-93.3750
Hackensack,MN,46.9884,-94.5033
Hackensack,NJ,40.8882,-74.0503
Hacker Valley,WV,38.6796,-80.4023
Hackett,AR,35.1945,-94.3983
Hackettstown,NJ,40.8529,-74.8343
Hackleburg,AL,34.2678,-87.8608
Hacksneck,VA,37.6431,-75.8708
Hadar,NE,42.1050,-97.4489
Haddam,CT,41.4627,-72.5050
Haddam,KS,39.8520,-97.3081
Haddock,GA,33.0519,-83.4312
Haddon Heights,NJ,39.8788,-75.0664
Haddon Township,NJ,39.9186,-75.1078
Haddonfield,NJ,39.8954,-75.0417
Hadensville,VA,37.8253,-77.9997
Hadley,MA,42.3606,-72.5715
Hadley,MI,42.9544,-83.4033
Hadley,NY,43.3013,-73.9499
Hadley,PA,41.4330,-80.1535
Hadlyme,CT,41.4203,-72.4069
Hagaman,NY,42.9597,-74.1668
Hagan,GA,32.1558,-81.9339
Hagar Shores,MI,42.1861,-86.3083
Hagarstown,IL,38.9433,-89.1683
Hagarville,AR,35.5233,-93.3443
Hager City,WI,44.6270,-92.5501
Hagerhill,KY,37.8035,-82.8149
Hagerman,ID,42.8142,-114.8870
Hagerman,NM,33.1076,-104.3298
Hagerstown,IN,39.9228,-85.1601
Hagerstown,MD,39.6320,-77.7372
Hague,ND,46.0589,-99.9745
Hague,NY,43.7463,-73.5282
Hague,VA,38.0573,-76.6616
Hahira,GA,30.9416,-83.3574
Hahnville,LA,30.0001,-90.4886
Haigler,NE,40.0642,-101.9371
Haiku,HI,20.9071,-156.3000
Hailesboro,NY,44.3100,-75.4467
Hailey,ID,43.5239,-114.3064
Haileyville,OK,34.8544,-95.5819
Haines,AK,59.2519,-135.5420
Haines,OR,44.8776,-117.9756
Haines City,FL,28.0951,-81.6147
Haines Falls,NY,42.1958,-74.0975
Hainesport,NJ,39.9839,-74.8275
Hakalau,HI,19.8882,-155.1333
Halbur,IA,41.9974,-94.9359
Halcottsville,NY,42.2083,-74.6014
Hale,MI,44.3819,-83.8359
Hale,MO,39.5953,-93.3445
Hale Center,TX,34.0669,-101.8736
Haledon,NJ,40.9457,-74.1826
Haleiwa,HI,21.6312,-158.0693
Hales Corners,WI,42.9410,-88.0503
Halethorpe,MD,39.2309,-76.6969
Haleyville,AL,34.2314,-87.5938
Half Moon Bay,CA,37.4791,-122.4459
Half Way,MO,37.6018,-93.2420
Halfway,OR,44.8953,-117.1132
Halifax,MA,42.0002,-70.8448
Halifax,NC,36.3049,-77.5607
Halifax,PA,40.4760,-76.8940
Halifax,VA,36.7626,-78.9415
Hall,MT,46.5825,-113.2087
Hall,NY,42.7939,-77.0667
Hall Summit,LA,32.1752,-93.3047
Hallam,NE,40.5547,-96.7545
Hallandale,FL,25.9808,-80.1486
Halleck,NV,40.9508,-115.4519
Hallett,OK,36.2339,-96.5672
Hallettsville,TX,29.4426,-96.9234
Halliday,ND,47.3678,-102.3193
Hallie,KY,37.0699,-83.0204
Hallieford,VA,37.4936,-76.3406
Hallock,MN,48.7749,-96.9445
Hallowell,ME,44.2864,-69.8057
Halls,TN,35.8862,-89.4147
Hallsboro,NC,34.3181,-78.6043
Hallstead,PA,41.9598,-75.7826
Hallsville,MO,39.1054,-92.2239
Hallsville,OH,39.4439,-82.8272
Hallsville,TX,32.5073,-94.5333
Halltown,MO,37.1933,-93.6253
Halltown,WV,39.3139,-77.7981
Hallwood,VA,37.8536,-75.5613
Halma,MN,48.6669,-96.5969
Halsey,NE,41.9291,-100.2955
Halsey,OR,44.3862,-123.1251
Halstad,MN,47.3551,-96.7980
Halstead,KS,38.0064,-97.5118
Haltom City,TX,32.8087,-97.2709
Hambleton,WV,39.1168,-79.6416
Hamburg,AR,33.2058,-91.8023
Hamburg,IA,40.6149,-95.6258
Hamburg,IL,39.2235,-90.6995
Hamburg,LA,31.0733,-91.9162
Hamburg,MI,42.4486,-83.8017
Hamburg,MN,44.7315,-93.9643
Hamburg,NJ,41.1467,-74.5874
Hamburg,NY,42.7334,-78.8389
Hamburg,PA,40.5488,-75.9874
Hamden,CT,41.3620,-72.9361
Hamden,NY,42.1787,-74.9984
Hamden,OH,39.1685,-82.5100
Hamel,IL,38.8784,-89.8727
Hamel,MN,45.0800,-93.5760
Hamer,ID,43.9308,-112.1872
Hamer,SC,34.4846,-79.3779
Hamersville,OH,38.9200,-83.9931
Hamill,SD,43.6439,-99.6918
Hamilton,AL,34.1534,-88.0085
Hamilton,CO,40.3250,-107.5841
Hamilton,GA,32.7418,-84.8848
Hamilton,IA,41.1755,-92.9243
Hamilton,IL,40.4392,-91.3440
Hamilton,IN,41.5566,-84.8951
Hamilton,KS,37.9791,-96.1691
Hamilton,MA,42.6183,-70.8567
Hamilton,MI,42.6881,-85.9747
Hamilton,MO,39.7364,-93.9909
Hamilton,MS,33.8011,-88.4478
Hamilton,MT,46.2395,-114.1679
Hamilton,NC,35.9441,-77.2176
Hamilton,ND,48.7942,-97.4693
Hamilton,NY,42.8231,-75.5434
Hamilton,OH,39.4059,-84.5221
Hamilton,PA,40.9214,-79.0940
Hamilton,TX,31.6781,-98.1131
Hamilton,VA,39.1399,-77.6608
Hamilton,WA,48.5217,-121.9881
Hamilton City,CA,39.7428,-122.0125
Hamler,OH,41.2129,-84.0720
Hamlet,IN,41.3933,-86.5321
Hamlet,NC,34.8894,-79.7022
Hamlin,IA,41.6506,-94.9157
Hamlin,NY,43.3076,-77.9270
Hamlin,PA,41.4015,-75.3542
Hamlin,TX,32.8799,-100.1280
Hamlin,WV,38.2896,-82.1047
Hammett,ID,42.9818,-115.5658
Hammon,OK,35.6461,-99.4027
Hammond,IL,39.7946,-88.5793
Hammond,IN,41.6099,-87.5079
Hammond,LA,30.5191,-90.4879
Hammond,MT,45.2919,-104.6154
Hammond,NY,44.4502,-75.6727
Hammond,OR,46.1980,-123.9527
Hammond,WI,44.9670,-92.4472
Hammondsport,NY,42.4312,-77.1977
Hammondsville,OH,40.5799,-80.7299
Hammonton,NJ,39.6389,-74.7907
Hampden,MA,42.0648,-72.4318
Hampden,ME,44.7411,-68.8731
Hampden,ND,48.5229,-98.6543
Hampden Sydney,VA,37.1708,-78.4684
Hampshire,IL,42.0807,-88.5170
Hampshire,TN,35.5915,-87.3251
Hampstead,MD,39.6135,-76.8494
Hampstead,NC,34.3879,-77.6628
Hampstead,NH,42.8820,-71.1758
Hampton,AR,33.5376,-92.5295
Hampton,CT,41.7617,-72.0680
Hampton,FL,29.8575,-82.1483
Hampton,GA,33.4124,-84.2947
Hampton,IA,42.7405,-93.2110
Hampton,IL,41.5418,-90.3230
Hampton,KY,37.3348,-88.3649
Hampton,MN,44.6028,-92.9467
Hampton,NE,40.9236,-97.8841
Hampton,NH,42.9359,-70.8243
Hampton,NJ,40.6774,-74.9622
Hampton,NY,43.4621,-73.2731
Hampton,SC,32.8729,-81.0973
Hampton,TN,36.2577,-82.1891
Hampton,VA,37.0065,-76.4130
Hampton,VA,37.1006,-76.4099
Hampton Bays,NY,40.8726,-72.5202
Hampton Falls,NH,42.9263,-70.8876
Hamptonville,NC,36.1242,-80.8137
Hamshire,TX,29.8668,-94.3187
Hamtramck,MI,42.4081,-83.0583
Hana,HI,20.7616,-156.0397
Hanalei,HI,22.2053,-159.5028
Hanamaulu,HI,21.9975,-159.3572
Hanapepe,HI,21.9156,-159.5920
Hanceville,AL,34.0516,-86.7848
Hancock,IA,41.3832,-95.3445
Hancock,MD,39.6991,-78.1762
Hancock,ME,44.5046,-68.2402
Hancock,MI,47.1367,-88.5654
Hancock,MN,45.4985,-95.8008
Hancock,NH,42.9768,-71.9819
Hancock,NY,41.9597,-75.2653
Hancock,VT,43.9125,-72.9133
Hancock,WI,44.1297,-89.5344
Hancocks Bridge,NJ,39.5053,-75.4622
Handley,WV,38.1869,-81.3656
Hanford,CA,36.3314,-119.6491
Hankamer,TX,29.8752,-94.5938
Hankins,NY,41.8313,-75.0998
Hankinson,ND,46.0558,-96.8991
Hanksville,UT,38.2521,-110.8137
Hanley Falls,MN,44.6789,-95.6825
Hanlontown,IA,43.3072,-93.3351
Hanna,IN,41.4088,-86.7759
Hanna,OK,35.2085,-95.8958
Hanna,UT,40.4501,-110.8097
Hanna,WY,41.8726,-106.5283
Hanna City,IL,40.6798,-89.7952
Hannacroix,NY,42.4285,-73.8680
Hannaford,ND,47.2997,-98.1572
Hannah,ND,48.9594,-98.7237
Hannastown,PA,40.3536,-79.4969
Hannawa Falls,NY,44.6122,-74.9714
Hannibal,MO,39.7064,-91.3839
Hannibal,NY,43.3111,-76.5460
Hannibal,OH,39.6672,-80.8722
Hannibal,WI,45.2525,-90.7889
Hanover,CT,41.6425,-72.0658
Hanover,IL,42.2594,-90.2897
Hanover,IN,38.7138,-85.4763
Hanover,KS,39.8927,-96.8689
Hanover,MA,42.1214,-70.8570
Hanover,MD,39.1551,-76.7215
Hanover,ME,44.4959,-70.7167
Hanover,MI,42.1025,-84.5848
Hanover,MN,45.1558,-93.6661
Hanover,NH,43.7045,-72.2850
Hanover,NM,32.8533,-108.0822
Hanover,PA,39.7943,-76.9812
Hanover,VA,37.7701,-77.3216
Hanover,WI,42.6386,-89.1619
Hanover,WV,37.5630,-81.8136
Hanover Park,IL,41.7944,-87.8083
Hanoverton,OH,40.7731,-80.9144
Hansboro,ND,48.8665,-99.3833
Hanscom Afb,MA,42.4644,-71.2842
Hansen,ID,42.5249,-114.2994
Hansford,WV,38.1272,-81.3950
Hanska,MN,44.1527,-94.4933
Hanson,KY,37.4382,-87.4751
Hanson,MA,42.0616,-70.8651
Hanston,KS,38.1090,-99.6928
Hansville,WA,47.9061,-122.5655
Happy,KY,37.1950,-83.0814
Happy,TX,34.7219,-101.8256
Happy Camp,CA,41.8018,-123.3880
Happy Jack,AZ,34.7433,-111.4067
Happy Valley,OR,45.4450,-122.5341
Haralson,GA,33.2264,-84.5714
Harbert,MI,41.8719,-86.6289
Harbeson,DE,38.6723,-75.2236
Harbinger,NC,36.0864,-75.8121
Harbor Beach,MI,43.8312,-82.6886
Harbor City,CA,33.7970,-118.2991
Harbor Springs,MI,45.4645,-84.9803
Harbor View,OH,41.6933,-83.4444
Harborcreek,PA,42.1767,-79.9416
Harborside,ME,44.3386,-68.8009
Harborton,VA,37.6617,-75.8308
Harcourt,IA,42.2531,-94.1961
Hardaway,AL,32.3129,-85.8838
Hardburly,KY,37.3017,-83.1242
Hardeeville,SC,32.2635,-81.0669
Hardenville,MO,36.5926,-92.3678
Hardesty,OK,36.6018,-101.1539
Hardin,IL,39.1547,-90.6240
Hardin,KY,36.7762,-88.2622
Hardin,MO,39.3504,-93.8409
Hardin,MT,45.7498,-107.6075
Hardin,TX,30.1522,-94.7389
Hardinsburg,IN,38.4626,-86.3180
Hardinsburg,KY,37.7725,-86.4169
Hardtner,KS,37.0300,-98.6547
Hardwick,GA,33.0681,-83.2236
Hardwick,MA,42.3500,-72.2000
Hardwick,MN,43.7911,-96.2161
Hardwick,VT,44.5070,-72.3638
Hardy,AR,36.3227,-91.4110
Hardy,IA,42.7822,-94.0309
Hardy,KY,37.6027,-82.2552
Hardy,NE,40.0285,-97.9271
Hardy,VA,37.2145,-79.8127
Hardyville,KY,37.2249,-85.7542
Hardyville,VA,37.5478,-76.4189
Harford,NY,42.4261,-76.2269
Harford,PA,41.7799,-75.6786
Hargill,TX,26.4338,-97.9993
Harker Heights,TX,31.0642,-97.6521
Harkers Island,NC,34.6966,-76.5583
Harlan,IA,41.6437,-95.3111
Harlan,IN,41.2285,-84.8386
Harlan,KY,36.8500,-83.3196
Harleigh,PA,40.9806,-75.9717
Harlem,GA,33.4170,-82.3097
Harlem,MT,48.5398,-108.7693
Harlem Springs,OH,40.5208,-81.0033
Harleton,TX,32.6579,-94.4652
Harleysville,PA,40.2659,-75.3883
Harleyville,SC,33.2205,-80.4501
Harlingen,TX,26.1951,-97.6890
Harlowton,MT,46.4356,-109.8336
Harman,WV,38.9234,-79.5246
Harmans,MD,39.1572,-76.6969
Harmon,IL,41.6973,-89.5695
Harmonsburg,PA,41.6608,-80.3181
Harmony,CA,35.5086,-121.0217
Harmony,IN,39.5367,-87.1058
Harmony,ME,45.0039,-69.5687
Harmony,MN,43.5663,-92.0145
Harmony,NC,35.9580,-80.7585
Harmony,PA,40.8496,-80.1381
Harmony,RI,41.8878,-71.5972
Harned,KY,37.7429,-86.3778
Harold,KY,37.5042,-82.6216
Harper,IA,41.3728,-92.0388
Harper,KS,37.2909,-98.0180
Harper,OR,43.8734,-117.5284
Harper,TX,30.2816,-99.2410
Harper,WV,37.7986,-81.2617
Harper Woods,MI,42.4377,-82.9289
Harpers Ferry,IA,43.1698,-91.2188
Harpers Ferry,WV,39.3153,-77.7694
Harpersfield,NY,42.4499,-74.6871
Harpersville,AL,33.3675,-86.4294
Harperville,MS,32.4942,-89.4894
Harpster,OH,40.7475,-83.2343
Harpswell,ME,43.7819,-69.9937
Harpursville,NY,42.1823,-75.6545
Harrah,OK,35.4833,-97.1734
Harrah,WA,46.4104,-120.5736
Harrell,AR,33.5109,-92.3912
Harrells,NC,34.6769,-78.2430
Harrellsville,NC,36.2866,-76.7767
Harriet,AR,35.9742,-92.5006
Harrietta,MI,44.2972,-85.7396
Harriman,NY,41.2997,-74.1558
Harriman,TN,35.9348,-84.5155
Harrington,DE,38.9240,-75.5843
Harrington,ME,44.6122,-67.8147
Harrington,WA,47.4555,-118.2778
Harrington Park,NJ,40.9918,-73.9800
Harris,IA,43.4568,-95.4426
Harris,MI,45.7036,-87.3453
Harris,MN,45.5962,-93.0395
Harris,MO,40.3075,-93.3501
Harris,NC,35.2428,-81.8747
Harris,NY,41.7141,-74.7218
Harrisburg,AR,35.5722,-90.7038
Harrisburg,IL,37.7257,-88.5440
Harrisburg,MO,39.1203,-92.4410
Harrisburg,NC,35.3247,-80.6594
Harrisburg,NE,41.5531,-103.7111
Harrisburg,OH,39.8094,-83.1711
Harrisburg,OR,44.2717,-123.1432
Harrisburg,PA,40.2618,-76.8831
Harrisburg,SD,43.4460,-96.6864
Harrison,AR,36.2417,-93.1062
Harrison,GA,32.8420,-82.7159
Harrison,ID,47.5017,-116.7446
Harrison,ME,44.1071,-70.6539
Harrison,MI,44.0285,-84.7729
Harrison,MT,45.7423,-111.8461
Harrison,NE,42.3946,-103.8318
Harrison,NJ,40.7475,-74.1559
Harrison,NY,40.9719,-73.7181
Harrison,OH,39.2592,-84.7837
Harrison,SD,43.4549,-98.5233
Harrison,TN,35.1679,-85.0945
Harrison City,PA,40.3725,-79.6798
Harrison Township,MI,42.6027,-82.8364
Harrison Valley,PA,41.9498,-77.6877
Harrisonburg,LA,31.7669,-91.8840
Harrisonburg,VA,38.4489,-78.8714
Harrisonville,MO,38.6419,-94.3285
Harrisonville,NJ,39.6850,-75.2664
Harrisonville,PA,39.9761,-78.0841
Harriston,MS,31.7250,-91.0322
Harristown,IL,39.8539,-89.0839
Harrisville,MI,44.6546,-83.3424
Harrisville,MS,31.9676,-90.1054
Harrisville,NH,42.9399,-72.0972
Harrisville,NY,44.1613,-75.3252
Harrisville,OH,40.1814,-80.8878
Harrisville,PA,41.1631,-79.9796
Harrisville,RI,41.9764,-71.6534
Harrisville,WV,39.1996,-81.0460
Harrod,OH,40.7177,-83.9436
Harrods Creek,KY,38.3275,-85.6278
Harrodsburg,IN,39.0133,-86.5450
Harrodsburg,KY,37.7700,-84.8468
Harrogate,TN,36.5767,-83.6073
Harrold,SD,44.5215,-99.7382
Harrold,TX,34.0971,-99.0351
Harsens Island,MI,42.5850,-82.5860
Harshaw,WI,45.6762,-89.6503
Hart,MI,43.7068,-86.3142
Hart,TX,34.3878,-102.1155
Hartfield,VA,37.5594,-76.4769
Hartford,AL,31.0860,-85.7192
Hartford,AR,35.0222,-94.3819
Hartford,CT,41.7636,-72.6855
Hartford,IA,41.4596,-93.4022
Hartford,IL,38.8299,-90.0745
Hartford,KS,38.2833,-95.9997
Hartford,KY,37.4785,-86.9180
Hartford,MI,42.2088,-86.1687
Hartford,NY,43.3493,-73.4049
Hartford,OH,41.3114,-80.5686
Hartford,SD,43.6155,-96.9501
Hartford,TN,35.8256,-83.0996
Hartford,VT,43.6606,-72.3389
Hartford,WI,43.3157,-88.3707
Hartford,WV,38.9861,-81.9922
Hartford City,IN,40.4541,-85.3758
Hartington,NE,42.6235,-97.2837
Hartland,ME,44.8782,-69.4718
Hartland,MI,42.6356,-83.7147
Hartland,MN,43.8040,-93.4770
Hartland,VT,43.5708,-72.4131
Hartland,WI,43.1172,-88.3446
Hartland Four Corners,VT,43.5464,-72.4250
Hartleton,PA,40.9006,-77.1564
Hartley,IA,43.1800,-95.4817
Hartley,TX,35.9311,-102.5221
Hartline,WA,47.7256,-119.1045
Hartly,DE,39.1542,-75.6935
Hartman,AR,35.4436,-93.6142
Hartman,CO,38.1453,-102.1866
Harts,WV,38.0089,-82.1554
Hartsburg,IL,40.2451,-89.4519
Hartsburg,MO,38.7159,-92.2864
Hartsdale,NY,41.0197,-73.8074
Hartsel,CO,39.0217,-105.7953
Hartselle,AL,34.4482,-86.9242
Hartsfield,GA,31.2173,-83.9704
Hartshorn,MO,37.2843,-91.6834
Hartshorne,OK,34.8452,-95.5740
Hartstown,PA,41.5509,-80.3813
Hartsville,IN,39.2733,-85.7005
Hartsville,SC,34.3756,-80.0842
Hartsville,TN,36.3947,-86.1704
Hartville,MO,37.2735,-92.5181
Hartville,OH,40.9618,-81.3239
Hartville,WY,42.3334,-104.7296
Hartwell,GA,34.3571,-82.9296
Hartwick,IA,41.8080,-92.3538
Hartwick,NY,42.6950,-75.0550
Hartwood,VA,38.4022,-77.5656
Harvard,ID,46.9376,-116.7025
Harvard,IL,42.4227,-88.6048
Harvard,MA,42.4986,-71.5753
Harvard,NE,40.6265,-98.0846
Harvel,IL,39.3719,-89.5380
Harvest,AL,34.8273,-86.7499
Harvey,AR,34.8679,-93.7525
Harvey,IA,41.3030,-92.9318
Harvey,IL,41.6085,-87.6611
Harvey,LA,29.8725,-90.0673
Harvey,ND,47.7681,-99.9329
Harveys Lake,PA,41.3592,-76.0451
Harveysburg,OH,39.5036,-84.0106
Harveyville,KS,38.8574,-95.9962
Harviell,MO,36.6723,-90.5583
Harwich,MA,41.7008,-70.0579
Harwich Port,MA,41.6713,-70.0768
Harwick,PA,40.5574,-79.8051
Harwinton,CT,41.7701,-73.0728
Harwood,MD,38.8582,-76.6145
Harwood,MO,37.9530,-94.1402
Harwood,ND,46.9965,-96.9010
Harwood,TX,29.6661,-97.4906
Harwood Heights,IL,41.9647,-87.8187
Hasbrouck Heights,NJ,40.8622,-74.0760
Haskell,NJ,41.0301,-74.2965
Haskell,OK,35.8108,-95.6840
Haskell,TX,33.1580,-99.7309
Haskins,OH,41.4652,-83.7059
Haslet,TX,32.9557,-97.3372
Haslett,MI,42.7531,-84.3989
Hassell,NC,35.9114,-77.2786
Hastings,FL,29.7051,-81.4909
Hastings,IA,40.9605,-95.5531
Hastings,MI,42.6430,-85.2937
Hastings,MN,44.7189,-92.8626
Hastings,NE,40.5877,-98.3911
Hastings,NY,43.3527,-76.1477
Hastings,OK,34.2251,-98.1075
Hastings,PA,40.6659,-78.7029
Hastings On Hudson,NY,40.9907,-73.8759
Hasty,AR,36.0152,-93.0460
Hasty,CO,38.1073,-102.9331
Haswell,CO,38.4474,-103.1505
Hat Creek,CA,40.7677,-121.4637
Hatboro,PA,40.1785,-75.1072
Hatch,NM,32.6583,-107.1590
Hatch,UT,37.6497,-112.4336
Hatchechubbee,AL,32.2845,-85.3029
Hatfield,AR,34.4877,-94.3714
Hatfield,IN,37.9025,-87.2242
Hatfield,MA,42.3844,-72.6167
Hatfield,MO,40.5219,-94.1691
Hatfield,PA,40.2778,-75.2975
Hathaway,MT,46.2761,-106.1961
Hathaway Pines,CA,38.1919,-120.3644
Hathorne,MA,42.5861,-70.9750
Hatillo,PR,18.4883,-66.8258
Hatley,WI,44.8256,-89.3777
Hatteras,NC,35.2192,-75.6906
Hattiesburg,MS,31.3146,-89.3065
Hattieville,AR,35.2907,-92.7783
Hatton,ND,47.6380,-97.4325
Haubstadt,IN,38.1895,-87.5798
Haugan,MT,47.3833,-115.3986
Haugen,WI,45.6089,-91.7747
Haughton,LA,32.5507,-93.5657
Hauppauge,NY,40.8231,-73.1958
Hauula,HI,21.6139,-157.9157
Havana,AR,35.1118,-93.5767
Havana,FL,30.6092,-84.4143
Havana,IL,40.2960,-90.0495
Havana,KS,37.0917,-95.9414
Havana,ND,45.9644,-97.6094
Havelock,IA,42.8411,-94.7252
Havelock,NC,34.8968,-76.8900
Haven,KS,37.8686,-97.7772
Havensville,KS,39.4942,-96.0769
Haverford,PA,40.0097,-75.3121
Haverhill,IA,41.9320,-92.9459
Haverhill,MA,42.7856,-71.0721
Haverhill,NH,44.0394,-72.0573
Haverhill,OH,38.5847,-82.8322
Haverstraw,NY,41.1971,-73.9690
Havertown,PA,39.9774,-75.3106
Haviland,KS,37.6096,-99.1340
Haviland,OH,41.0329,-84.6139
Havre,MT,48.5561,-109.6880
Havre De Grace,MD,39.5523,-76.1171
Haw River,NC,36.0551,-79.3346
Hawaii National Park,HI,19.4311,-155.2840
Hawaiian Gardens,CA,33.8296,-118.0730
Hawarden,IA,43.0013,-96.4730
Hawesville,KY,37.8503,-86.7638
Hawi,HI,20.2380,-155.8380
Hawk Point,MO,38.9766,-91.1211
Hawk Run,PA,40.9412,-78.2138
Hawk Springs,WY,41.7415,-104.3295
Hawkeye,IA,42.9487,-91.9578
Hawkins,TX,32.6439,-95.2220
Hawkins,WI,45.5241,-90.7114
Hawkinsville,GA,32.2778,-83.4948
Hawks,MI,45.2975,-83.8542
Hawley,MN,46.8842,-96.3111
Hawley,PA,41.4787,-75.1978
Hawley,TX,32.5950,-99.7960
Hawleyville,CT,41.4275,-73.3556
Haworth,NJ,40.9608,-73.9874
Haworth,OK,33.7875,-94.5818
Hawthorn,PA,41.0200,-79.2747
Hawthorne,CA,33.9132,-118.3470
Hawthorne,FL,29.5740,-82.1056
Hawthorne,NJ,40.9564,-74.1569
Hawthorne,NV,38.5347,-118.6411
Hawthorne,NY,41.0953,-73.8017
Hawthorne,WI,46.5031,-91.8606
Haxtun,CO,40.6406,-102.6052
Hay,WA,46.6789,-117.9147
Hay Springs,NE,42.6401,-102.6756
Hayden,AL,33.8858,-86.8177
Hayden,AZ,33.0047,-110.7847
Hayden,CO,40.4945,-107.2571
Hayden,ID,47.7739,-116.7768
Hayden,IN,38.9831,-85.7406
Haydenville,MA,42.3818,-72.7032
Haydenville,OH,39.4819,-82.3283
Hayes,LA,30.1086,-92.9200
Hayes,SD,44.4219,-100.7359
Hayes,VA,37.2916,-76.4905
Hayes Center,NE,40.5173,-101.0252
Hayesville,IA,41.2644,-92.2489
Hayesville,NC,35.0417,-83.7867
Hayesville,OH,40.7731,-82.2625
Hayfield,MN,43.8923,-92.8175
Hayfork,CA,40.5504,-123.1634
Haymarket,VA,38.8128,-77.6362
Haynes,AR,34.8838,-90.7666
Haynesville,LA,32.9278,-93.0691
Haynesville,VA,37.9500,-76.6628
Hayneville,AL,32.1957,-86.6550
Hays,KS,38.8780,-99.3201
Hays,MT,48.3804,-108.7684
Hays,NC,36.3100,-81.1161
Haysi,VA,37.2206,-82.2853
Haysville,KS,37.5647,-97.3553
Hayti,MO,36.2395,-89.7516
Hayti,SD,44.6647,-97.2305
Hayward,CA,37.6564,-122.0957
Hayward,MN,43.6386,-93.2377
Hayward,WI,46.0014,-91.3977
Haywood,VA,38.4686,-78.1798
Haywood,WV,39.3811,-80.3361
Hazard,KY,37.2526,-83.1998
Hazard,NE,41.0934,-99.0719
Hazel,KY,36.5422,-88.3319
Hazel,SD,44.7572,-97.3083
Hazel Crest,IL,41.5738,-87.6849
Hazel Green,AL,34.9496,-86.5935
Hazel Green,KY,37.7760,-83.3989
Hazel Green,WI,42.5359,-90.5118
Hazel Hurst,PA,41.7058,-78.5828
Hazel Park,MI,42.4608,-83.0982
Hazelhurst,WI,45.7745,-89.7478
Hazelton,ID,42.5955,-114.1350
Hazelton,KS,37.0984,-98.4003
Hazelton,ND,46.4875,-100.2733
Hazelwood,MO,38.7809,-90.3669
Hazelwood,NC,35.4769,-83.0043
Hazen,AR,34.7838,-91.5767
Hazen,ND,47.3271,-101.6107
Hazlehurst,GA,31.8606,-82.5909
Hazlehurst,MS,31.8562,-90.4051
Hazlet,NJ,40.4226,-74.1799
Hazleton,IA,42.6076,-91.9105
Hazleton,IN,38.4623,-87.4983
Hazleton,PA,40.9621,-75.9782
Head Waters,VA,38.2946,-79.4353
Headland,AL,31.3534,-85.3323
Headrick,OK,34.7219,-99.2390
Heafford Junction,WI,45.5472,-89.7153
Healdsburg,CA,38.6155,-122.8565
Healdton,OK,34.2290,-97.4889
Healy,AK,63.9171,-149.0111
Healy,KS,38.5664,-100.6159
Hearne,TX,30.8669,-96.5843
Heart Butte,MT,48.2777,-112.8456
Heartwell,NE,40.5716,-98.7851
Heaters,WV,38.7558,-80.6429
Heath,MA,42.6853,-72.8391
Heath,OH,40.0197,-82.3875
Heath Springs,SC,34.6024,-80.7103
Heathsville,VA,37.9072,-76.4178
Heavener,OK,34.8353,-94.6185
Hebbronville,TX,27.2997,-98.6829
Heber,AZ,34.4163,-110.5686
Heber,CA,32.6989,-115.4283
Heber City,UT,40.4947,-111.4051
Heber Springs,AR,35.5103,-92.0392
Hebo,OR,45.2120,-123.8714
Hebron,CT,41.6842,-72.3986
Hebron,IL,42.4642,-88.4176
Hebron,IN,41.3155,-87.2088
Hebron,KY,39.0755,-84.7007
Hebron,MD,38.4026,-75.6963
Hebron,ME,44.2021,-70.3754
Hebron,ND,46.8936,-102.0367
Hebron,NE,40.1728,-97.6052
Hebron,NH,43.7186,-71.8270
Hebron,OH,39.9535,-82.4919
Hecker,IL,38.2810,-89.9831
Hecla,SD,45.8725,-98.1918
Hector,AR,35.4057,-92.9656
Hector,MN,44.7485,-94.7058
Hector,NY,42.4966,-76.8786
Hedgesville,WV,39.5470,-78.0560
Hedley,TX,34.8698,-100.6806
Hedrick,IA,41.1826,-92.3097
Heflin,AL,33.6115,-85.5885
Heflin,LA,32.4470,-93.2852
Hegins,PA,40.6669,-76.4732
Heidelberg,KY,37.5553,-83.7789
Heidelberg,MS,31.8820,-88.9981
Heidenheimer,TX,31.0181,-97.3025
Heidrick,KY,36.8927,-83.8665
Heilwood,PA,40.6208,-78.9153
Heiskell,TN,36.1150,-84.0438
Heislerville,NJ,39.2450,-74.9939
Heisson,WA,45.8250,-122.4900
Helen,GA,34.6866,-83.7399
Helen,MD,38.3828,-76.7219
Helen,WV,37.6347,-81.3142
Helena,AL,33.3170,-86.8138
Helena,AR,34.5325,-90.6298
Helena,GA,32.0781,-82.9178
Helena,MO,39.9251,-94.6921
Helena,MT,46.6131,-112.0213
Helena,NY,44.9217,-74.7267
Helena,OH,41.3180,-83.3232
Helena,OK,36.5438,-98.2778
Helendale,CA,34.7499,-117.3367
Helenville,WI,43.0101,-88.7269
Helenwood,TN,36.4329,-84.5381
Helix,OR,45.8665,-118.7222
Hellertown,PA,40.5817,-75.3255
Hellier,KY,37.2875,-82.4714
Helm,CA,36.4992,-120.0936
Helmetta,NJ,40.3777,-74.4204
Helmsburg,IN,39.2653,-86.2928
Helmville,MT,46.8300,-112.9413
Helotes,TX,29.5922,-98.7035
Helper,UT,39.6737,-110.8560
Helton,KY,36.8431,-83.3219
Heltonville,IN,38.9480,-86.3703
Helvetia,WV,38.7713,-80.1382
Hematite,MO,38.2019,-90.4808
Hemet,CA,33.7416,-116.9730
Hemingford,NE,42.3312,-103.0644
Hemingway,SC,33.7419,-79.4489
Hemlock,IN,40.4200,-86.0414
Hemlock,MI,43.4099,-84.2266
Hemlock,NY,42.7800,-77.5820
Hemphill,TX,31.3161,-93.7905
Hemphill,WV,37.4447,-81.5956
Hempstead,NY,40.7139,-73.6003
Hempstead,TX,30.0920,-96.0716
Henagar,AL,34.6186,-85.7274
Henderson,AR,36.3568,-92.2693
Henderson,CO,39.8983,-104.8718
Henderson,IA,41.1254,-95.4586
Henderson,IL,41.0250,-90.3561
Henderson,KY,37.8361,-87.5900
Henderson,MD,39.0672,-75.7948
Henderson,MI,43.0817,-84.1858
Henderson,MN,44.5344,-93.9345
Henderson,NC,36.3301,-78.3981
Henderson,NE,40.7814,-97.7979
Henderson,NV,35.9927,-114.9517
Henderson,NY,43.8467,-76.2352
Henderson,TN,35.4269,-88.6398
Henderson,TX,32.1524,-94.7920
Henderson,WV,38.8265,-82.1364
Henderson Harbor,NY,43.8647,-76.2022
Hendersonville,NC,35.3192,-82.5000
Hendersonville,PA,40.2992,-80.1525
Hendersonville,TN,36.3054,-86.6072
Hendley,NE,40.1063,-99.9715
Hendricks,MN,44.4995,-96.4078
Hendricks,WV,39.0748,-79.6303
Hendrix,OK,33.8016,-96.3581
Hendrum,MN,47.2689,-96.7987
Henefer,UT,41.0167,-111.4975
Henlawson,WV,37.9022,-81.9883
Henley,MO,38.3881,-92.3123
Hennepin,IL,41.2352,-89.3218
Hennepin,OK,34.5089,-97.3467
Hennessey,OK,36.0868,-97.8926
Henniker,NH,43.1791,-71.8159
Henning,IL,40.3050,-87.7008
Henning,MN,46.3256,-95.3852
Henning,TN,35.6829,-89.6375
Henrico,NC,36.5274,-77.8546
Henrietta,MO,39.2367,-93.9369
Henrietta,NC,35.2578,-81.7964
Henrietta,NY,43.0483,-77.6122
Henrietta,TX,33.8196,-98.2600
Henriette,MN,45.7947,-93.1489
Henrieville,UT,37.5628,-111.9936
Henry,IL,41.1115,-89.3743
Henry,SD,44.8858,-97.4442
Henry,TN,36.2013,-88.4536
Henry,VA,36.8393,-79.9904
Henryetta,OK,35.4545,-95.9762
Henryville,IN,38.5398,-85.7734
Henryville,PA,41.0889,-75.2798
Hensel,ND,48.6738,-97.5962
Hensley,AR,34.5911,-92.2140
Hensley,WV,37.4739,-81.7000
Hensonville,NY,42.2590,-74.2131
Hephzibah,GA,33.3433,-82.0887
Hepler,KS,37.6576,-94.9892
Heppner,OR,45.3486,-119.5369
Hepzibah,WV,39.3325,-80.3356
Herald,CA,38.3128,-121.1589
Herbster,WI,46.8213,-91.2332
Herculaneum,MO,38.2601,-90.3871
Hercules,CA,38.0066,-122.2637
Hereford,AZ,31.4035,-110.2047
Hereford,CO,40.9750,-104.3053
Hereford,OR,44.6410,-117.9890
Hereford,PA,40.4487,-75.5800
Hereford,TX,34.8370,-102.4050
Herington,KS,38.7023,-97.0155
Herkimer,NY,43.0307,-74.9876
Herlong,CA,40.1485,-120.1713
Herman,MN,45.8071,-96.0992
Herman,NE,41.6524,-96.2869
Herman,PA,40.8300,-79.8114
Hermann,MO,38.6684,-91.4677
Hermansville,MI,45.7149,-87.6227
Hermanville,MS,31.9564,-90.8446
Herminie,PA,40.2455,-79.7172
Hermiston,OR,45.8450,-119.2849
Hermitage,AR,33.4222,-92.1277
Hermitage,MO,37.8969,-93.2979
Hermitage,PA,41.2326,-80.4530
Hermitage,TN,36.1848,-86.6002
Hermleigh,TX,32.6294,-100.7547
Hermon,NY,44.4448,-75.1987
Hermosa,SD,43.8188,-103.2060
Hermosa Beach,CA,33.8643,-118.3955
Hernandez,NM,36.0738,-106.1396
Hernando,FL,28.8997,-82.3747
Hernando,MS,34.8096,-90.0095
Herndon,KS,39.9036,-100.8139
Herndon,KY,36.7085,-87.6082
Herndon,PA,40.6918,-76.8008
Herndon,VA,38.9764,-77.3839
Herndon,WV,37.5264,-81.3468
Hernshaw,WV,38.1942,-81.6130
Herod,IL,37.4697,-88.4581
Heron,MT,48.0537,-115.9407
Heron Lake,MN,43.7979,-95.3267
Herreid,SD,45.8452,-100.0490
Herrick,IL,39.2245,-88.9812
Herrick,SD,43.1012,-99.2173
Herrick Center,PA,41.7643,-75.5044
Herriman,UT,40.5032,-112.0340
Herrin,IL,37.8019,-89.0232
Herron,MI,45.0124,-83.6535
Herscher,IL,41.0464,-88.0858
Hersey,MI,43.8481,-85.4059
Hershey,NE,41.1553,-101.0012
Hershey,PA,40.2638,-76.6545
Hertel,WI,45.8076,-92.1404
Hertford,NC,36.1771,-76.4243
Hesperia,CA,34.4264,-117.3000
Hesperia,MI,43.5965,-86.0607
Hesperus,CO,37.1654,-108.1219
Hessel,MI,46.0042,-84.4258
Hessmer,LA,31.0534,-92.1399
Hesston,KS,38.1360,-97.4495
Hesston,PA,40.4121,-78.1281
Hestand,KY,36.6535,-85.5698
Hester,LA,30.0333,-90.7586
Heth,AR,35.0973,-90.4586
Hettick,IL,39.3752,-90.0672
Hettinger,ND,46.0279,-102.5845
Heuvelton,NY,44.5930,-75.4203
Hewett,WV,37.9581,-81.8509
Hewitt,MN,46.3250,-95.0504
Hewitt,NJ,41.1709,-74.3686
Hewitt,TX,31.4582,-97.1966
Hewitt,WI,44.6437,-90.1031
Hewlett,NY,40.6404,-73.6957
Hext,TX,30.8816,-99.5540
Heyburn,ID,42.5599,-113.7709
Heyworth,IL,40.3307,-88.9776
Hi Hat,KY,37.3935,-82.7325
Hialeah,FL,25.9050,-80.3049
Hiawassee,GA,34.9377,-83.7478
Hiawatha,IA,42.0425,-91.6770
Hiawatha,KS,39.8716,-95.5289
Hiawatha,WV,37.4400,-81.2442
Hibbing,MN,47.4156,-92.9356
Hibbs,PA,39.9317,-79.8828
Hibernia,NJ,40.9439,-74.4931
Hickam Afb,HI,21.3108,-157.9344
Hickman,CA,37.6200,-120.7172
Hickman,KY,36.5593,-89.1947
Hickman,NE,40.6246,-96.6249
Hickman,TN,36.1197,-85.9023
Hickory,KY,36.8478,-88.6788
Hickory,MS,32.3200,-89.0093
Hickory,NC,35.7576,-81.3289
Hickory,PA,40.2925,-80.3025
Hickory Corners,MI,42.4237,-85.3998
Hickory Flat,MS,34.6244,-89.1862
Hickory Grove,SC,34.9708,-81.4306
Hickory Hills,IL,41.7262,-87.8289
Hickory Plains,AR,34.9786,-91.7508
Hickory Ridge,AR,35.3995,-90.9823
Hickory Valley,TN,35.1580,-89.1309
Hicksville,NY,40.7623,-73.5230
Hicksville,OH,41.3034,-84.7589
Hico,TX,31.9597,-98.0249
Hico,WV,38.1094,-80.9638
Hidalgo,IL,39.1228,-88.1397
Hidalgo,TX,26.1028,-98.2536
Hidden Valley,PA,40.0450,-79.1183
Hidden Valley Lake,CA,39.9626,-123.8147
Hiddenite,NC,35.9504,-81.0487
Hideaway Hls,OH,39.6988,-82.4255
Higbee,MO,39.3055,-92.5163
Higden,AR,35.5498,-92.1823
Higdon,AL,34.8732,-85.6225
Higganum,CT,41.4682,-72.5751
Higgins,TX,36.1365,-100.0952
Higgins Lake,MI,44.4836,-84.7797
Higginson,AR,35.1883,-91.7183
Higginsport,OH,38.7897,-83.9675
Higginsville,MO,39.0705,-93.7133
High Bridge,NJ,40.6684,-74.8937
High Bridge,WI,46.3796,-90.7383
High Falls,NY,41.8167,-74.1311
High Hill,MO,38.8902,-91.3715
High Island,TX,29.5667,-94.3933
High Point,MO,38.4782,-92.6005
High Point,NC,35.9593,-80.0117
High Ridge,MO,38.4728,-90.5281
High Rolls Mountain Park,NM,32.9742,-105.7906
High Shoals,GA,33.8208,-83.5061
High Shoals,NC,35.4025,-81.2025
High Springs,FL,29.8410,-82.6156
High View,WV,39.2225,-78.4425
Highfalls,NC,35.4836,-79.5219
Highgate Center,VT,44.9404,-73.0155
Highgate Springs,VT,44.9794,-73.1058
Highland,CA,34.1270,-117.2087
Highland,IL,38.7631,-89.6789
Highland,IN,41.5500,-87.4569
Highland,KS,39.8608,-95.2583
Highland,MD,39.1843,-76.9686
Highland,MI,42.6692,-83.5895
Highland,NY,41.7167,-73.9928
Highland,OH,39.3444,-83.5975
Highland,WI,43.0524,-90.3650
Highland City,FL,27.9650,-81.8781
Highland Falls,NY,41.3582,-73.9746
Highland Home,AL,31.9283,-86.2971
Highland Lake,NY,41.5309,-74.8516
Highland Lakes,NJ,41.1826,-74.4564
Highland Mills,NY,41.3536,-74.1197
Highland Park,IL,42.1794,-87.8059
Highland Park,MI,42.4212,-83.1009
Highland Park,NJ,40.4991,-74.4266
Highland Springs,VA,37.5437,-77.3226
Highlands,NC,35.0705,-83.2160
Highlands,NJ,40.4024,-73.9909
Highlands,TX,29.8296,-95.0393
Highlandville,IA,43.4422,-91.6683
Highlandville,MO,36.9408,-93.2680
Highmore,SD,44.5326,-99.4543
Highmount,NY,42.1442,-74.4903
Highspire,PA,40.2083,-76.7853
Hightstown,NJ,40.2669,-74.5250
Highwood,IL,42.2035,-87.8141
Highwood,MT,47.5816,-110.7887
Higley,AZ,33.3024,-111.6969
Hiko,NV,37.6517,-115.1772
Hiland,WY,42.8375,-106.3872
Hilbert,WI,44.1271,-88.2070
Hilda,SC,33.2733,-81.2472
Hildale,UT,37.0036,-112.9661
Hildebran,NC,35.7139,-81.4222
Hildreth,NE,40.3217,-99.0571
Hilger,MT,47.2695,-109.4562
Hilham,TN,36.3915,-85.4369
Hill,NH,43.5274,-71.7292
Hill Afb,UT,41.1170,-111.9956
Hill City,ID,43.3006,-115.0503
Hill City,KS,39.3566,-99.8429
Hill City,MN,46.9968,-93.5994
Hill City,SD,43.9377,-103.5782
Hillburn,NY,41.1240,-74.1702
Hiller,PA,40.0045,-79.8999
Hilliard,FL,30.6884,-81.9345
Hilliard,OH,40.0322,-83.1383
Hilliards,PA,41.1009,-79.8215
Hillister,TX,30.6899,-94.4076
Hillman,MI,45.0691,-83.9468
Hillman,MN,46.0678,-93.8812
Hillpoint,WI,43.3951,-90.1588
Hillrose,CO,40.3072,-103.5418
Hills,IA,41.5542,-91.5347
Hills,MN,43.5335,-96.3645
Hillsboro,AL,34.6476,-87.1804
Hillsboro,GA,33.1800,-83.6871
Hillsboro,IA,40.8372,-91.7119
Hillsboro,IL,39.1494,-89.4881
Hillsboro,IN,40.0835,-87.1545
Hillsboro,KS,38.3449,-97.2122
Hillsboro,KY,38.2929,-83.6697
Hillsboro,MD,38.9167,-75.9392
Hillsboro,MO,38.2586,-90.5782
Hillsboro,MS,32.4592,-89.5114
Hillsboro,ND,47.3942,-97.0560
Hillsboro,NM,32.9239,-107.6276
Hillsboro,OH,39.1679,-83.6064
Hillsboro,OR,45.4984,-122.9570
Hillsboro,TN,35.3699,-85.9724
Hillsboro,TX,32.0149,-97.1198
Hillsboro,WI,43.6350,-90.3706
Hillsboro,WV,38.1259,-80.2446
Hillsborough,NC,36.0756,-79.0914
Hillsborough,NH,43.1207,-71.9028
Hillsborough,NJ,40.4775,-74.6272
Hillsdale,IL,41.5929,-90.2263
Hillsdale,IN,39.7712,-87.4041
Hillsdale,KS,38.6845,-94.8584
Hillsdale,MI,41.9240,-84.6208
Hillsdale,NJ,41.0069,-74.0426
Hillsdale,NY,42.1868,-73.5483
Hillsdale,OK,36.5631,-97.9911
Hillsdale,PA,40.7517,-78.8853
Hillsdale,WY,41.2128,-104.4769
Hillsgrove,PA,41.4482,-76.6979
Hillside,CO,38.2653,-105.6111
Hillside,IL,41.8725,-87.9016
Hillside,NJ,40.6968,-74.2281
Hillsville,PA,41.0078,-80.4969
Hillsville,VA,36.7442,-80.7197
Hilltop,WV,37.9428,-81.1511
Hilltown,PA,40.3476,-75.2712
Hillview,IL,39.4674,-90.5128
Hillview,KY,38.0697,-85.6856
Hilmar,CA,37.4084,-120.8561
Hilo,HI,19.7025,-155.0939
Hilton,NY,43.2923,-77.7905
Hilton Head Island,SC,32.1632,-80.7533
Hiltons,VA,36.6498,-82.4299
Hima,KY,37.1206,-83.7783
Himrod,NY,42.5945,-76.9508
Hinckley,IL,41.7691,-88.6448
Hinckley,ME,44.6856,-69.6331
Hinckley,MN,46.0189,-92.8993
Hinckley,NY,43.3122,-75.1222
Hinckley,OH,41.2419,-81.7453
Hinckley,UT,39.3308,-112.6716
Hindman,KY,37.3276,-82.9527
Hindsboro,IL,39.7018,-88.1486
Hindsville,AR,36.1422,-93.8633
Hines,IL,41.8623,-87.8355
Hines,MN,47.7324,-94.6477
Hines,OR,43.5642,-119.0800
Hinesburg,VT,44.3346,-73.0980
Hineston,LA,31.0825,-92.7749
Hinesville,GA,31.8488,-81.5971
Hingham,MA,42.2245,-70.8911
Hingham,MT,48.5870,-110.4275
Hingham,WI,43.6389,-87.9142
Hinkle,KY,36.8753,-83.7804
Hinkley,CA,34.9279,-117.1809
Hinsdale,IL,41.7891,-87.9401
Hinsdale,MA,42.4346,-73.0924
Hinsdale,MT,48.4007,-107.0098
Hinsdale,NH,42.8027,-72.5015
Hinsdale,NY,42.1797,-78.4006
Hinton,IA,42.6040,-96.3050
Hinton,OK,35.4675,-98.3313
Hinton,VA,38.4834,-79.0101
Hinton,WV,37.6640,-80.8678
Hiram,GA,33.8673,-84.7699
Hiram,ME,43.8622,-70.8531
Hiram,OH,41.3323,-81.1464
Hiseville,KY,37.1008,-85.8125
Hitchcock,OK,35.9712,-98.3315
Hitchcock,SD,44.5834,-98.4509
Hitchcock,TX,29.3398,-94.9926
Hitchins,KY,38.2546,-82.9203
Hitchita,OK,35.5197,-95.7511
Hitterdal,MN,47.0014,-96.2888
Hiwasse,AR,36.4416,-94.3390
Hiwassee,VA,36.9978,-80.6382
Hixson,TN,35.1591,-85.2182
Hixton,WI,44.3978,-91.0391
Ho Ho Kus,NJ,41.0004,-74.1025
Hoagland,IN,40.9524,-85.0075
Hobart,IN,41.5263,-87.2525
Hobart,NY,42.3594,-74.6759
Hobart,OK,35.0255,-99.0944
Hobart,WA,47.4219,-121.9717
Hobbs,IN,40.2836,-85.9475
Hobbs,NM,32.7222,-103.1372
Hobbsville,NC,36.3543,-76.6178
Hobe Sound,FL,27.0813,-80.1509
Hobgood,NC,36.0043,-77.4370
Hoboken,GA,31.1838,-82.1838
Hoboken,NJ,40.7445,-74.0329
Hobson,MT,46.9476,-109.9518
Hobson,TX,28.9445,-97.9707
Hobucken,NC,35.2518,-76.5696
Hochheim,TX,29.3122,-97.2914
Hockessin,DE,39.7760,-75.6889
Hockingport,OH,39.1881,-81.7519
Hockley,TX,30.0729,-95.8104
Hodge,LA,32.2767,-92.7233
Hodgen,OK,34.7538,-94.6391
Hodgenville,KY,37.5746,-85.7232
Hodges,AL,34.3417,-87.9590
Hodges,SC,34.2882,-82.2142
Hoehne,CO,37.2811,-104.3806
Hoffman,IL,38.5414,-89.2636
Hoffman,MN,45.8233,-95.7955
Hoffman,NC,35.0326,-79.5600
Hoffman Estates,IL,42.0481,-88.1047
Hoffmeister,NY,43.3915,-74.7400
Hogansburg,NY,44.9825,-74.6626
Hogansville,GA,33.1644,-84.9309
Hogeland,MT,48.8571,-108.6677
Hohenwald,TN,35.5408,-87.5546
Hoisington,KS,38.5292,-98.7910
Hokah,MN,43.7509,-91.3455
Holabird,SD,44.5173,-99.5943
Holbrook,AZ,34.9085,-110.1434
Holbrook,ID,42.2221,-112.6934
Holbrook,MA,42.1464,-71.0083
Holbrook,NE,40.3019,-100.0136
Holbrook,NY,40.7964,-73.0718
Holbrook,PA,39.8489,-80.3385
Holcomb,IL,42.0647,-89.0956
Holcomb,KS,37.9931,-100.9893
Holcomb,MO,36.3885,-90.0208
Holcomb,MS,33.7604,-89.9020
Holcombe,WI,45.2513,-91.1330
Holden,LA,30.5556,-90.6652
Holden,MA,42.3420,-71.8414
Holden,ME,44.7422,-68.6483
Holden,MO,38.7186,-93.9856
Holden,UT,39.0989,-112.2700
Holden,WV,37.8242,-82.0597
Holdenville,OK,35.0839,-96.3770
Holder,FL,28.9667,-82.4208
Holderness,NH,43.7319,-71.5889
Holdingford,MN,45.7249,-94.4581
Holdrege,NE,40.4475,-99.3672
Holgate,OH,41.2549,-84.1447
Holicong,PA,40.3356,-75.0478
Holiday,FL,28.1913,-82.7279
Holladay,TN,35.8951,-88.0912
Holland,IA,42.4011,-92.7999
Holland,IN,38.2385,-87.0088
Holland,KY,36.6673,-86.0498
Holland,MA,42.0403,-72.1544
Holland,MI,42.7875,-86.1089
Holland,MN,44.0759,-96.1903
Holland,MO,36.0558,-89.8708
Holland,NY,42.6396,-78.5439
Holland,OH,41.6226,-83.7257
Holland,TX,30.8800,-97.3857
Holland Patent,NY,43.2484,-75.2535
Hollandale,MN,43.7528,-93.1680
Hollandale,MS,33.1779,-90.8486
Hollandale,WI,42.8773,-89.9130
Hollansburg,OH,39.9899,-84.7901
Hollenberg,KS,39.9600,-96.9735
Holley,NY,43.2255,-78.0404
Holliday,MO,39.4904,-92.1318
Holliday,TX,33.6751,-98.6576
Hollidaysburg,PA,40.4387,-78.3686
Hollins,AL,33.1175,-86.1444
Hollis,NH,42.7485,-71.5772
Hollis,NY,40.7142,-73.7677
Hollis,OK,34.6953,-99.9177
Hollis Center,ME,43.5946,-70.6051
Hollister,CA,36.8484,-121.3871
Hollister,FL,29.6225,-81.8139
Hollister,MO,36.6107,-93.2286
Hollister,NC,36.2590,-77.9319
Hollister,OK,34.3525,-98.8814
Holliston,MA,42.2026,-71.4361
Holloman Air Force Base,NM,32.8621,-106.0785
Hollow Rock,TN,36.0565,-88.2901
Holloway,MN,45.2708,-95.9164
Holloway,OH,40.1622,-81.1328
Hollowville,NY,42.2053,-73.6917
Hollsopple,PA,40.2343,-78.9515
Holly,CO,38.0205,-102.1415
Holly,MI,42.7905,-83.6127
Holly Bluff,MS,32.8242,-90.7045
Holly Grove,AR,34.5993,-91.1844
Holly Hill,SC,33.3276,-80.4024
Holly Pond,AL,34.1901,-86.6174
Holly Ridge,MS,33.4456,-90.7533
Holly Ridge,NC,34.4644,-77.5101
Holly Springs,GA,34.1739,-84.5014
Holly Springs,MS,34.7687,-89.4483
Holly Springs,NC,35.6263,-78.8458
Hollytree,AL,34.7990,-86.2336
Hollywood,AL,34.7304,-85.9532
Hollywood,FL,26.0070,-80.1219
Hollywood,MD,38.3524,-76.5626
Hollywood,SC,32.7223,-80.2596
Holman,NM,36.0383,-105.3831
Holmdel,NJ,40.3450,-74.1844
Holmdel,NJ,40.3859,-74.1740
Holmen,WI,43.9761,-91.2497
Holmes,NY,41.5325,-73.6628
Holmes,PA,39.9003,-75.3087
Holmes Beach,FL,27.4667,-82.7042
Holmes City,MN,45.8107,-95.5646
Holmes Mill,KY,36.8757,-82.9943
Holmesville,OH,40.6330,-81.9275
Holstein,IA,42.4948,-95.5650
Holstein,NE,40.4542,-98.6538
Holt,CA,37.9344,-121.4261
Holt,FL,30.7252,-86.7046
Holt,MI,42.6394,-84.5242
Holt,MO,39.4289,-94.3689
Holton,IN,39.0498,-85.3739
Holton,KS,39.4436,-95.7525
Holton,MI,43.4415,-86.1509
Holts Summit,MO,38.6328,-92.1163
Holtsville,NY,40.8152,-73.0455
Holtville,CA,32.8104,-115.3775
Holtwood,PA,39.8631,-76.3008
Holualoa,HI,19.6103,-155.9176
Holy City,CA,37.1569,-121.9778
Holy Cross,AK,62.1926,-159.8251
Holy Cross,IA,42.5808,-90.9730
Holy Trinity,AL,32.2222,-85.0053
Holyoke,CO,40.5825,-102.2825
Holyoke,MA,42.2020,-72.6262
Holyoke,MN,46.4664,-92.3750
Holyrood,KS,38.5900,-98.4159
Home,KS,39.8545,-96.5292
Home,PA,40.7834,-79.1641
Homedale,ID,43.6138,-116.9472
Homelake,CO,37.5756,-106.0964
Homeland,CA,33.7453,-117.1118
Homeland,FL,27.8175,-81.8247
Homer,AK,59.6655,-151.4626
Homer,GA,34.3563,-83.4974
Homer,IL,40.0346,-87.9627
Homer,IN,39.5781,-85.5781
Homer,LA,32.7749,-93.0288
Homer,MI,42.1416,-84.8157
Homer,MN,44.0214,-91.5564
Homer,NE,42.3217,-96.4892
Homer,NY,42.6726,-76.1878
Homer,OH,40.2528,-82.5178
Homer City,PA,40.5384,-79.1839
Homer Glen,IL,41.6000,-87.9381
Homerville,GA,31.0450,-82.7431
Homerville,OH,41.0267,-82.1250
Homestead,FL,25.4766,-80.4839
Homestead,IA,41.7339,-91.8795
Homestead,MT,48.4296,-104.5918
Homestead,PA,40.3942,-79.9042
Hometown,IL,41.7311,-87.7315
Hometown,WV,38.5328,-81.8614
Homewood,CA,39.0782,-120.1790
Homewood,IL,41.5556,-87.6616
Homeworth,OH,40.8592,-81.0655
Hominy,OK,36.4111,-96.3878
Homosassa,FL,28.7488,-82.5318
Homosassa Springs,FL,28.8033,-82.5761
Honaker,VA,37.0273,-81.9969
Honaunau,HI,19.4485,-155.8934
Hondo,NM,33.4625,-105.3889
Hondo,TX,29.3561,-99.1276
Honea Path,SC,34.4417,-82.4255
Honeoye,NY,42.7686,-77.5054
Honeoye Falls,NY,42.9695,-77.5781
Honesdale,PA,41.5792,-75.2528
Honey Brook,PA,40.0832,-75.8843
Honey Creek,IA,41.4630,-95.8802
Honey Creek,WI,42.7483,-88.3078
Honey Grove,PA,40.4309,-77.5761
Honey Grove,TX,33.5985,-95.9109
Honeydew,CA,40.2444,-124.1217
Honeyville,UT,41.6238,-112.0974
Honokaa,HI,20.0827,-155.4880
Honolulu,HI,21.3095,-157.8630
Honomu,HI,19.8728,-155.1177
Honor,MI,44.6954,-86.0376
Honoraville,AL,31.8784,-86.3981
Hood,CA,38.3683,-121.5164
Hood,VA,38.3547,-78.3831
Hood River,OR,45.6711,-121.5391
Hoodsport,WA,47.4235,-123.1739
Hooker,OK,36.8480,-101.1907
Hookerton,NC,35.4380,-77.5656
Hooks,TX,33.4775,-94.2692
Hooksett,NH,43.0617,-71.4444
Hookstown,PA,40.5429,-80.4363
Hoolehua,HI,21.1730,-157.0791
Hoonah,AK,58.0322,-135.5584
Hoopa,CA,41.1059,-123.6928
Hooper,CO,37.7232,-105.8712
Hooper,NE,41.6414,-96.5232
Hooper,UT,41.1827,-112.0904
Hooper,WA,46.7544,-118.1469
Hooper Bay,AK,61.5372,-165.8910
Hoopeston,IL,40.4639,-87.6662
Hoople,ND,48.5198,-97.6183
Hooppole,IL,41.5222,-89.9097
Hoosick,NY,42.8625,-73.3286
Hoosick Falls,NY,42.8937,-73.3581
Hooven,OH,39.1781,-84.7592
Hooversville,PA,40.1488,-78.9141
Hop Bottom,PA,41.6932,-75.7897
Hopatcong,NJ,40.9390,-74.6616
Hope,AK,60.9200,-149.6417
Hope,AR,33.6566,-93.5903
Hope,ID,48.2444,-116.2795
Hope,IN,39.2573,-85.7665
Hope,KS,38.6776,-97.1061
Hope,KY,38.0158,-83.7731
Hope,ME,44.2589,-69.1467
Hope,MI,43.7882,-84.3296
Hope,MN,43.9797,-93.3458
Hope,ND,47.2000,-97.7849
Hope,NJ,40.9111,-74.9678
Hope,NM,32.8156,-104.7299
Hope,RI,41.7516,-71.5612
Hope Hull,AL,32.2243,-86.3932
Hope Mills,NC,34.9536,-78.9354
Hope Valley,RI,41.5070,-71.7349
Hopedale,IL,40.4273,-89.4214
Hopedale,MA,42.1268,-71.5376
Hopedale,OH,40.3496,-80.9021
Hopeland,PA,40.2336,-76.2625
Hopeton,OK,36.6881,-98.6656
Hopewell,NJ,40.3902,-74.7710
Hopewell,OH,39.9601,-82.1756
Hopewell,PA,40.1192,-78.3129
Hopewell,VA,37.2876,-77.2950
Hopewell Junction,NY,41.5766,-73.7976
Hopkins,MI,42.6421,-85.7322
Hopkins,MN,44.9250,-93.4625
Hopkins,MO,40.5483,-94.8189
Hopkins,SC,33.9349,-80.8449
Hopkins Park,IL,41.0633,-87.6250
Hopkinsville,KY,36.8621,-87.4851
Hopkinton,IA,42.3422,-91.2461
Hopkinton,MA,42.2190,-71.5302
Hopkinton,RI,41.4611,-71.7781
Hopland,CA,38.9721,-123.1170
Hopwood,PA,39.8689,-79.7059
Hoquiam,WA,46.9823,-123.8842
Horace,ND,46.7393,-96.8609
Horatio,AR,33.9392,-94.2959
Horatio,SC,34.0211,-80.5661
Hordville,NE,41.0813,-97.8881
Horicon,WI,43.4469,-88.6310
Hormigueros,PR,18.1400,-67.1283
Horn Lake,MS,34.9519,-90.0507
Hornbeak,TN,36.3596,-89.3056
Hornbeck,LA,31.3226,-93.3683
Hornbrook,CA,41.9077,-122.5265
Hornell,NY,42.3274,-77.6569
Horner,WV,38.9726,-80.3656
Hornersville,MO,36.0627,-90.0816
Hornick,IA,42.2897,-96.0796
Hornitos,CA,37.4922,-120.2264
Hornsby,TN,35.2197,-88.8263
Horntown,VA,37.9699,-75.4716
Horse Branch,KY,37.4234,-86.6987
Horse Cave,KY,37.1849,-85.8785
Horse Creek,WY,41.4150,-105.1817
Horse Shoe,NC,35.3703,-82.5981
Horseheads,NY,42.1805,-76.8345
Horsepen,VA,37.2281,-81.5200
Horseshoe Bay,TX,30.5781,-98.2725
Horseshoe Beach,FL,29.4869,-83.2616
Horseshoe Bend,AR,36.2025,-91.7553
Horseshoe Bend,ID,43.9229,-116.1809
Horsham,PA,40.1821,-75.1479
Hortense,GA,31.3199,-81.9596
Horton,AL,34.1900,-86.3173
Horton,KS,39.6789,-95.5299
Horton,MI,42.1191,-84.4976
Hortonville,NY,41.7857,-75.0263
Hortonville,WI,44.3273,-88.6281
Hoschton,GA,34.0866,-83.7803
Hosford,FL,30.3639,-84.8054
Hoskins,NE,42.1408,-97.3084
Hoskinston,KY,37.0772,-83.3917
Hosmer,SD,45.5690,-99.4857
Hospers,IA,43.0793,-95.9142
Hosston,LA,32.8967,-93.8834
Hostetter,PA,40.2661,-79.3986
Hot Springs,MT,47.5914,-114.6597
Hot Springs,NC,35.8162,-82.8120
Hot Springs,SD,43.4223,-103.4766
Hot Springs,VA,37.9638,-79.8717
Hot Springs National Park,AR,34.5015,-93.0260
Hot Springs Village,AR,34.6411,-93.0574
Hot Sulphur Springs,CO,40.0731,-106.1022
Hotchkiss,CO,38.8124,-107.7472
Hotevilla,AZ,36.2111,-110.5661
Houck,AZ,35.2830,-109.2063
Houghton,IA,40.7750,-91.6393
Houghton,MI,47.1158,-88.5580
Houghton,NY,42.4116,-78.1095
Houghton,SD,45.7967,-98.0952
Houghton Lake,MI,44.3413,-84.7422
Houghton Lake Heights,MI,44.3275,-84.7744
Houlka,MS,34.0561,-89.0531
Houlton,ME,46.1189,-67.8630
Houlton,WI,45.0701,-92.7608
Houma,LA,29.5943,-90.7548
Housatonic,MA,42.2653,-73.3745
House,NM,34.6952,-103.9203
House Springs,MO,38.4131,-90.5575
Houston,AK,61.6336,-149.8411
Houston,AL,34.1180,-87.2618
Houston,AR,35.0362,-92.6913
Houston,DE,38.9114,-75.5064
Houston,MN,43.7929,-91.5626
Houston,MO,37.3218,-91.9530
Houston,MS,33.9026,-88.9670
Houston,OH,40.2535,-84.3521
Houston,PA,40.2425,-80.2209
Houston,TX,29.5962,-95.4587
Houston,TX,29.7652,-95.3657
Houstonia,MO,38.9106,-93.3325
Houtzdale,PA,40.8305,-78.3618
Hoven,SD,45.2278,-99.7763
Hovland,MN,47.8342,-90.0476
Howard,CO,38.3885,-105.7471
Howard,GA,32.5958,-84.3844
Howard,KS,37.4809,-96.2563
Howard,OH,40.4158,-82.3334
Howard,PA,41.0203,-77.6702
Howard,SD,44.0293,-97.5160
Howard Beach,NY,40.6606,-73.8450
Howard City,MI,43.4083,-85.4856
Howard Lake,MN,45.0608,-94.0731
Howard Lake,MN,45.0616,-94.0695
Howardsville,VA,37.7659,-78.5824
Howe,ID,43.7836,-113.0039
Howe,IN,41.7286,-85.4727
Howe,OK,34.9299,-94.6571
Howe,TX,33.5349,-96.6407
Howell,MI,42.6159,-83.9248
Howell,NJ,40.1481,-74.2137
Howell,UT,41.7961,-112.4436
Howells,NE,41.6964,-96.9858
Howells,NY,41.4794,-74.4656
Howes,SD,44.5350,-102.2158
Howes Cave,NY,42.7045,-74.3648
Howey In The Hills,FL,28.7098,-81.7900
Howland,ME,45.2478,-68.6693
Hoxie,AR,36.0326,-90.9715
Hoxie,KS,39.3322,-100.4758
Hoyleton,IL,38.4455,-89.3069
Hoyt,KS,39.2552,-95.6867
Hoyt,OK,35.2685,-95.2994
Hoyt Lakes,MN,47.5150,-92.1400
Hoytville,OH,41.1900,-83.7847
Huachuca City,AZ,31.6639,-110.3334
Hualapai,AZ,35.5407,-113.2953
Hubbard,IA,42.3022,-93.2939
Hubbard,NE,42.4131,-96.6224
Hubbard,OH,41.1624,-80.5762
Hubbard,OR,45.1604,-122.7541
Hubbard,TX,31.8436,-96.8000
Hubbard Lake,MI,44.8947,-83.6059
Hubbardston,MA,42.4865,-72.0012
Hubbardston,MI,43.0828,-84.8173
Hubbardsville,NY,42.8237,-75.4367
Hubbell,MI,47.1733,-88.4292
Hubbell,NE,40.0456,-97.4735
Hubert,NC,34.6993,-77.2079
Hubertus,WI,43.2343,-88.2311
Huddleston,VA,37.1442,-79.4910
Huddy,KY,37.5668,-82.2500
Hudgins,VA,37.4708,-76.3261
Hudson,CO,40.0606,-104.6532
Hudson,FL,28.3648,-82.6757
Hudson,IA,42.3905,-92.4549
Hudson,IL,40.6205,-88.9759
Hudson,IN,41.5599,-85.1420
Hudson,KS,38.1485,-98.6408
Hudson,KY,37.6506,-86.3012
Hudson,MA,42.3918,-71.5609
Hudson,ME,44.9914,-68.8878
Hudson,MI,41.8581,-84.3380
Hudson,NC,35.8403,-81.4897
Hudson,NH,42.7690,-71.4121
Hudson,NY,42.2470,-73.7552
Hudson,OH,41.2458,-81.4367
Hudson,SD,43.1284,-96.5306
Hudson,WI,44.9842,-92.7271
Hudson,WY,42.9061,-108.5828
Hudson Falls,NY,43.3149,-73.5746
Hudsonville,MI,42.8748,-85.8751
Huey,IL,38.6044,-89.2911
Hueysville,KY,37.5062,-82.8368
Huffman,TX,30.0565,-95.1051
Hufsmith,TX,30.1219,-95.5964
Huger,SC,33.0184,-79.8073
Huggins,MO,37.2662,-92.1486
Hughes,AK,66.0382,-154.2644
Hughes,AR,34.9454,-90.4741
Hughes Springs,TX,33.0168,-94.6228
Hugheston,WV,38.2094,-81.3728
Hughesville,MD,38.5207,-76.7817
Hughesville,MO,38.8494,-93.2159
Hughesville,PA,41.2560,-76.7141
Hughson,CA,37.5944,-120.8653
Hughsonville,NY,41.5808,-73.9275
Hugo,CO,39.0843,-103.4990
Hugo,MN,45.1628,-93.0035
Hugo,OK,34.0113,-95.5139
Hugoton,KS,37.1682,-101.3346
Huguenot,NY,41.4372,-74.6426
Hulbert,MI,46.3542,-85.1500
Hulbert,OK,35.9254,-95.1651
Hulen,KY,36.7714,-83.5551
Hulett,WY,44.7352,-104.6174
Huletts Landing,NY,43.6392,-73.5075
Hull,GA,34.0478,-83.3110
Hull,IA,43.1952,-96.1392
Hull,IL,39.7186,-91.2338
Hull,MA,42.2853,-70.8754
Hull,TX,30.1334,-94.6604
Hulls Cove,ME,44.4192,-68.2511
Humacao,PR,18.1415,-65.8216
Humansville,MO,37.7923,-93.5795
Humarock,MA,42.1361,-70.6906
Humbird,WI,44.5367,-90.8883
Humble,TX,30.0041,-95.2825
Humboldt,AZ,34.5008,-112.2367
Humboldt,IA,42.7196,-94.2132
Humboldt,IL,39.6012,-88.3141
Humboldt,KS,37.8045,-95.4220
Humboldt,MN,48.9211,-97.0931
Humboldt,NE,40.1566,-95.9311
Humboldt,SD,43.6120,-97.0697
Humboldt,TN,35.8370,-88.9057
Hume,CA,36.7850,-118.9128
Hume,IL,39.8009,-87.8747
Hume,MO,38.0596,-94.5610
Hume,NY,42.4728,-78.1367
Hume,VA,38.8273,-77.9949
Humeston,IA,40.8469,-93.5101
Hummels Wharf,PA,40.8317,-76.8361
Hummelstown,PA,40.2782,-76.7094
Humnoke,AR,34.5419,-91.7566
Humphrey,AR,34.4034,-91.6790
Humphrey,NE,41.6702,-97.4986
Humphreys,MO,40.1144,-93.3015
Humptulips,WA,47.1356,-123.9717
Hundred,WV,39.6917,-80.4746
Hungerford,TX,29.3989,-96.0767
Hungry Horse,MT,48.3858,-114.0600
Hunker,PA,40.2149,-79.5824
Hunlock Creek,PA,41.2459,-76.0879
Hunnewell,MO,39.7018,-91.8832
Hunt,NY,42.5388,-77.9818
Hunt,TX,30.0027,-99.4823
Hunt Valley,MD,39.5026,-76.6598
Hunter,AR,35.0528,-91.1261
Hunter,KS,39.2430,-98.4017
Hunter,ND,47.1913,-97.2516
Hunter,NY,42.2373,-74.2038
Hunter,OK,36.5603,-97.6425
Hunters,WA,48.1333,-118.1525
Huntersville,NC,35.4106,-80.8431
Huntertown,IN,41.2391,-85.1677
Huntingburg,IN,38.2979,-86.9533
Huntingdon,PA,40.5023,-78.0050
Huntingdon,TN,36.0062,-88.4202
Huntingdon Valley,PA,40.1297,-75.0590
Huntington,AR,35.0963,-94.3313
Huntington,IN,40.8811,-85.5054
Huntington,MA,42.2653,-72.8733
Huntington,NY,40.8669,-73.4109
Huntington,OR,44.3811,-117.3097
Huntington,TX,31.2837,-94.5662
Huntington,UT,39.2920,-110.9741
Huntington,VT,44.3227,-72.9964
Huntington,WV,38.3849,-82.5036
Huntington,WV,38.4097,-82.4423
Huntington Beach,CA,33.7152,-118.0088
Huntington Mills,PA,41.2009,-76.1973
Huntington Park,CA,33.9769,-118.2161
Huntington Station,NY,40.8218,-73.3755
Huntington Woods,MI,42.4825,-83.1749
Huntingtown,MD,38.6095,-76.6003
Huntland,TN,35.0512,-86.2694
Huntley,IL,42.1756,-88.4268
Huntley,MN,43.7237,-94.2016
Huntley,MT,45.8905,-108.2850
Huntley,WY,41.9328,-104.1456
Huntly,VA,38.8133,-78.1301
Huntsburg,OH,41.5306,-81.0572
Huntsville,AL,34.7269,-86.5673
Huntsville,AR,36.1043,-93.7279
Huntsville,IL,40.1544,-90.8531
Huntsville,MO,39.4354,-92.5530
Huntsville,OH,40.4413,-83.7927
Huntsville,TN,36.3983,-84.4288
Huntsville,TX,30.7947,-95.5337
Huntsville,UT,41.2721,-111.7618
Hurdland,MO,40.1609,-92.2791
Hurdle Mills,NC,36.2518,-79.0827
Hurdsfield,ND,47.4387,-99.9416
Hurlburt Field,FL,30.4283,-86.6883
Hurley,MO,36.9254,-93.4768
Hurley,MS,30.6608,-88.4942
Hurley,NM,32.6480,-108.1516
Hurley,NY,41.9327,-74.0687
Hurley,SD,43.2893,-97.1904
Hurley,VA,37.4017,-82.0262
Hurley,WI,46.4448,-90.1975
Hurleyville,NY,41.7609,-74.6534
Hurlock,MD,38.6428,-75.8663
Huron,CA,36.2371,-120.1020
Huron,IN,38.7222,-86.6706
Huron,OH,41.3907,-82.5555
Huron,SD,44.3590,-98.2163
Huron,TN,35.6144,-88.5195
Hurricane,UT,37.1691,-113.2247
Hurricane,WV,38.4257,-81.9943
Hurricane Mills,TN,35.9749,-87.7671
Hurst,IL,37.8331,-89.1428
Hurst,TX,32.8211,-97.1756
Hurt,VA,37.0798,-79.3000
Hurtsboro,AL,32.2454,-85.3959
Huslia,AK,65.6899,-156.2920
Huson,MT,47.0660,-114.4219
Husser,LA,30.6792,-90.3372
Hustisford,WI,43.3450,-88.6017
Hustle,VA,38.0222,-77.0364
Hustler,WI,43.9225,-90.2714
Huston,ID,43.6103,-116.7822
Hustontown,PA,40.0441,-78.0148
Hustonville,KY,37.4595,-84.8528
Husum,WA,45.7994,-121.4858
Hutchins,TX,32.6396,-96.7070
Hutchinson,KS,38.0550,-97.9311
Hutchinson,MN,44.8946,-94.3847
Hutchinson,PA,40.2261,-79.7319
Hutsonville,IL,39.1064,-87.6695
Huttig,AR,33.0459,-92.1942
Hutto,TX,30.5257,-97.5672
Huttonsville,WV,38.6784,-79.9775
Huxford,AL,31.2200,-87.4619
Huxley,IA,41.8994,-93.6024
Hyampom,CA,40.6175,-123.4514
Hyannis,MA,41.6537,-70.2982
Hyannis,NE,42.0070,-101.7483
Hyannis Port,MA,41.6356,-70.3000
Hyattsville,MD,38.9506,-76.9347
Hyattville,WY,44.2507,-107.6053
Hydaburg,AK,55.1374,-132.6332
Hyde,PA,41.0025,-78.4628
Hyde Park,MA,42.2540,-71.1261
Hyde Park,NY,41.7887,-73.9063
Hyde Park,PA,40.6311,-79.5899
Hyde Park,UT,41.7989,-111.8183
Hyde Park,VT,44.6225,-72.5950
Hyden,KY,37.1546,-83.4157
Hyder,AK,55.9259,-130.1249
Hydes,MD,39.4740,-76.4695
Hydesville,CA,40.5496,-124.0845
Hydetown,PA,41.6525,-79.7272
Hydeville,VT,43.6056,-73.2286
Hydro,OK,35.4520,-98.5604
Hye,TX,30.2269,-98.5396
Hygiene,CO,40.1886,-105.1803
Hymera,IN,39.1864,-87.3017
Hyndman,PA,39.8049,-78.7335
Hyner,PA,41.3317,-77.6444
Hyrum,UT,41.6311,-111.8490
Hysham,MT,46.2765,-107.3072
Iaeger,WV,37.4499,-81.8120
Ibapah,UT,40.0367,-113.9844
Iberia,MO,38.1219,-92.2989
Iberia,OH,40.6703,-82.8436
Icard,NC,35.7272,-81.4708
Ickesburg,PA,40.4342,-77.3429
Ida,AR,35.5943,-91.9301
Ida,LA,32.9934,-93.9022
Ida,MI,41.8549,-83.5916
Ida Grove,IA,42.3400,-95.4645
Idabel,OK,33.8851,-94.8020
Idaho City,ID,43.7586,-115.9184
Idaho Falls,ID,43.5177,-111.9906
Idaho Springs,CO,39.7402,-105.5983
Idalia,CO,39.7331,-102.2116
Idalou,TX,33.6504,-101.6786
Idamay,WV,39.4969,-80.2572
Idanha,OR,44.7015,-122.0476
Idaville,IN,40.7674,-86.6556
Idaville,PA,40.0147,-77.2031
Ideal,GA,32.3930,-84.1481
Ideal,SD,43.5596,-99.9279
Ider,AL,34.7351,-85.6416
Idledale,CO,39.6661,-105.2436
Idlewild,MI,43.9126,-85.7160
Idlewild,TN,36.0297,-88.8081
Idleyld Park,OR,43.3716,-122.9018
Idyllwild,CA,33.7304,-116.7107
Ignacio,CO,37.1264,-107.6395
Igo,CA,40.4318,-122.6540
Ihlen,MN,43.9072,-96.3669
Ijamsville,MD,39.3267,-77.2964
Ikes Fork,WV,37.5219,-81.8044
Ila,GA,34.1725,-83.2922
Ilfeld,NM,35.4211,-105.5583
Iliamna,AK,59.5648,-155.4626
Iliff,CO,40.7692,-103.0968
Ilion,NY,43.0064,-75.0484
Illinois City,IL,41.3892,-90.8925
Illiopolis,IL,39.8499,-89.2513
Ilwaco,WA,46.3142,-124.0282
Imbler,OR,45.4599,-117.9544
Imboden,AR,36.1976,-91.1854
Imlay,NV,40.6522,-118.0212
Imlay City,MI,43.0425,-83.0708
Imlaystown,NJ,40.1662,-74.5109
Imler,PA,40.2319,-78.5167
Immaculata,PA,40.0439,-75.5269
Immokalee,FL,26.3751,-81.3678
Imnaha,OR,45.5137,-116.8257
Imogene,IA,40.8631,-95.4358
Imperial,CA,32.8470,-115.5730
Imperial,MO,38.3927,-90.4311
Imperial,NE,40.5251,-101.6468
Imperial,PA,40.4584,-80.2649
Imperial,TX,31.2373,-102.7109
Imperial Beach,CA,32.5783,-117.1148
Ina,IL,38.1527,-88.8894
Inavale,NE,40.0959,-98.6612
Inchelium,WA,48.2924,-118.3552
Incline Village,NV,39.2460,-119.9618
Independence,CA,36.8396,-118.2048
Independence,IA,42.4674,-91.8803
Independence,KS,37.2292,-95.7165
Independence,KY,38.9354,-84.5479
Independence,LA,30.6351,-90.5277
Independence,MO,39.0983,-94.4111
Independence,MS,34.7050,-89.8089
Independence,OH,41.3809,-81.6642
Independence,OR,44.8481,-123.1879
Independence,VA,36.6294,-81.1582
Independence,WI,44.3959,-91.4535
Independence,WV,39.4464,-79.8822
Index,WA,47.8208,-121.5539
Indiahoma,OK,34.6242,-98.7349
Indialantic,FL,28.1091,-80.5787
Indian,AK,60.9804,-149.4917
Indian Head,MD,38.5889,-77.1484
Indian Head,PA,40.0202,-79.3934
Indian Hills,CO,39.6167,-105.2367
Indian Lake,NY,43.7606,-74.2766
Indian Lake Estates,FL,27.8136,-81.3786
Indian Mound,TN,36.4946,-87.6804
Indian River,MI,45.4270,-84.5956
Indian Rocks Beach,FL,27.8840,-82.8455
Indian Springs,NV,36.4072,-115.5811
Indian Trail,NC,35.0831,-80.6597
Indian Valley,ID,44.5491,-116.4430
Indian Valley,VA,36.8990,-80.5757
Indian Wells,AZ,35.4056,-110.0842
Indian Wells,CA,33.7163,-116.3381
Indiana,PA,40.6196,-79.1596
Indianapolis,IN,39.7750,-86.1093
Indianapolis,IN,39.9384,-86.1389
Indianola,IA,41.3562,-93.5715
Indianola,IL,39.9268,-87.7388
Indianola,MS,33.4491,-90.6541
Indianola,NE,40.2357,-100.4298
Indianola,OK,35.0937,-95.7845
Indianola,PA,40.5766,-79.8818
Indianola,WA,47.7472,-122.5244
Indiantown,FL,27.0615,-80.4803
Indio,CA,33.7219,-116.2357
Indore,WV,38.3397,-81.1575
Industry,IL,40.3256,-90.6105
Industry,PA,40.6671,-80.4151
Industry,TX,29.9718,-96.5188
Inez,KY,37.8671,-82.5204
Inez,TX,28.8994,-96.8003
Ingalls,IN,40.0002,-85.8256
Ingalls,KS,37.8293,-100.5143
Ingalls,MI,45.3748,-87.6206
Inglefield,IN,38.1081,-87.5589
Ingleside,IL,42.3631,-88.1587
Ingleside,MD,39.1247,-75.8917
Ingleside,TX,27.8682,-97.2069
Inglewood,CA,33.9550,-118.3556
Inglis,FL,29.0300,-82.6689
Ingomar,MT,46.6542,-107.5517
Ingomar,PA,40.5808,-80.0611
Ingraham,IL,38.8284,-88.3204
Ingram,KY,36.7303,-83.7983
Ingram,TX,30.0731,-99.2690
Inkom,ID,42.7964,-112.2465
Inkster,MI,42.2940,-83.3146
Inkster,ND,48.1187,-97.6813
Inland,NE,40.5899,-98.2234
Inlet,NY,43.7480,-74.7846
Inman,KS,38.2232,-97.7951
Inman,NE,42.3761,-98.5384
Inman,SC,35.0528,-82.0540
Innis,LA,30.8778,-91.6806
Inola,OK,36.1503,-95.5205
Institute,WV,38.3836,-81.7656
Intercession City,FL,28.2622,-81.5081
Intercourse,PA,40.0375,-76.1053
Interior,SD,43.7319,-101.9642
Interlachen,FL,29.6270,-81.8894
Interlaken,NY,42.6165,-76.7268
Interlochen,MI,44.6518,-85.8022
International Falls,MN,48.5834,-93.4061
Intervale,NH,44.0955,-71.1194
Inver Grove Heights,MN,44.8420,-93.0347
Inverness,CA,38.0835,-122.8568
Inverness,FL,28.8337,-82.2896
Inverness,MS,33.3490,-90.6051
Inverness,MT,48.5930,-110.6880
Inwood,IA,43.3047,-96.4363
Inwood,NY,40.6219,-73.7472
Inwood,WV,39.3701,-78.0242
Inyokern,CA,35.6745,-117.8348
Iola,KS,37.9282,-95.4021
Iola,TX,30.7326,-96.0911
Iola,WI,44.5322,-89.1373
Iona,ID,43.5259,-111.9284
Iona,MN,43.9026,-95.7718
Ione,CA,38.3519,-120.9433
Ione,OR,45.5403,-119.7690
Ione,WA,48.7130,-117.4049
Ionia,IA,43.0403,-92.4865
Ionia,MI,42.9859,-85.0710
Ionia,MO,38.5019,-93.3224
Ionia,NY,42.9380,-77.5009
Iota,LA,30.3001,-92.5322
Iowa,LA,30.2219,-93.0259
Iowa City,IA,41.6549,-91.5112
Iowa Falls,IA,42.5138,-93.2709
Iowa Park,TX,33.9423,-98.6745
Ipava,IL,40.3594,-90.2967
Ipswich,MA,42.6809,-70.8494
Ipswich,SD,45.4489,-99.0148
Ira,IA,41.7318,-93.1644
Ira,TX,32.6213,-101.0254
Iraan,TX,30.9156,-101.9152
Irasburg,VT,44.8081,-72.2763
Iredell,TX,31.9722,-97.8793
Ireland,IN,38.4147,-86.9994
Ireland,WV,38.7677,-80.4770
Irene,SD,43.1027,-97.2558
Irene,TX,31.9919,-96.8711
Ireton,IA,42.9666,-96.3232
Irma,WI,45.3485,-89.6611
Irmo,SC,34.1103,-81.1966
Iron,MN,47.4115,-92.6195
Iron Belt,WI,46.3955,-90.3245
Iron City,GA,31.0133,-84.8131
Iron City,TN,35.0563,-87.6473
Iron Gate,VA,37.7975,-79.7914
Iron Mountain,MI,45.8219,-88.0683
Iron Ridge,WI,43.3934,-88.5441
Iron River,MI,46.0930,-88.6460
Iron River,WI,46.5790,-91.4211
Iron Springs,AZ,34.6730,-112.5211
Iron Station,NC,35.4657,-81.1070
Irondale,MO,37.8296,-90.6984
Irondale,OH,40.5111,-80.7915
Ironia,NJ,40.8228,-74.6261
Irons,MI,44.0966,-85.9390
Ironside,OR,44.3009,-117.9444
Ironsides,MD,38.4917,-77.1600
Ironton,MN,46.4641,-94.0437
Ironton,MO,37.6147,-90.6356
Ironton,OH,38.5294,-82.6654
Ironwood,MI,46.4638,-90.1588
Iroquois,IL,40.8275,-87.5819
Iroquois,SD,44.3455,-97.8542
Irrigon,OR,45.8877,-119.5070
Irvine,CA,33.7357,-117.7672
Irvine,KY,37.7051,-83.9962
Irvine,PA,41.8433,-79.2863
Irving,IL,39.2089,-89.4104
Irving,NY,42.5739,-79.0596
Irving,TX,32.8420,-96.9719
Irvington,AL,30.4802,-88.2396
Irvington,IL,38.4392,-89.1628
Irvington,KY,37.8762,-86.2965
Irvington,NJ,40.7261,-74.2313
Irvington,NY,41.0381,-73.8597
Irvington,VA,37.6645,-76.4160
Irvona,PA,40.8017,-78.5602
Irwin,IA,41.7941,-95.1958
Irwin,ID,43.4086,-111.2986
Irwin,OH,40.1284,-83.4587
Irwin,PA,40.3192,-79.7239
Irwinton,GA,32.8088,-83.1740
Irwinville,GA,31.6542,-83.4017
Isaban,WV,37.5300,-81.8883
Isabel,KS,37.4485,-98.5351
Isabel,SD,45.0640,-101.2736
Isabela,PR,18.4967,-67.0264
Isabella,MN,47.6267,-91.5173
Isabella,MO,36.5749,-92.6053
Isabella,OK,36.2341,-98.3374
Isabella,PA,39.9439,-79.9364
Isanti,MN,45.4682,-93.2266
Iselin,NJ,40.5716,-74.3167
Ishpeming,MI,46.4902,-87.6826
Islamorada,FL,24.9233,-80.6300
Island,KY,37.4471,-87.1692
Island City,KY,37.3899,-83.7180
Island Falls,ME,46.0169,-68.2667
Island Grove,FL,29.4533,-82.1067
Island Heights,NJ,39.9432,-74.1468
Island Lake,IL,42.2742,-88.1926
Island Park,ID,44.4466,-111.3679
Island Park,NY,40.6040,-73.6554
Island Pond,VT,44.8095,-71.8840
Islandia,NY,40.7906,-73.2022
Islandton,SC,32.9503,-80.8916
Isle,MN,46.1696,-93.4741
Isle Au Haut,ME,44.0561,-68.6206
Isle La Motte,VT,44.8748,-73.3391
Isle Of Palms,SC,32.7943,-79.7729
Isle Of Springs,ME,43.8764,-69.6342
Isle Of Wight,VA,36.9075,-76.7081
Isle Saint George,OH,41.7137,-82.8193
Islesboro,ME,44.3082,-68.9073
Islesford,ME,44.2619,-68.2344
Isleta,NM,34.9133,-106.6950
Isleton,CA,38.1554,-121.6049
Islip,NY,40.7348,-73.2221
Islip Terrace,NY,40.7548,-73.1827
Ismay,MT,46.4132,-105.2091
Isola,MS,33.2471,-90.6040
Isom,KY,37.1960,-82.9133
Isonville,KY,38.0462,-83.0506
Issaquah,WA,47.5509,-122.0335
Issue,MD,38.3043,-76.8675
Istachatta,FL,28.6597,-82.2778
Italy,TX,32.1785,-96.8823
Itasca,IL,41.9720,-88.0202
Itasca,TX,32.1636,-97.1460
Ithaca,MI,43.2828,-84.6088
Ithaca,NE,41.1748,-96.5298
Ithaca,NY,42.4485,-76.4929
Itmann,WV,37.5733,-81.4183
Itta Bena,MS,33.4798,-90.3394
Iuka,IL,38.6136,-88.7689
Iuka,KS,37.7397,-98.7361
Iuka,MS,34.8089,-88.1983
Iva,SC,34.3198,-82.6574
Ivan,AR,33.9030,-92.4394
Ivanhoe,CA,36.3856,-119.2189
Ivanhoe,MN,44.5071,-96.2261
Ivanhoe,NC,34.6972,-78.1623
Ivanhoe,TX,33.6736,-96.1698
Ivanhoe,VA,36.8272,-80.9779
Ivel,KY,37.5554,-82.6427
Ivesdale,IL,39.9502,-88.4451
Ivins,UT,37.1686,-113.6786
Ivor,VA,36.9071,-76.8861
Ivoryton,CT,41.3421,-72.4404
Ivy,VA,38.0564,-78.5969
Ivydale,WV,38.5305,-81.0335
Ixonia,WI,43.1707,-88.5806
Jachin,AL,32.2442,-88.2334
Jack,AL,31.5524,-86.0431
Jackhorn,KY,37.1717,-82.6919
Jackman,ME,45.6351,-70.2492
Jackpot,NV,41.8396,-115.1129
Jacks Creek,TN,35.4782,-88.5019
Jacksboro,TN,36.3266,-84.1928
Jacksboro,TX,33.2347,-98.1681
Jackson,AL,31.5131,-87.8672
Jackson,CA,38.3575,-120.7549
Jackson,GA,33.2820,-83.9784
Jackson,KY,37.5574,-83.3969
Jackson,LA,30.8270,-91.2345
Jackson,MI,42.2545,-84.3875
Jackson,MN,43.6457,-94.9938
Jackson,MO,37.3879,-89.6519
Jackson,MS,32.2935,-90.1867
Jackson,MS,32.2999,-90.1843
Jackson,MT,45.4307,-113.4659
Jackson,NC,36.3870,-77.4681
Jackson,NE,42.4529,-96.5743
Jackson,NH,44.1670,-71.1878
Jackson,NJ,40.1210,-74.3017
Jackson,OH,39.0428,-82.6472
Jackson,PA,41.8649,-75.6091
Jackson,SC,33.3389,-81.7976
Jackson,TN,35.6102,-88.8140
Jackson,WI,43.3252,-88.1626
Jackson,WY,43.4607,-110.7663
Jackson Center,OH,40.4358,-84.0457
Jackson Center,PA,41.2801,-80.1037
Jackson Heights,NY,40.7513,-73.8830
Jackson Springs,NC,35.2259,-79.6685
Jacksonboro,SC,32.7700,-80.4547
Jacksonburg,WV,39.5416,-80.6437
Jacksonport,AR,35.6417,-91.3094
Jacksons Gap,AL,32.8797,-85.8487
Jacksontown,OH,39.9594,-82.4131
Jacksonville,AL,33.8310,-85.7752
Jacksonville,AR,34.8820,-92.1304
Jacksonville,FL,30.0759,-81.5803
Jacksonville,FL,30.3163,-81.4175
Jacksonville,GA,31.8481,-82.9750
Jacksonville,IL,39.7293,-90.2362
Jacksonville,MO,39.5791,-92.4315
Jacksonville,NC,34.7375,-77.4628
Jacksonville,NY,42.5083,-76.6153
Jacksonville,OH,39.4750,-82.0792
Jacksonville,OR,42.2549,-123.0281
Jacksonville,TX,31.9618,-95.2703
Jacksonville,VT,42.7778,-72.8071
Jacksonville Beach,FL,30.2944,-81.3933
Jacob,IL,37.7437,-89.5444
Jacobs Creek,PA,40.1331,-79.7419
Jacobsburg,OH,39.9563,-80.8822
Jacobson,MN,46.9772,-93.3064
Jacumba,CA,32.6249,-116.1952
Jadwin,MO,37.4736,-91.5159
Jaffrey,NH,42.8178,-72.0275
Jakin,GA,31.0908,-84.9822
Jal,NM,32.1128,-103.1997
Jamaica,IA,41.8419,-94.3204
Jamaica,NY,40.6913,-73.8061
Jamaica,VA,37.7300,-76.6890
Jamaica,VT,43.1042,-72.7944
Jamaica Plain,MA,42.3126,-71.1115
James City,PA,41.5931,-78.8505
James Creek,PA,40.3567,-78.1887
Jameson,MO,40.0046,-93.9597
Jamesport,MO,39.9837,-93.7800
Jamesport,NY,40.9494,-72.5819
Jamestown,CA,37.9065,-120.4946
Jamestown,CO,40.1006,-105.4190
Jamestown,IN,39.9579,-86.6236
Jamestown,KS,39.6021,-97.8631
Jamestown,KY,36.9680,-85.0968
Jamestown,LA,32.3613,-93.1848
Jamestown,MI,42.8256,-85.8425
Jamestown,MO,38.7793,-92.4807
Jamestown,NC,35.9990,-79.9293
Jamestown,ND,46.9059,-98.7061
Jamestown,NM,35.4217,-108.3083
Jamestown,NY,42.0928,-79.2440
Jamestown,OH,39.6428,-83.7504
Jamestown,PA,41.5060,-80.4565
Jamestown,RI,41.5164,-71.3761
Jamestown,SC,33.2288,-79.7156
Jamestown,TN,36.4245,-84.9357
Jamestown,VA,37.2080,-76.7744
Jamesville,NC,35.7839,-76.8983
Jamesville,NY,42.9830,-76.0766
Jamesville,VA,37.5150,-75.9308
Jamieson,OR,44.1819,-117.4373
Jamison,PA,40.2566,-75.0961
Jamul,CA,32.7163,-116.8323
Jane Lew,WV,39.1100,-80.4311
Janesville,CA,40.2963,-120.5098
Janesville,IA,42.6465,-92.4791
Janesville,IL,39.3742,-88.2436
Janesville,MN,44.1168,-93.7095
Janesville,WI,42.6915,-89.0331
Jansen,NE,40.2074,-97.0244
Jarales,NM,34.6482,-107.0299
Jarbidge,NV,41.8736,-115.4311
Jaroso,CO,37.0028,-105.6236
Jarratt,VA,36.8191,-77.4832
Jarreau,LA,30.6326,-91.4332
Jarrell,TX,30.7484,-97.6008
Jarrettsville,MD,39.6162,-76.4684
Jarvisburg,NC,36.1740,-75.8595
Jasonville,IN,39.1723,-87.2023
Jasper,AL,33.8717,-87.2491
Jasper,AR,36.0038,-93.2048
Jasper,FL,30.5029,-82.9322
Jasper,GA,34.4620,-84.4759
Jasper,IN,38.4044,-86.9408
Jasper,MI,41.7590,-83.9515
Jasper,MN,43.8568,-96.3850
Jasper,MO,37.3182,-94.2731
Jasper,NY,42.1290,-77.4999
Jasper,OH,39.0500,-83.0567
Jasper,TN,35.0666,-85.6147
Jasper,TX,30.9253,-94.0215
Java,SD,45.4135,-99.8352
Java,VA,36.8586,-79.1870
Java Center,NY,42.6634,-78.3925
Java Village,NY,42.6769,-78.4410
Jay,FL,30.8985,-87.1332
Jay,ME,44.5160,-70.2099
Jay,NY,44.3734,-73.7247
Jay,OK,36.4363,-94.7763
Jay Em,WY,42.3574,-104.3114
Jayess,MS,31.4036,-90.1864
Jayton,TX,33.2518,-100.5825
Jayuya,PR,18.2206,-66.5919
Jean,NV,35.8548,-115.4692
Jeanerette,LA,29.9032,-91.6544
Jeannette,PA,40.3295,-79.6144
Jeddo,MI,43.1346,-82.5547
Jeff,KY,37.2050,-83.1364
Jeffers,MN,44.0737,-95.1547
Jefferson,AL,32.3867,-87.8981
Jefferson,AR,34.3553,-92.1486
Jefferson,CO,39.3009,-105.7863
Jefferson,GA,34.1062,-83.5708
Jefferson,IA,42.0093,-94.3888
Jefferson,MA,42.3755,-71.8706
Jefferson,MD,39.3653,-77.5441
Jefferson,ME,44.1894,-69.4839
Jefferson,NC,36.4090,-81.4396
Jefferson,NH,44.3999,-71.4518
Jefferson,NY,42.4999,-74.6117
Jefferson,OH,41.7335,-80.7562
Jefferson,OR,44.7495,-123.0060
Jefferson,PA,39.9334,-80.0503
Jefferson,SC,34.6546,-80.3639
Jefferson,SD,42.6013,-96.5784
Jefferson,TX,32.7799,-94.3712
Jefferson,WI,43.0006,-88.8078
Jefferson City,MO,38.5462,-92.1525
Jefferson City,MT,46.3883,-112.0267
Jefferson City,TN,36.1163,-83.4810
Jefferson Valley,NY,41.3385,-73.7947
Jeffersonton,VA,38.6256,-77.9069
Jeffersonville,GA,32.7411,-83.3859
Jeffersonville,IN,38.3078,-85.7359
Jeffersonville,KY,37.9640,-83.8558
Jeffersonville,NY,41.7784,-74.9196
Jeffersonville,OH,39.6590,-83.5687
Jeffersonville,VT,44.6625,-72.7806
Jeffrey,WV,37.9570,-81.8003
Jeffrey City,WY,42.5402,-107.8724
Jekyll Island,GA,31.0740,-81.4128
Jellico,TN,36.5544,-84.1181
Jelm,WY,41.1457,-105.9257
Jemez Pueblo,NM,35.6243,-106.7219
Jemez Springs,NM,35.8927,-106.7714
Jemison,AL,32.9805,-86.7181
Jena,LA,31.6748,-92.1137
Jenera,OH,40.9004,-83.7256
Jenison,MI,42.9104,-85.8276
Jenkinjones,WV,37.2933,-81.4233
Jenkins,KY,37.1863,-82.6300
Jenkins,MN,46.6510,-94.3325
Jenkins Bridge,VA,37.9192,-75.6319
Jenkinsburg,GA,33.3186,-84.0261
Jenkinsville,SC,34.2717,-81.2712
Jenkintown,PA,40.1005,-75.1173
Jenks,OK,36.0148,-95.9797
Jenner,CA,38.4741,-123.1354
Jenners,PA,40.1473,-79.0546
Jennerstown,PA,40.1597,-79.0667
Jennings,FL,30.5482,-83.1350
Jennings,KS,39.6762,-100.2834
Jennings,LA,30.2201,-92.6574
Jennings,OK,36.1863,-96.5732
Jensen,UT,40.3787,-109.3510
Jensen Beach,FL,27.2356,-80.2277
Jeremiah,KY,37.1651,-82.9268
Jericho,NY,40.7881,-73.5331
Jericho,VT,44.4843,-72.9794
Jerico Springs,MO,37.6613,-94.0129
Jermyn,PA,41.5327,-75.5429
Jermyn,TX,33.2636,-98.3931
Jerome,AZ,34.7489,-112.1131
Jerome,ID,42.7178,-114.5012
Jerome,MI,42.0484,-84.4455
Jerome,MO,37.9254,-91.9906
Jerome,PA,40.2089,-78.9839
Jeromesville,OH,40.8134,-82.1861
Jerry City,OH,41.2539,-83.6044
Jersey,AR,33.3889,-92.2966
Jersey,GA,33.7156,-83.7989
Jersey,VA,38.2114,-77.1397
Jersey City,NJ,40.7164,-74.0380
Jersey Mills,PA,41.3572,-77.4069
Jersey Shore,PA,41.2007,-77.2427
Jerseyville,IL,39.1213,-90.3338
Jerusalem,AR,35.3798,-92.8139
Jerusalem,OH,39.8488,-81.0921
Jesse,WV,37.6608,-81.5628
Jessie,ND,47.5422,-98.2378
Jessieville,AR,34.6937,-93.1963
Jessup,MD,39.1484,-76.7922
Jessup,PA,41.4724,-75.5689
Jesup,GA,31.6043,-81.8871
Jesup,IA,42.4823,-92.0456
Jet,OK,36.6929,-98.1721
Jetersville,VA,37.3176,-78.1040
Jetmore,KS,38.0738,-99.9327
Jetson,KY,37.2404,-86.5209
Jewell,GA,33.3288,-82.7328
Jewell,IA,42.3139,-93.6428
Jewell,KS,39.6697,-98.1256
Jewell,OH,41.3258,-84.2856
Jewell Ridge,VA,37.2224,-81.8107
Jewett,IL,39.2076,-88.2474
Jewett,NY,42.2694,-74.2793
Jewett,OH,40.3745,-81.0004
Jewett,TX,31.3739,-96.1918
Jewett City,CT,41.6052,-71.9808
Jigger,LA,32.0347,-91.7467
Jim Falls,WI,45.0644,-91.2649
Jim Thorpe,PA,40.8700,-75.7397
Joanna,SC,34.4068,-81.8191
Joaquin,TX,31.9440,-94.0608
Jobstown,NJ,40.0387,-74.6873
Joelton,TN,36.3290,-86.9163
Joes,CO,39.6728,-102.6151
Joffre,PA,40.3810,-80.3915
Johannesburg,CA,35.3707,-117.6373
Johannesburg,MI,45.0152,-84.3857
John Day,OR,44.4100,-119.1052
Johns Island,SC,32.7097,-80.0943
Johnsburg,NY,43.6341,-74.0213
Johnson,AR,36.1328,-94.1653
Johnson,KS,37.5694,-101.7194
Johnson,NE,40.4016,-95.9883
Johnson,NY,41.3661,-74.5069
Johnson,VT,44.6420,-72.6712
Johnson City,NY,42.1267,-75.9685
Johnson City,TN,36.3339,-82.3408
Johnson City,TX,30.2948,-98.3691
Johnson Creek,WI,43.0751,-88.7836
Johnsonburg,NJ,40.9644,-74.8789
Johnsonburg,PA,41.4928,-78.6783
Johnsonville,IL,38.5256,-88.5887
Johnsonville,NY,42.8769,-73.4989
Johnsonville,SC,33.8299,-79.4783
Johnston,IA,41.6730,-93.7028
Johnston,RI,41.8264,-71.4976
Johnston,SC,33.8231,-81.7972
Johnston City,IL,37.8245,-88.9209
Johnstown,CO,40.3355,-104.9236
Johnstown,NE,42.5309,-100.0453
Johnstown,NY,43.0069,-74.3715
Johnstown,OH,40.1445,-82.6973
Johnstown,PA,40.3260,-78.9141
Joice,IA,43.3761,-93.4454
Joiner,AR,35.5052,-90.1478
Joinerville,TX,32.1778,-94.9006
Joliet,IL,41.5272,-88.0824
Joliet,MT,45.4988,-108.9480
Jolley,IA,42.5078,-94.7423
Jolo,WV,37.3324,-81.8316
Jolon,CA,35.9708,-121.1750
Jonancy,KY,37.3164,-82.5831
Jonas Ridge,NC,35.9725,-81.8950
Jones,AL,32.6085,-86.8893
Jones,LA,32.9663,-91.5965
Jones,MI,41.9129,-85.8341
Jones,OK,35.5753,-97.2891
Jones Mill,AR,34.4536,-92.8620
Jones Mills,PA,40.0798,-79.3399
Jonesboro,AR,35.8330,-90.6965
Jonesboro,GA,33.5242,-84.3590
Jonesboro,IL,37.4461,-89.2915
Jonesboro,IN,40.4815,-85.6365
Jonesboro,LA,32.2483,-92.6944
Jonesboro,ME,44.6582,-67.5777
Jonesboro,TX,31.5996,-97.7752
Jonesborough,TN,36.2954,-82.4902
Jonesburg,MO,38.8717,-91.3019
Jonesport,ME,44.5509,-67.6044
Jonestown,MS,34.3194,-90.4556
Jonestown,PA,40.4361,-76.5038
Jonesville,IN,39.0606,-85.8897
Jonesville,KY,38.6483,-84.7637
Jonesville,LA,31.6365,-91.8458
Jonesville,MI,41.9798,-84.6451
Jonesville,NC,36.2286,-80.7870
Jonesville,SC,34.8374,-81.6842
Jonesville,TX,32.4978,-94.1108
Jonesville,VA,36.6896,-83.1362
Jonesville,VT,44.3839,-72.9381
Joplin,MO,37.0969,-94.5051
Joplin,MT,48.6498,-110.7914
Joppa,AL,34.2837,-86.5519
Joppa,IL,37.2472,-88.8482
Joppa,MD,39.4242,-76.3541
Jordan,MN,44.6713,-93.6195
Jordan,MT,47.3694,-106.9221
Jordan,NY,43.0651,-76.4598
Jordan Valley,OR,42.8801,-117.2810
Jordanville,NY,42.8948,-74.8209
Joseph,OR,45.3494,-117.2128
Joseph,UT,38.6221,-112.2251
Joseph City,AZ,34.9558,-110.3333
Josephine,PA,40.4772,-79.1817
Josephine,TX,33.0611,-96.3069
Josephine,WV,37.6221,-81.2176
Joshua,TX,32.4663,-97.4011
Joshua Tree,CA,34.1502,-116.3038
Jourdanton,TX,28.9030,-98.5440
Joy,IL,41.2262,-90.8518
Joyce,LA,31.9392,-92.5986
Joyce,WA,48.1367,-123.7328
Juana Diaz,PR,18.0544,-66.5069
Jud,ND,46.5010,-98.8077
Juda,WI,42.5679,-89.5026
Judith Gap,MT,46.6623,-109.6755
Judson,IN,39.8131,-87.1344
Judson,TX,32.5825,-94.7533
Judsonia,AR,35.3250,-91.6491
Julesburg,CO,40.9708,-102.2575
Juliaetta,ID,46.5754,-116.7188
Julian,CA,33.0534,-116.5658
Julian,NC,35.9543,-79.6386
Julian,NE,40.4861,-95.8505
Julian,PA,40.8917,-77.9332
Julian,WV,38.1264,-81.8642
Juliette,GA,33.1194,-83.8235
Juliustown,NJ,40.0133,-74.6692
Jump River,WI,45.1667,-90.8075
Jumping Branch,WV,37.6397,-80.9957
Juncos,PR,18.2294,-65.9214
Junction,IL,37.6952,-88.2491
Junction,TX,30.4754,-99.7473
Junction,UT,38.2375,-112.2192
Junction City,AR,33.0440,-92.6843
Junction City,CA,40.7682,-123.0627
Junction City,GA,32.6080,-84.4574
Junction City,KS,39.0299,-96.8396
Junction City,KY,37.5822,-84.8028
Junction City,OH,39.6965,-82.3155
Junction City,OR,44.1988,-123.2300
Junction City,WI,44.5963,-89.7438
June Lake,CA,37.7773,-119.0825
Juneau,AK,58.3628,-134.5294
Juneau,WI,43.3792,-88.6845
Junedale,PA,40.9233,-75.9419
Juniata,NE,40.5867,-98.5150
Junior,WV,38.9786,-79.9497
Juntura,OR,43.8253,-118.0921
Jupiter,FL,26.9339,-80.1201
Justice,IL,41.7447,-87.8346
Justice,WV,37.5886,-81.8356
Justiceburg,TX,33.0428,-101.2025
Justin,TX,33.0734,-97.3093
Kaaawa,HI,21.5674,-157.8737
Kabetogama,MN,48.4218,-93.0895
Kadoka,SD,43.8446,-101.5523
Kahlotus,WA,46.6433,-118.5558
Kahoka,MO,40.4266,-91.7250
Kahuku,HI,21.6803,-157.9511
Kahului,HI,20.8814,-156.4783
Kaibeto,AZ,36.4848,-111.1370
Kailua,HI,21.4063,-157.7448
Kailua Kona,HI,19.6531,-155.9798
Kaiser,MO,38.1637,-92.5799
Kake,AK,56.9758,-133.9472
Kaktovik,AK,70.0429,-143.6313
Kalaheo,HI,21.9286,-159.5303
Kalama,WA,46.0112,-122.8166
Kalamazoo,MI,42.2736,-85.5457
Kalaupapa,HI,21.1929,-156.9835
Kaleva,MI,44.3692,-86.0467
Kalida,OH,40.9828,-84.1994
Kalispell,MT,48.2209,-114.2892
Kalkaska,MI,44.7355,-85.1207
Kalona,IA,41.4823,-91.7057
Kalskag,AK,61.5410,-160.3261
Kaltag,AK,64.3305,-158.7243
Kamas,UT,40.6414,-111.2619
Kamay,TX,33.8578,-98.8078
Kamiah,ID,46.2186,-116.0347
Kampsville,IL,39.3064,-90.6269
Kamrar,IA,42.3945,-93.7279
Kamuela,HI,20.0081,-155.7052
Kanab,UT,37.0721,-112.3454
Kanaranzi,MN,43.5498,-96.1113
Kanarraville,UT,37.5389,-113.1833
Kanawha,IA,42.9434,-93.7728
Kanawha Falls,WV,38.1079,-81.1628
Kanawha Head,WV,38.7618,-80.3727
Kandiyohi,MN,45.1232,-94.9473
Kane,IL,39.2037,-90.3719
Kane,PA,41.6619,-78.7978
Kaneohe,HI,21.4228,-157.8115
Kaneville,IL,41.8353,-88.5219
Kankakee,IL,41.1166,-87.8696
Kannapolis,NC,35.5020,-80.6359
Kanona,NY,42.3722,-77.3661
Kanopolis,KS,38.7091,-98.1575
Kanorado,KS,39.3438,-102.0015
Kanosh,UT,38.8014,-112.4367
Kansas,AL,33.9017,-87.5519
Kansas,IL,39.5525,-87.9352
Kansas,OH,41.2125,-83.3298
Kansas,OK,36.2161,-94.8114
Kansas City,KS,39.1157,-94.6271
Kansas City,MO,39.1001,-94.6018
Kansas City,MO,39.1632,-94.5699
Kansas City,MO,39.2139,-94.6332
Kansasville,WI,42.7012,-88.1180
Kantner,PA,40.1017,-78.9372
Kapaa,HI,22.0868,-159.3448
Kapaau,HI,20.2183,-155.7990
Kaplan,LA,29.9771,-92.3025
Kapolei,HI,21.3453,-158.0870
Kapowsin,WA,46.9858,-122.2244
Karbers Ridge,IL,37.4631,-88.3679
Karlsruhe,ND,48.1009,-100.5742
Karlstad,MN,48.5916,-96.5511
Karluk,AK,57.5700,-154.4583
Karnack,TX,32.6205,-94.2001
Karnak,IL,37.2911,-88.9739
Karnes City,TX,28.8828,-97.9071
Karns City,PA,41.0022,-79.7160
Karthaus,PA,41.1136,-78.0875
Karval,CO,38.7119,-103.5006
Kasbeer,IL,41.5050,-89.4633
Kasigluk,AK,60.8956,-162.5206
Kasilof,AK,60.3164,-151.2896
Kasota,MN,44.2842,-93.9453
Kasson,MN,44.0240,-92.7464
Kathleen,FL,28.2052,-82.0435
Kathleen,GA,32.4672,-83.6128
Kathryn,ND,46.7055,-97.9998
Katonah,NY,41.2709,-73.6841
Kattskill Bay,NY,43.5156,-73.6299
Katy,TX,29.7509,-95.8117
Katy,TX,29.8199,-95.7293
Kaufman,TX,32.5460,-96.2852
Kaukauna,WI,44.2956,-88.2717
Kaumakani,HI,21.9213,-159.6241
Kaunakakai,HI,21.0905,-156.9690
Kauneonga Lake,NY,41.6908,-74.8292
Kaw City,OK,36.7867,-96.8989
Kaweah,CA,36.4697,-118.9175
Kawkawlin,MI,43.6794,-83.9927
Kaycee,WY,43.7236,-106.5632
Kayenta,AZ,36.6883,-110.2652
Kaylor,SD,43.2024,-97.8201
Kaysville,UT,41.0375,-111.9326
Keaau,HI,19.5893,-154.9926
Kealakekua,HI,19.5261,-155.9300
Kealia,HI,22.1019,-159.3086
Keams Canyon,AZ,35.8082,-110.2845
Keansburg,NJ,40.4414,-74.1306
Kearney,MO,39.3652,-94.3621
Kearney,NE,40.7086,-99.1203
Kearneysville,WV,39.3220,-77.9588
Kearny,AZ,33.0594,-110.9123
Kearny,NJ,40.7647,-74.1471
Kearsarge,MI,47.2750,-88.4161
Kearsarge,NH,44.0753,-71.1181
Keasbey,NJ,40.5192,-74.3021
Keatchie,LA,32.1622,-93.9510
Keaton,KY,37.9680,-82.9561
Keauhou,HI,19.0481,-155.5714
Keavy,KY,37.0156,-84.1436
Kechi,KS,37.7958,-97.2792
Keedysville,MD,39.4563,-77.6944
Keego Harbor,MI,42.6104,-83.3396
Keeler,CA,36.4872,-117.8731
Keeling,VA,36.7156,-79.2783
Keen Mountain,VA,37.2022,-81.9864
Keene,CA,35.2375,-118.6076
Keene,KY,37.9411,-84.6519
Keene,ND,47.9405,-102.8906
Keene,NH,42.9431,-72.2895
Keene,NY,44.2555,-73.7915
Keene,OH,40.3450,-81.8683
Keene,TX,32.3937,-97.3287
Keene,VA,37.9313,-78.5614
Keene Valley,NY,44.1780,-73.7959
Keenes,IL,38.3691,-88.6481
Keenesburg,CO,40.0958,-104.4464
Keensburg,IL,38.3506,-87.8686
Keeseville,NY,44.5216,-73.5090
Keewatin,MN,47.3997,-93.0722
Keezletown,VA,38.4396,-78.7770
Kegley,WV,37.4084,-81.1401
Keiser,AR,35.6786,-90.0962
Keisterville,PA,39.9614,-79.7828
Keithsburg,IL,41.1043,-90.9263
Keithville,LA,32.3161,-93.8881
Keizer,OR,44.9903,-123.0250
Kekaha,HI,21.9735,-159.7199
Kelayres,PA,40.9008,-76.0039
Keldron,SD,45.9022,-101.9395
Kelford,NC,36.1992,-77.2592
Kell,IL,38.5133,-88.8411
Keller,TX,32.9344,-97.2514
Keller,VA,37.6192,-75.7642
Keller,WA,48.0236,-118.6547
Kellerman,AL,33.3406,-87.3047
Kellerton,IA,40.6861,-94.0607
Kelley,IA,41.9488,-93.6644
Kelleys Island,OH,41.6008,-82.7068
Kelliher,MN,47.9272,-94.5382
Kellnersville,WI,44.2249,-87.8036
Kellogg,IA,41.7184,-92.9114
Kellogg,ID,47.5431,-116.1253
Kellogg,MN,44.3054,-92.0084
Kelly,LA,32.0286,-92.1261
Kelly,NC,34.4591,-78.2942
Kelly,WY,43.6094,-110.5442
Kellysville,WV,37.3447,-80.9281
Kellyton,AL,32.9791,-86.0484
Kellyville,OK,35.9171,-96.2180
Kelseyville,CA,38.9462,-122.7817
Kelso,MO,37.1906,-89.5494
Kelso,TN,35.1024,-86.4683
Kelso,WA,46.1485,-122.8870
Kelton,PA,39.7955,-75.8758
Kemah,TX,29.5438,-95.0392
Kemblesville,PA,39.7489,-75.8244
Kemmerer,WY,41.7887,-110.5283
Kemp,OK,33.7694,-96.3539
Kemp,TX,32.3691,-96.2578
Kempner,TX,31.0731,-97.9721
Kempton,IL,40.9126,-88.2090
Kempton,IN,40.2759,-86.1887
Kempton,PA,40.6328,-75.8513
Kenai,AK,60.6145,-151.2546
Kenansville,FL,27.8767,-81.0500
Kenansville,NC,35.0396,-77.9677
Kenbridge,VA,36.9330,-78.1242
Kendalia,TX,29.9406,-98.5166
Kendall,KS,37.9637,-101.5969
Kendall,MI,42.3617,-85.8133
Kendall,NY,43.3284,-78.0304
Kendall,WI,43.8161,-90.4107
Kendall Park,NJ,40.4208,-74.5529
Kendallville,IN,41.4482,-85.2609
Kendleton,TX,29.4506,-95.9944
Kendrick,ID,46.6286,-116.6049
Kenduskeag,ME,44.9183,-68.9342
Kenedy,TX,28.8046,-97.8456
Kenefic,OK,34.1314,-96.3887
Kenesaw,NE,40.6165,-98.6572
Kenilworth,IL,42.0884,-87.7165
Kenilworth,NJ,40.6759,-74.2944
Kenilworth,UT,39.6883,-110.8050
Kenly,NC,35.6077,-78.1382
Kenmare,ND,48.6731,-102.0717
Kenmore,WA,47.7575,-122.2428
Kenna,NM,33.8417,-103.7700
Kenna,WV,38.6239,-81.6517
Kennan,WI,45.5350,-90.5910
Kennard,IN,39.9039,-85.5194
Kennard,NE,41.4711,-96.1619
Kennard,TX,31.3384,-95.1541
Kennebec,SD,43.8921,-99.8502
Kennebunk,ME,43.3881,-70.5478
Kennebunkport,ME,43.3923,-70.4729
Kennedale,TX,32.6432,-97.2139
Kennedy,AL,33.5750,-88.0517
Kennedy,MN,48.6337,-96.9614
Kennedy,NY,42.1508,-79.0964
Kennedyville,MD,39.2978,-75.9818
Kenner,LA,29.9912,-90.2479
Kennerdell,PA,41.2848,-79.7393
Kennesaw,GA,34.0287,-84.6047
Kenneth,MN,43.7637,-96.1089
Kennett,MO,36.2407,-90.0491
Kennett Square,PA,39.8550,-75.7000
Kennewick,WA,46.2109,-119.1680
Kenney,IL,40.1025,-89.0789
Kenney,TX,30.0475,-96.3267
Keno,OR,42.1755,-121.9724
Kenosha,WI,42.6052,-87.8299
Kenova,WV,38.3860,-82.5736
Kenoza Lake,NY,41.7778,-74.9354
Kensal,ND,47.2726,-98.7206
Kensett,AR,35.2299,-91.6697
Kensett,IA,43.3739,-93.1728
Kensington,KS,39.7692,-99.0308
Kensington,MD,39.0256,-77.0767
Kensington,MN,45.8176,-95.6945
Kensington,OH,40.7142,-80.9381
Kent,AL,32.6189,-85.9486
Kent,CT,41.7316,-73.4583
Kent,IL,42.3155,-89.9195
Kent,MN,46.4378,-96.6852
Kent,NY,43.3341,-78.1355
Kent,OH,41.1449,-81.3498
Kent,OR,45.0838,-120.6649
Kent,PA,40.5356,-79.2886
Kent,WA,47.3695,-122.1949
Kent City,MI,43.2362,-85.7399
Kentfield,CA,37.9522,-122.5561
Kentland,IN,40.7877,-87.4471
Kenton,DE,39.2275,-75.6633
Kenton,KY,38.8683,-84.4561
Kenton,OH,40.6404,-83.6111
Kenton,OK,36.8556,-102.9124
Kenton,TN,36.1906,-89.0229
Kents Hill,ME,44.4383,-70.0748
Kents Store,VA,37.8942,-78.1208
Kentwood,LA,30.8892,-90.4728
Kenvil,NJ,40.8819,-74.6210
Kenvir,KY,36.7776,-83.1606
Kenwood,CA,38.4168,-122.5547
Kenyon,MN,44.2552,-93.0197
Kenyon,RI,41.4777,-71.6840
Keo,AR,34.6041,-92.0078
Keokee,VA,36.8239,-82.9772
Keokuk,IA,40.4094,-91.3982
Keosauqua,IA,40.7424,-91.9704
Keota,IA,41.3504,-91.9641
Keota,OK,35.2645,-94.9028
Kerby,OR,42.2093,-123.6573
Kerens,TX,32.1275,-96.2298
Kerens,WV,39.0299,-79.7754
Kerhonkson,NY,41.7939,-74.3035
Kerkhoven,MN,45.2096,-95.3115
Kerman,CA,36.7306,-120.0724
Kermit,TX,31.8550,-103.0913
Kermit,WV,37.8642,-82.3741
Kernersville,NC,36.1165,-80.0831
Kernville,CA,35.7550,-118.4047
Kerr,OH,38.8728,-82.2608
Kerrick,MN,46.3792,-92.5780
Kerrick,TX,36.4956,-102.2422
Kerrville,TX,30.0416,-99.1408
Kersey,CO,40.3963,-104.5288
Kersey,PA,41.3563,-78.6015
Kershaw,SC,34.5578,-80.5546
Keshena,WI,44.9146,-88.6357
Keslers Cross Lanes,WV,38.2258,-80.9334
Kesley,IA,42.6857,-92.8535
Keswick,IA,41.4613,-92.2395
Keswick,VA,38.0013,-78.3404
Ketchikan,AK,55.3720,-131.6832
Ketchum,ID,43.6755,-114.3737
Ketchum,OK,36.5256,-95.0256
Kettle Falls,WA,48.6364,-118.0548
Kettle Island,KY,36.8093,-83.5892
Kettle River,MN,46.5029,-92.9047
Kettleman City,CA,36.0215,-119.9644
Kettlersville,OH,40.4389,-84.2614
Keuka Park,NY,42.6010,-77.1052
Kevil,KY,37.0872,-88.8764
Kevin,MT,48.7508,-111.9708
Kew Gardens,NY,40.7069,-73.8297
Kewadin,MI,45.0126,-85.3539
Kewanee,IL,41.2411,-89.9274
Kewanee,MO,36.6711,-89.5739
Kewanna,IN,41.0087,-86.4061
Kewaskum,WI,43.5214,-88.1925
Kewaunee,WI,44.4401,-87.5594
Key Biscayne,FL,25.6921,-80.1625
Key Colony Beach,FL,24.7205,-81.0188
Key Largo,FL,25.1402,-80.4061
Key West,FL,24.5653,-81.7622
Keyes,CA,37.5567,-120.9144
Keyes,OK,36.8003,-102.2361
Keyesport,IL,38.7388,-89.3063
Keymar,MD,39.5656,-77.2817
Keyport,NJ,40.4399,-74.1996
Keyport,WA,47.7022,-122.6197
Keyser,WV,39.4304,-78.9887
Keystone,IA,42.0156,-92.2179
Keystone,IN,40.5897,-85.2767
Keystone,NE,41.2621,-101.6282
Keystone,SD,43.9696,-103.3352
Keystone Heights,FL,29.7976,-81.9899
Keysville,GA,33.1719,-82.1834
Keysville,VA,37.0411,-78.4699
Keytesville,MO,39.4794,-92.9302
Kiahsville,WV,38.0777,-82.2562
Kiamesha Lake,NY,41.6838,-74.6724
Kiamichi Christian Mission,OK,34.5926,-94.9916
Kiana,AK,67.1803,-158.1522
Kidder,MO,39.7570,-94.1300
Kidron,OH,40.7408,-81.7450
Kiefer,OK,35.9447,-96.0650
Kiel,WI,43.9341,-87.9956
Kieler,WI,42.5814,-90.6025
Kiester,MN,43.5414,-93.7102
Kihei,HI,20.7441,-156.4475
Kila,MT,48.0744,-114.5104
Kilauea,HI,22.2119,-159.4122
Kilbourne,IL,40.1587,-90.0043
Kilbourne,LA,32.9994,-91.3150
Kilbourne,OH,40.3300,-82.9575
Kildare,TX,32.9431,-94.2481
Kilgore,NE,42.9146,-100.9884
Kilgore,TX,32.3836,-94.8653
Kilkenny,MN,44.3185,-93.5164
Kill Buck,NY,42.1410,-78.6426
Kill Devil Hills,NC,36.0088,-75.6757
Killarney,FL,28.5469,-81.6506
Killawog,NY,42.4006,-76.0211
Killbuck,OH,40.4933,-81.9837
Killdeer,ND,47.4109,-102.7762
Killduff,IA,41.6081,-92.9044
Killeen,TX,31.1170,-97.7261
Killen,AL,34.9016,-87.5082
Killington,VT,43.6634,-72.7963
Killingworth,CT,41.3696,-72.5712
Kilmarnock,VA,37.7162,-76.3820
Kilmichael,MS,33.4165,-89.5696
Kiln,MS,30.4089,-89.4350
Kim,CO,37.3312,-103.3583
Kimball,MN,45.3436,-94.3028
Kimball,NE,41.2321,-103.6602
Kimball,SD,43.7129,-98.9343
Kimball,WV,37.4256,-81.5069
Kimballton,IA,41.6352,-95.0553
Kimberling City,MO,36.6393,-93.4372
Kimberly,AL,33.7684,-86.8084
Kimberly,ID,42.5287,-114.3657
Kimberly,OR,44.7226,-119.5965
Kimberly,WI,44.2701,-88.3384
Kimberly,WV,38.1249,-81.3217
Kimberton,PA,40.1306,-75.5725
Kimbolton,OH,40.1665,-81.5304
Kimmell,IN,41.3631,-85.5187
Kimmswick,MO,38.3653,-90.3628
Kimper,KY,37.4696,-82.3180
Kinards,SC,34.3552,-81.7198
Kincaid,IL,39.5886,-89.4144
Kincaid,KS,38.0915,-95.1452
Kincaid,WV,38.0321,-81.2690
Kincheloe,MI,46.3663,-84.8461
Kinde,MI,43.9480,-82.9755
Kinder,LA,30.4607,-92.8693
Kinderhook,IL,39.6953,-91.1637
Kinderhook,NY,42.3767,-73.7183
Kindred,ND,46.6543,-97.0049
King,NC,36.2950,-80.3560
King,WI,44.2673,-89.1137
King And Queen Court House,VA,37.7176,-76.8631
King City,CA,36.2028,-121.1273
King City,MO,40.0652,-94.5234
King Cove,AK,55.0628,-162.3056
King Ferry,NY,42.6635,-76.6216
King George,VA,38.2811,-77.1260
King Hill,ID,42.9361,-115.2691
King Of Prussia,PA,40.0956,-75.3737
King Of Prussia,PA,40.1024,-75.4785
King Salmon,AK,58.7243,-156.6416
King William,VA,37.7202,-77.0998
Kingdom City,MO,38.9551,-91.9520
Kingfield,ME,44.9854,-70.1832
Kingfisher,OK,35.8636,-97.9473
Kingman,AZ,35.2584,-114.0569
Kingman,IN,39.9894,-87.3035
Kingman,KS,37.6362,-98.1093
Kingman,ME,45.5984,-68.2366
Kingmont,WV,39.4469,-80.1761
Kings Bay,GA,30.7917,-81.4969
Kings Beach,CA,39.2401,-120.0233
Kings Canyon National Pk,CA,36.7806,-119.0682
Kings Mills,OH,39.3556,-84.2486
Kings Mountain,KY,37.3818,-84.7148
Kings Mountain,NC,35.2516,-81.3806
Kings Park,NY,40.8861,-73.2438
Kingsburg,CA,36.5080,-119.5433
Kingsbury,IN,41.5275,-86.7000
Kingsbury,TX,29.6726,-97.8306
Kingsford,MI,45.7950,-88.0719
Kingsford Heights,IN,41.4806,-86.6917
Kingsland,AR,33.8600,-92.3014
Kingsland,GA,30.7977,-81.7075
Kingsland,TX,30.6662,-98.4475
Kingsley,IA,42.6191,-95.9762
Kingsley,MI,44.5756,-85.5262
Kingsley,PA,41.7659,-75.7831
Kingsport,TN,36.5528,-82.5540
Kingston,AR,36.0485,-93.5044
Kingston,GA,34.2501,-84.9973
Kingston,ID,47.5509,-116.2887
Kingston,IL,42.1057,-88.7695
Kingston,MA,41.9950,-70.7410
Kingston,MI,43.3982,-83.1847
Kingston,MO,39.6508,-94.0827
Kingston,NH,42.9133,-71.0639
Kingston,NJ,40.3805,-74.6161
Kingston,NY,41.9301,-74.0236
Kingston,OH,39.4414,-82.8488
Kingston,OK,33.9517,-96.7120
Kingston,PA,41.2742,-75.8903
Kingston,RI,41.4803,-71.5292
Kingston,TN,35.8528,-84.4971
Kingston,UT,38.2158,-112.2049
Kingston,WA,47.8108,-122.5255
Kingston,WI,43.6924,-89.1320
Kingston Mines,IL,40.4903,-89.8068
Kingston Springs,TN,36.0953,-87.1156
Kingstree,SC,33.6878,-79.7832
Kingsville,MD,39.4558,-76.4147
Kingsville,MO,38.8178,-94.0462
Kingsville,OH,41.8723,-80.6601
Kingsville,TX,27.5074,-97.8596
Kingwood,TX,30.0683,-95.2163
Kingwood,WV,39.4819,-79.7063
Kinmundy,IL,38.7559,-88.8130
Kinnear,WY,43.1318,-108.6154
Kinney,MN,47.5142,-92.7306
Kinross,MI,46.4166,-84.7511
Kinsale,VA,38.0505,-76.5855
Kinsey,MT,46.5770,-105.7446
Kinsley,KS,37.9247,-99.4116
Kinsman,IL,41.1618,-88.4805
Kinsman,OH,41.4354,-80.5765
Kinston,AL,31.2621,-86.0695
Kinston,NC,35.2783,-77.5860
Kinta,OK,35.1971,-95.3175
Kintnersville,PA,40.5310,-75.2117
Kintyre,ND,46.5736,-99.9705
Kinzers,PA,40.0053,-76.0493
Kiowa,CO,39.3240,-104.4523
Kiowa,KS,37.0172,-98.4859
Kiowa,OK,34.7278,-95.9328
Kipling,NC,35.4797,-78.8214
Kipling,OH,39.9961,-81.5008
Kipnuk,AK,59.9232,-164.1010
Kipton,OH,41.2681,-82.3022
Kirby,AR,34.2552,-93.6167
Kirby,OH,40.8131,-83.4186
Kirby,WY,43.8044,-108.1808
Kirbyville,MO,36.6426,-93.1683
Kirbyville,TX,30.6882,-93.9279
Kirk,CO,39.6171,-102.4776
Kirkersville,OH,39.9594,-82.5958
Kirkland,AZ,34.4541,-112.8966
Kirkland,IL,42.1014,-88.8685
Kirkland,WA,47.6786,-122.1894
Kirklin,IN,40.2031,-86.3324
Kirkman,IA,41.7308,-95.2671
Kirksey,KY,36.6731,-88.4238
Kirksville,MO,40.1908,-92.5856
Kirkville,IA,41.1179,-92.4699
Kirkville,NY,43.0981,-75.9550
Kirkwood,CA,38.7028,-120.0717
Kirkwood,DE,39.5717,-75.6967
Kirkwood,IL,40.8638,-90.7457
Kirkwood,NY,42.0695,-75.7967
Kirkwood,PA,39.8257,-76.0933
Kiron,IA,42.1794,-95.3115
Kirtland,NM,36.7410,-108.3510
Kirtland Afb,NM,35.0362,-106.5594
Kirvin,TX,31.7664,-96.3300
Kirwin,KS,39.6717,-99.1204
Kismet,KS,37.1336,-100.7506
Kissee Mills,MO,36.6704,-93.0377
Kissimmee,FL,28.1248,-81.4590
Kissimmee,FL,28.3051,-81.4242
Kistler,WV,37.7561,-81.8603
Kit Carson,CA,38.4319,-120.5708
Kit Carson,CO,38.8040,-102.8198
Kite,GA,32.7078,-82.5274
Kite,KY,37.2709,-82.7847
Kittanning,PA,40.8155,-79.5107
Kittery,ME,43.0921,-70.7429
Kittery Point,ME,43.0976,-70.7121
Kittitas,WA,46.9833,-120.4158
Kittredge,CO,39.6547,-105.2992
Kittrell,NC,36.2042,-78.4241
Kitts Hill,OH,38.5649,-82.5489
Kitty Hawk,NC,36.1007,-75.7254
Kitzmiller,MD,39.3963,-79.2025
Kivalina,AK,67.6659,-163.7336
Klamath,CA,41.5421,-124.0339
Klamath Falls,OR,42.2296,-121.7870
Klamath River,CA,41.8637,-122.8197
Klawock,AK,55.5526,-133.0555
Kleinfeltersville,PA,40.3008,-76.2494
Klemme,IA,43.0136,-93.5879
Klickitat,WA,45.7515,-121.2292
Klingerstown,PA,40.6676,-76.6507
Klondike,TX,33.3034,-95.8018
Knapp,WI,44.9545,-92.0752
Kneeland,CA,40.7126,-123.9464
Knickerbocker,TX,31.2664,-100.6228
Knierim,IA,42.4319,-94.4532
Knife River,MN,46.9494,-91.7789
Knifley,KY,37.2319,-85.1128
Knightdale,NC,35.7789,-78.4898
Knights Landing,CA,38.8220,-121.7200
Knightsen,CA,37.9818,-121.6721
Knightstown,IN,39.8060,-85.5261
Knightsville,IN,39.5258,-87.1125
Knippa,TX,29.2911,-99.6372
Knob Lick,KY,36.9969,-85.7137
Knob Lick,MO,37.6753,-90.3672
Knob Noster,MO,38.7469,-93.5564
Knobel,AR,36.3176,-90.5990
Knott,TX,32.4125,-101.6517
Knotts Island,NC,36.5232,-75.9702
Knowlesville,NY,43.2419,-78.3108
Knox,IN,41.2901,-86.6107
Knox,ND,48.3388,-99.6713
Knox,NY,42.6711,-74.1161
Knox,PA,41.2245,-79.5194
Knox City,MO,40.1384,-92.0077
Knox City,TX,33.4183,-99.8137
Knox Dale,PA,41.0861,-79.0267
Knoxboro,NY,42.9864,-75.5175
Knoxville,AL,32.9824,-87.7919
Knoxville,AR,35.3749,-93.3618
Knoxville,GA,32.6472,-83.9430
Knoxville,IA,41.3164,-93.0954
Knoxville,IL,40.9107,-90.2871
Knoxville,MD,39.3479,-77.6513
Knoxville,PA,41.9596,-77.4357
Knoxville,TN,35.9609,-83.9189
Kobuk,AK,66.9123,-157.0669
Kodak,TN,35.9722,-83.6171
Kodiak,AK,57.7820,-152.5002
Koeltztown,MO,38.3235,-92.0484
Kohler,WI,43.7381,-87.7867
Kokomo,IN,40.4988,-86.1453
Kokomo,MS,31.1777,-89.9824
Koleen,IN,38.9714,-86.8289
Koloa,HI,21.9083,-159.4749
Konawa,OK,34.9708,-96.7343
Kongiganak,AK,60.9888,-149.4116
Koosharem,UT,38.5103,-111.8806
Kooskia,ID,46.1259,-115.9240
Kootenai,ID,48.3103,-116.5125
Koppel,PA,40.8342,-80.3225
Kopperl,TX,32.1035,-97.5421
Kopperston,WV,37.7483,-81.5697
Korbel,CA,40.8244,-123.8594
Kosciusko,MS,33.0446,-89.5724
Koshkonong,MO,36.6056,-91.6304
Kosse,TX,31.3147,-96.6195
Kossuth,PA,41.2902,-79.5882
Kotlik,AK,63.0295,-163.5542
Kotzebue,AK,66.8465,-162.1265
Kountze,TX,30.3703,-94.3259
Kouts,IN,41.3091,-87.0240
Koyuk,AK,64.9317,-161.1500
Koyukuk,AK,64.8833,-157.7000
Kraemer,LA,29.8667,-90.6969
Krakow,WI,44.7635,-88.2593
Kramer,ND,48.6867,-100.6716
Kranzburg,SD,44.8793,-96.9470
Kreamer,PA,40.8031,-76.9642
Krebs,OK,34.9278,-95.7156
Kremlin,MT,48.5600,-110.0513
Kremlin,OK,36.5207,-97.8542
Kremmling,CO,40.0632,-106.3955
Kresgeville,PA,40.8982,-75.5074
Kress,TX,34.3737,-101.7370
Krotz Springs,LA,30.5379,-91.7563
Krum,TX,33.2734,-97.2675
Krypton,KY,37.3183,-83.3059
Kualapuu,HI,21.1601,-157.0277
Kula,HI,20.7534,-156.3260
Kulm,ND,46.3073,-98.9427
Kulpmont,PA,40.7933,-76.4744
Kulpsville,PA,40.2428,-75.3369
Kuna,ID,43.4870,-116.3819
Kunia,HI,21.4764,-158.0667
Kunkle,OH,41.6367,-84.4953
Kunkletown,PA,40.8999,-75.4760
Kure Beach,NC,33.9927,-77.9099
Kurten,TX,30.7869,-96.2639
Kurthwood,LA,31.3372,-93.1656
Kurtistown,HI,19.5706,-155.0207
Kurtz,IN,38.9731,-86.1294
Kuttawa,KY,37.0619,-88.1498
Kutztown,PA,40.5214,-75.7774
Kwethluk,AK,60.7718,-161.3885
Kwigillingok,AK,59.8810,-162.9849
Kyburz,CA,38.7800,-120.2553
Kykotsmovi Village,AZ,35.5791,-110.3688
Kyle,SD,43.4394,-102.2124
Kyle,TX,30.0043,-97.8371
Kyle,WV,37.4081,-81.4258
Kylertown,PA,40.9933,-78.1675
Kyles Ford,TN,36.5721,-83.0507
La Barge,WY,42.2473,-110.2109
La Belle,MO,40.1164,-91.9171
La Belle,PA,39.9738,-79.9370
La Blanca,TX,26.2925,-98.0375
La Canada Flintridge,CA,34.2093,-118.1990
La Center,KY,37.0830,-88.9730
La Center,WA,45.8806,-122.6240
La Conner,WA,48.4093,-122.5313
La Coste,TX,29.3082,-98.8125
La Crescent,MN,43.8307,-91.3263
La Crescenta,CA,34.2316,-118.2457
La Crosse,FL,29.8431,-82.4050
La Crosse,IN,41.3157,-86.8682
La Crosse,KS,38.5311,-99.3097
La Crosse,VA,36.6861,-78.0953
La Crosse,WI,43.7989,-91.2175
La Farge,WI,43.6170,-90.6483
La Fargeville,NY,44.1987,-75.9569
La Fayette,GA,34.6920,-85.2602
La Fayette,IL,41.1095,-89.9575
La Fayette,KY,36.6582,-87.6563
La Fayette,NY,42.8910,-76.1061
La Feria,TX,26.1666,-97.8261
La Follette,TN,36.3690,-84.1116
La Fontaine,IN,40.6909,-85.6971
La France,SC,34.6119,-82.7653
La Grande,OR,45.3304,-118.0852
La Grande,WA,46.8344,-122.3175
La Grange,AR,34.6564,-90.7328
La Grange,CA,37.6789,-120.3581
La Grange,IL,41.8013,-87.8753
La Grange,KY,38.4029,-85.3928
La Grange,MO,40.0391,-91.5182
La Grange,NC,35.3054,-77.7686
La Grange,TN,35.0453,-89.2436
La Grange,TX,29.9040,-96.8860
La Grange Park,IL,41.8347,-87.8617
La Habra,CA,33.9322,-117.9497
La Harpe,IL,40.5846,-90.9687
La Harpe,KS,37.9224,-95.3232
La Honda,CA,37.2723,-122.2939
La Jara,CO,37.2907,-106.0054
La Jara,NM,36.1194,-106.9923
La Jolla,CA,32.8455,-117.2521
La Jose,PA,40.8301,-78.6234
La Joya,NM,34.3434,-106.8428
La Joya,TX,26.2467,-98.4811
La Junta,CO,37.9916,-103.5491
La Loma,NM,35.1916,-105.0969
La Luz,NM,32.9774,-105.9534
La Madera,NM,36.2464,-106.1344
La Marque,TX,29.3676,-94.9742
La Mesa,CA,32.7604,-117.0115
La Mesa,NM,32.0823,-106.7011
La Mirada,CA,33.8953,-118.0024
La Moille,IL,41.5376,-89.2970
La Monte,MO,38.7753,-93.4313
La Motte,IA,42.3044,-90.6177
La Palma,CA,33.8490,-118.0406
La Pine,OR,43.7091,-121.5194
La Place,IL,39.8061,-88.7081
La Place,LA,30.0777,-90.4895
La Plata,MD,38.5257,-76.9865
La Plata,MO,40.0208,-92.5077
La Plata,NM,36.9576,-108.1792
La Plata,PR,18.1564,-66.2333
La Plume,PA,41.5567,-75.7542
La Pointe,WI,46.8467,-90.6036
La Porte,IN,41.5994,-86.7077
La Porte,TX,29.6601,-95.0572
La Porte City,IA,42.3416,-92.1862
La Prairie,IL,40.1572,-90.9844
La Pryor,TX,28.9488,-99.8507
La Puente,CA,34.0294,-117.9341
La Push,WA,47.9089,-124.6353
La Quinta,CA,34.3278,-118.6406
La Rose,IL,40.9822,-89.2353
La Rue,OH,40.5789,-83.3734
La Russell,MO,37.1739,-94.0329
La Sal,UT,38.3122,-109.2475
La Salle,CO,40.3211,-104.7268
La Salle,IL,41.3442,-89.0955
La Salle,MI,41.8585,-83.4715
La Salle,MN,44.0708,-94.5694
La Salle,TX,28.7914,-96.6689
La Valle,WI,43.5699,-90.1280
La Vergne,TN,36.0127,-86.5600
La Verkin,UT,37.2011,-113.2689
La Verne,CA,34.1159,-117.7708
La Vernia,TX,29.3509,-98.1130
La Veta,CO,37.4983,-105.0130
La Villa,TX,26.2983,-97.9283
La Vista,NE,41.1720,-96.0403
La Ward,TX,28.8436,-96.4639
Labadie,MO,38.5200,-90.8770
Labadieville,LA,29.8345,-90.9613
Labelle,FL,26.7321,-81.4340
Labolt,SD,45.0415,-96.6892
Lac Du Flambeau,WI,45.9718,-89.8901
Lacarne,OH,41.5278,-83.0240
Lacassine,LA,30.1456,-92.8293
Lacey,WA,47.0240,-122.7827
Lacey Spring,VA,38.5411,-78.7667
Laceys Spring,AL,34.4996,-86.6129
Laceyville,PA,41.6662,-76.1426
Lachine,MI,45.0429,-83.7491
Lackawaxen,PA,41.5043,-75.0749
Lackey,KY,37.4643,-82.7980
Lackey,VA,37.2308,-76.5531
Laclede,ID,48.1703,-116.7550
Laclede,MO,39.7837,-93.1680
Lacombe,LA,30.3220,-89.9297
Lacon,IL,41.0216,-89.4008
Lacona,IA,41.1988,-93.3838
Lacona,NY,43.6429,-76.0503
Laconia,IN,38.0527,-86.0844
Laconia,NH,43.5387,-71.4529
Laconia,TN,35.2822,-89.2519
Lacoochee,FL,28.4656,-82.1722
Lacota,MI,42.4136,-86.1297
Lacrosse,WA,46.7717,-117.7703
Lacygne,KS,38.3434,-94.7593
Ladd,IL,41.3825,-89.2189
Laddonia,MO,39.2593,-91.6893
Ladera Ranch,CA,33.5554,-117.6384
Ladiesburg,MD,39.5764,-77.2653
Ladoga,IN,39.9132,-86.8031
Ladonia,TX,33.4245,-95.9455
Ladora,IA,41.7564,-92.1873
Ladson,SC,32.9930,-80.1257
Lady Lake,FL,28.9172,-81.9230
Ladys Island,SC,32.4446,-80.6412
Ladysmith,VA,38.0175,-77.5156
Ladysmith,WI,45.4719,-91.1088
Lafayette,AL,32.9252,-85.4426
Lafayette,CA,37.8961,-122.1119
Lafayette,CO,39.9980,-105.0963
Lafayette,IN,40.4177,-86.8884
Lafayette,LA,30.2361,-92.0083
Lafayette,MN,44.4073,-94.4365
Lafayette,NJ,41.0761,-74.6912
Lafayette,OH,40.7592,-83.9483
Lafayette,OR,45.2466,-123.1114
Lafayette,TN,36.5390,-86.0242
Lafayette Hill,PA,40.0896,-75.2601
Lafe,AR,36.2155,-90.5070
Lafferty,OH,40.1117,-81.0183
Lafitte,LA,29.5622,-90.0566
Lafox,IL,41.8864,-88.4089
Lagrange,GA,33.0340,-85.0395
Lagrange,IN,41.6520,-85.4040
Lagrange,ME,45.1789,-68.8345
Lagrange,OH,41.2423,-82.1279
Lagrange,WY,41.6423,-104.1974
Lagrangeville,NY,41.6615,-73.7450
Lagro,IN,40.8199,-85.7204
Laguna,NM,35.0853,-107.1058
Laguna Beach,CA,33.5429,-117.7724
Laguna Hills,CA,33.6003,-117.7085
Laguna Niguel,CA,33.5225,-117.7067
Laguna Park,TX,31.8592,-97.3794
Laguna Woods,CA,33.6087,-117.7311
Lagunitas,CA,38.0139,-122.7016
Lahaina,HI,20.9174,-156.6772
Lahaska,PA,40.3464,-75.0319
Lahmansville,WV,39.1642,-79.0433
Lahoma,OK,36.3850,-98.0727
Laie,HI,21.6595,-157.9394
Laings,OH,39.7169,-81.0125
Laingsburg,MI,42.8627,-84.3530
Laird Hill,TX,32.3531,-94.9053
Lairdsville,PA,41.2335,-76.5889
Lajas,PR,18.0500,-67.0617
Lake,MI,43.8502,-84.9786
Lake,MS,32.3459,-89.3414
Lake,WV,37.9462,-81.9512
Lake Alfred,FL,28.0895,-81.7271
Lake Andes,SD,43.1303,-98.4964
Lake Ann,MI,44.7317,-85.8528
Lake Ariel,PA,41.4395,-75.4313
Lake Arrowhead,CA,34.2483,-117.1883
Lake Arthur,LA,30.0910,-92.6825
Lake Arthur,NM,33.0171,-104.4064
Lake Benton,MN,44.2782,-96.2910
Lake Bluff,IL,42.2820,-87.8560
Lake Bronson,MN,48.7787,-96.6431
Lake Butler,FL,30.0035,-82.3828
Lake Charles,LA,30.2285,-93.1880
Lake Cicott,IN,40.7642,-86.5242
Lake City,AR,35.8171,-90.4423
Lake City,CA,41.6682,-120.1814
Lake City,CO,37.9868,-107.3020
Lake City,FL,30.0949,-82.7117
Lake City,IA,42.2705,-94.7458
Lake City,KS,37.3569,-98.8098
Lake City,MI,44.3619,-85.2074
Lake City,MN,44.4305,-92.2838
Lake City,PA,42.0204,-80.3388
Lake City,SC,33.8655,-79.7418
Lake City,SD,45.6899,-97.3481
Lake City,TN,36.2032,-84.1386
Lake Clear,NY,44.3594,-74.2433
Lake Como,FL,29.4836,-81.5731
Lake Como,PA,41.8666,-75.3231
Lake Cormorant,MS,34.8937,-90.1608
Lake Creek,TX,33.4675,-95.6221
Lake Crystal,MN,44.1202,-94.2184
Lake Dallas,TX,33.1219,-97.0237
Lake Delton,WI,43.6011,-89.7936
Lake Elmo,MN,44.9946,-92.9056
Lake Elmore,VT,44.5617,-72.5989
Lake Elsinore,CA,33.6598,-117.3485
Lake Forest,CA,33.6400,-117.6882
Lake Forest,IL,42.2374,-87.8482
Lake Fork,ID,44.8917,-116.0786
Lake Fork,IL,39.9706,-89.3500
Lake Geneva,FL,29.7719,-82.0103
Lake Geneva,WI,42.5881,-88.4554
Lake George,CO,39.0342,-105.4347
Lake George,MI,43.9633,-84.9469
Lake George,MN,47.2150,-95.0021
Lake George,NY,43.4167,-73.6975
Lake Grove,NY,40.8567,-73.1168
Lake Hamilton,FL,28.0442,-81.6281
Lake Harbor,FL,26.6933,-80.8050
Lake Harmony,PA,41.0542,-75.6331
Lake Havasu City,AZ,34.4929,-114.3081
Lake Helen,FL,28.9806,-81.2334
Lake Hiawatha,NJ,40.8825,-74.3830
Lake Hill,NY,42.0733,-74.2123
Lake Hopatcong,NJ,40.9659,-74.6144
Lake Hubert,MN,46.5022,-94.2572
Lake Hughes,CA,34.6683,-118.4447
Lake Huntington,NY,41.6782,-74.9949
Lake In The Hills,IL,42.1817,-88.3303
Lake Isabella,CA,35.6179,-118.4413
Lake Jackson,TX,29.0393,-95.4401
Lake Junaluska,NC,35.5259,-82.9702
Lake Katrine,NY,41.9918,-73.9924
Lake Leelanau,MI,44.9856,-85.7329
Lake Lillian,MN,44.9660,-94.9014
Lake Linden,MI,47.1714,-88.4118
Lake Lure,NC,35.4464,-82.1752
Lake Luzerne,NY,43.3165,-73.8228
Lake Lynn,PA,39.7501,-79.8618
Lake Mary,FL,28.7524,-81.3381
Lake Mc Donald,MT,48.7442,-114.0497
Lake Mills,IA,43.4167,-93.5336
Lake Mills,WI,43.0816,-88.9133
Lake Milton,OH,41.1014,-80.9724
Lake Minchumina,AK,63.9039,-152.4301
Lake Monroe,FL,28.8244,-81.3272
Lake Montezuma,AZ,34.6322,-111.7772
Lake Nebagamon,WI,46.5023,-91.7402
Lake Norden,SD,44.5844,-97.2009
Lake Odessa,MI,42.7863,-85.1357
Lake Orion,MI,42.7208,-83.2917
Lake Oswego,OR,45.4093,-122.6847
Lake Ozark,MO,38.2091,-92.6776
Lake Panasoffkee,FL,28.7953,-82.1363
Lake Park,GA,30.6906,-83.1753
Lake Park,IA,43.4452,-95.3216
Lake Park,MN,46.8176,-96.0670
Lake Peekskill,NY,41.3374,-73.8838
Lake Placid,FL,27.2945,-81.3649
Lake Placid,NY,44.2750,-73.9864
Lake Pleasant,MA,42.5564,-72.5186
Lake Pleasant,NY,43.4725,-74.4226
Lake Powell,UT,37.4599,-110.5069
Lake Preston,SD,44.3673,-97.3563
Lake Providence,LA,32.8071,-91.1906
Lake Saint Louis,MO,38.7936,-90.7854
Lake Spring,MO,37.7825,-91.6786
Lake Station,IN,41.5686,-87.2622
Lake Stevens,WA,48.0171,-122.0672
Lake Tomahawk,WI,45.8035,-89.5856
Lake Toxaway,NC,35.1451,-82.9191
Lake View,IA,42.3154,-95.0486
Lake View,NY,42.7215,-78.9327
Lake View,SC,34.3445,-79.1929
Lake Villa,IL,42.4148,-88.0633
Lake Village,AR,33.3274,-91.2825
Lake Village,IN,41.1387,-87.4454
Lake Waccamaw,NC,34.3394,-78.5102
Lake Wales,FL,27.9037,-81.5488
Lake Wilson,MN,44.0095,-95.9797
Lake Winola,PA,41.5194,-75.8444
Lake Worth,FL,26.6155,-80.1469
Lake Zurich,IL,42.1967,-88.0703
Lakebay,WA,47.2474,-122.7427
Lakefield,MN,43.6545,-95.1848
Lakehead,CA,40.9588,-122.3593
Lakehills,TX,29.6315,-98.9221
Lakehurst,NJ,40.0201,-74.2909
Lakeland,FL,28.0381,-81.9392
Lakeland,GA,31.0381,-83.0889
Lakeland,LA,30.5799,-91.4217
Lakeland,MI,42.4633,-83.8442
Lakeland,MN,44.9394,-92.7716
Lakemont,GA,34.7617,-83.4038
Lakemont,NY,42.5161,-76.9283
Lakemore,OH,41.0208,-81.4361
Lakeport,CA,39.0551,-122.9151
Lakeshore,CA,37.2530,-119.1738
Lakeshore,MS,30.2464,-89.4358
Lakeside,AZ,34.1662,-109.9869
Lakeside,CA,32.8562,-116.9201
Lakeside,CT,41.6900,-73.2382
Lakeside,MI,41.8485,-86.6694
Lakeside,MT,48.0215,-114.2266
Lakeside,NE,42.0496,-102.4437
Lakeside,OR,43.5833,-124.1624
Lakeside Marblehead,OH,41.5291,-82.7714
Laketon,IN,40.9742,-85.8358
Laketown,UT,41.8107,-111.2689
Lakeview,AR,36.3973,-92.5044
Lakeview,MI,43.4269,-85.2924
Lakeview,NC,35.2436,-79.3089
Lakeview,OH,40.5030,-83.9081
Lakeview,OR,42.1854,-120.3775
Lakeview,TX,34.6724,-100.7259
Lakeville,CT,41.9516,-73.4377
Lakeville,IN,41.5253,-86.2714
Lakeville,MA,41.8374,-70.9582
Lakeville,MI,42.8214,-83.1503
Lakeville,MN,44.6749,-93.2578
Lakeville,NY,42.8296,-77.7149
Lakeville,OH,40.6520,-82.1455
Lakeville,PA,41.4223,-75.2607
Lakewood,CA,33.8517,-118.1328
Lakewood,IL,39.3134,-88.8715
Lakewood,NJ,40.0850,-74.2042
Lakewood,NM,32.6317,-104.3767
Lakewood,NY,42.0973,-79.3291
Lakewood,OH,41.4827,-81.7971
Lakewood,PA,41.8171,-75.3838
Lakewood,WA,47.1229,-122.5293
Lakewood,WI,45.3163,-88.5032
Lakin,KS,37.9382,-101.2713
Lakota,IA,43.3953,-94.0705
Lakota,ND,48.0357,-98.3415
Lamar,AR,35.4349,-93.3552
Lamar,CO,38.0841,-102.6192
Lamar,IN,38.0479,-86.9629
Lamar,MO,37.5002,-94.2703
Lamar,MS,34.9271,-89.3163
Lamar,OK,35.0836,-96.1142
Lamar,PA,41.0161,-77.5314
Lamar,SC,34.1890,-80.0301
Lamartine,PA,41.2225,-79.6342
Lambert,MS,34.1837,-90.2630
Lambert,MT,47.7459,-104.5987
Lambert Lake,ME,45.5458,-67.5275
Lamberton,MN,44.2378,-95.2739
Lambertville,MI,41.7531,-83.6259
Lambertville,NJ,40.3731,-74.9266
Lambrook,AR,34.3356,-90.9675
Lambsburg,VA,36.5775,-80.7601
Lame Deer,MT,45.6032,-106.5654
Lamesa,TX,32.7367,-101.9569
Lamoille,NV,40.7281,-115.4775
Lamona,WA,47.3594,-118.4814
Lamoni,IA,40.6229,-93.9349
Lamont,CA,35.2571,-118.9124
Lamont,FL,30.3653,-83.9003
Lamont,IA,42.5946,-91.6701
Lamont,KS,38.1356,-96.1356
Lamont,MI,43.0086,-85.9061
Lamont,OK,36.6939,-97.5601
Lamont,WA,47.1730,-117.8302
Lamoure,ND,46.3620,-98.3002
Lampasas,TX,31.0680,-98.1834
Lampe,MO,36.5767,-93.4516
Lampeter,PA,39.9900,-76.2400
Lamy,NM,35.4311,-105.9409
Lanagan,MO,36.6060,-94.4551
Lanai City,HI,20.8293,-156.9210
Lanark,IL,42.0935,-89.8247
Lanark,WV,37.8275,-81.1464
Lanark Village,FL,29.8833,-84.5958
Lancaster,CA,34.6909,-118.1491
Lancaster,IL,38.5374,-87.8712
Lancaster,KS,39.5912,-95.3089
Lancaster,KY,37.6584,-84.5969
Lancaster,MA,42.4510,-71.6868
Lancaster,MN,48.8820,-96.8137
Lancaster,MO,40.5253,-92.5264
Lancaster,NH,44.4921,-71.5591
Lancaster,NY,42.9017,-78.6631
Lancaster,OH,39.7187,-82.6031
Lancaster,PA,40.0754,-76.3199
Lancaster,SC,34.7490,-80.7616
Lancaster,TN,36.0954,-85.8551
Lancaster,TX,32.6161,-96.7830
Lancaster,VA,37.7501,-76.5102
Lancaster,WI,42.8445,-90.7109
Lance Creek,WY,43.2316,-104.5450
Lancing,TN,36.1456,-84.7135
Land O Lakes,FL,28.2682,-82.4650
Land O Lakes,WI,46.1563,-89.3218
Landenberg,PA,39.7696,-75.7807
Lander,WY,42.8597,-108.7383
Landers,CA,34.4031,-116.5917
Landing,NJ,40.9087,-74.6554
Landingville,PA,40.6261,-76.1239
Landis,NC,35.5435,-80.6129
Landisburg,PA,40.3326,-77.3191
Landisville,NJ,39.5239,-74.9377
Landisville,PA,40.0883,-76.4150
Lando,SC,34.7761,-81.0103
Landrum,SC,35.1565,-82.2115
Lane,IL,40.1225,-88.8556
Lane,KS,38.4375,-95.0979
Lane,OK,34.2691,-95.9685
Lane,SC,33.5083,-79.8715
Lane,SD,44.0674,-98.4065
Lane City,TX,29.2158,-96.0261
Laneburg,AR,33.6850,-93.3467
Lanesboro,IA,42.1747,-94.6903
Lanesboro,MA,42.5420,-73.2487
Lanesboro,MN,43.7174,-91.9877
Lanesboro,PA,41.9569,-75.5853
Lanesville,IN,38.2448,-85.9593
Lanesville,NY,42.1891,-74.1971
Lanett,AL,32.8616,-85.2161
Laneview,VA,37.7681,-76.7117
Laneville,TX,31.9508,-94.8660
Lanexa,VA,37.4194,-76.9027
Langdon,ND,48.7866,-98.3566
Langeloth,PA,40.3650,-80.4142
Langford,SD,45.6174,-97.7925
Langhorne,PA,40.1751,-74.9151
Langley,AR,34.3140,-93.8509
Langley,KY,37.5381,-82.7976
Langley,OK,36.4639,-95.0475
Langley,SC,33.5178,-81.8442
Langley,WA,48.0187,-122.4530
Langlois,OR,42.9154,-124.4413
Langston,AL,34.4978,-86.1056
Langston,OK,35.9450,-97.2550
Langsville,OH,39.0563,-82.2312
Langtry,TX,29.8083,-101.5583
Langworthy,IA,42.1911,-91.2239
Lanham,MD,38.9672,-76.8519
Lankin,ND,48.2952,-98.0070
Lannon,WI,43.1497,-88.1639
Lanoka Harbor,NJ,39.8620,-74.1668
Lansdale,PA,40.2378,-75.2955
Lansdowne,PA,39.9378,-75.2649
Lanse,MI,46.7704,-88.4210
Lanse,PA,40.9750,-78.1297
Lansford,ND,48.6254,-101.3858
Lansford,PA,40.8314,-75.8828
Lansing,IA,43.3661,-91.2660
Lansing,IL,41.5660,-87.5446
Lansing,KS,39.2502,-94.8994
Lansing,MI,42.7323,-84.5560
Lansing,MI,42.7335,-84.6391
Lansing,MN,43.7453,-92.9700
Lansing,NC,36.5176,-81.5269
Lansing,NY,42.5645,-76.5375
Lansing,OH,40.0756,-80.7903
Lansing,WV,38.1108,-81.0277
Lantry,SD,40.0167,-101.4333
Laona,WI,45.5534,-88.6715
Laotto,IN,41.2991,-85.1901
Lapaz,IN,41.4578,-86.3089
Lapeer,MI,43.0579,-83.3332
Lapel,IN,40.0854,-85.8440
Lapine,AL,31.9854,-86.2785
Lapoint,UT,40.4003,-109.8041
Laporte,CO,40.6347,-105.1488
Laporte,MN,47.2368,-94.7772
Laporte,PA,41.4239,-76.4944
Lapwai,ID,46.4124,-116.7902
Laquey,MO,37.7494,-92.3379
Laramie,WY,41.3129,-105.5811
Larchmont,NY,40.9351,-73.7571
Larchwood,IA,43.4387,-96.4252
Laredo,MO,40.0144,-93.4407
Laredo,TX,27.5155,-99.4986
Lares,PR,18.2967,-66.8775
Largo,FL,27.9163,-82.7996
Larimer,PA,40.3518,-79.7366
Larimore,ND,47.9040,-97.6518
Larkspur,CA,37.9367,-122.5362
Larkspur,CO,39.2011,-104.8546
Larned,KS,38.1796,-99.1124
Larose,LA,29.5722,-90.3817
Larrabee,IA,42.8628,-95.5812
Larsen,WI,44.1984,-88.6963
Larsen Bay,AK,57.5383,-153.9800
Larslan,MT,48.5822,-106.2835
Larue,TX,32.1608,-95.5927
Larwill,IN,41.1646,-85.6139
Las Animas,CO,38.0655,-103.2085
Las Cruces,NM,32.3216,-106.7460
Las Marias,PR,18.2953,-67.1467
Las Piedras,PR,18.1833,-65.8633
Las Vegas,NM,35.5949,-105.2272
Las Vegas,NV,36.1721,-115.1224
Lasara,TX,26.4644,-97.9108
Lascassas,TN,35.9495,-86.3112
Lashmeet,WV,37.4420,-81.2138
Lastrup,MN,46.0394,-94.0631
Latah,WA,47.3038,-117.1688
Latexo,TX,31.3950,-95.4739
Latham,IL,39.9711,-89.1725
Latham,KS,37.5310,-96.6791
Latham,MO,38.5500,-92.6536
Latham,NY,42.7462,-73.7630
Latham,OH,39.0804,-83.3283
Lathrop,CA,37.8209,-121.2827
Lathrop,MO,39.5177,-94.3093
Latimer,IA,42.7598,-93.3518
Laton,CA,36.4378,-119.7156
Latonia,KY,39.0217,-84.4989
Latrobe,PA,40.2926,-79.4103
Latta,SC,34.3398,-79.4417
Lattimer Mines,PA,40.9553,-76.0000
Lattimore,NC,35.3181,-81.6608
Latty,OH,41.0886,-84.5853
Lauderdale,MS,32.5022,-88.4956
Laughlin,NV,35.1678,-114.5722
Laughlin A F B,TX,29.3564,-100.7891
Laughlintown,PA,40.2080,-79.1806
Laupahoehoe,HI,19.9802,-155.2323
Laura,IL,40.9335,-89.9349
Laura,OH,39.9785,-84.3994
Laurel,DE,38.5537,-75.5631
Laurel,FL,27.1300,-82.4533
Laurel,IA,41.8829,-92.9263
Laurel,IN,39.4916,-85.2080
Laurel,MD,39.0958,-76.8155
Laurel,MD,39.1077,-76.8720
Laurel,MD,39.1208,-76.8435
Laurel,MS,31.7054,-89.1312
Laurel,MT,45.6745,-108.7690
Laurel,NE,42.4270,-97.0874
Laurel,NY,40.9674,-72.5540
Laurel Bloomery,TN,36.5749,-81.7255
Laurel Fork,VA,36.7073,-80.5148
Laurel Hill,FL,30.9524,-86.4003
Laurel Hill,NC,34.8238,-79.5491
Laurel Springs,NC,36.4449,-81.2606
Laurelton,PA,40.9127,-77.2052
Laurelville,OH,39.4757,-82.7212
Laurens,IA,42.8409,-94.8508
Laurens,NY,42.5383,-75.1279
Laurens,SC,34.5007,-82.0268
Laurie,MO,38.1992,-92.8333
Laurier,WA,48.9989,-118.2231
Laurinburg,NC,34.7599,-79.4673
Laurys Station,PA,40.7231,-76.5306
Lava Hot Springs,ID,42.6185,-112.0176
Lavaca,AR,35.3375,-94.1656
Lavalette,WV,38.3305,-82.4287
Lavallette,NJ,39.9775,-74.0704
Laveen,AZ,33.3436,-112.1716
Lavelle,PA,40.7633,-76.3831
Laverne,OK,36.7062,-99.8918
Lavina,MT,46.3291,-108.9959
Lavinia,TN,35.8583,-88.6324
Lavon,TX,33.0275,-96.4339
Lavonia,GA,34.4528,-83.1130
Lawai,HI,21.9219,-159.5094
Lawler,IA,43.0932,-92.1440
Lawley,AL,32.8646,-86.9567
Lawn,PA,40.2200,-76.5394
Lawn,TX,32.1360,-99.7351
Lawndale,CA,33.8879,-118.3510
Lawndale,IL,40.2181,-89.2825
Lawndale,NC,35.4449,-81.5336
Lawnside,NJ,39.8676,-75.0317
Lawrence,KS,38.9644,-95.2418
Lawrence,MA,42.7080,-71.1638
Lawrence,MI,42.2076,-86.0525
Lawrence,MS,32.2876,-89.2724
Lawrence,NE,40.2767,-98.2402
Lawrence,NY,40.6140,-73.7330
Lawrence,PA,40.3116,-80.1440
Lawrenceburg,IN,39.1401,-84.8658
Lawrenceburg,KY,38.0189,-84.9299
Lawrenceburg,TN,35.2507,-87.3526
Lawrenceville,GA,33.9435,-83.9643
Lawrenceville,IL,38.7309,-87.6784
Lawrenceville,NY,44.7590,-74.6629
Lawrenceville,PA,41.9783,-77.1136
Lawrenceville,VA,36.7449,-77.8384
Lawson,AR,33.1967,-92.4828
Lawson,MO,39.4401,-94.1966
Lawsonville,NC,36.5132,-80.2103
Lawtell,LA,30.5183,-92.1847
Lawtey,FL,30.0472,-82.1055
Lawton,IA,42.5047,-96.2189
Lawton,MI,42.1545,-85.8290
Lawton,ND,48.3033,-98.4142
Lawton,OK,34.5915,-98.3698
Lawton,PA,41.7573,-76.0912
Lawtons,NY,42.5404,-78.9212
Layland,WV,37.8658,-80.9924
Layton,NJ,41.2059,-74.8172
Layton,UT,41.0846,-111.9274
Laytonville,CA,39.6678,-123.4869
Lazbuddie,TX,34.3931,-102.6108
Lazear,CO,38.7800,-107.7811
Le Center,MN,44.3853,-93.7214
Le Claire,IA,41.6082,-90.3628
Le Grand,CA,37.2342,-120.2517
Le Grand,IA,42.0069,-92.7753
Le Mars,IA,42.7962,-96.1704
Le Raysville,PA,41.8434,-76.1796
Le Roy,IL,40.3468,-88.7598
Le Roy,KS,38.0874,-95.6227
Le Roy,MN,43.5315,-92.5065
Le Roy,NY,42.9774,-77.9851
Le Roy,WV,38.9576,-81.5725
Le Sueur,MN,44.4582,-93.8856
Leachville,AR,35.9332,-90.1955
Lead,SD,44.3490,-103.7698
Lead Hill,AR,36.4309,-92.9302
Leadore,ID,44.7389,-113.4926
Leadville,CO,39.2497,-106.3015
Leadwood,MO,37.8641,-90.5910
Leaf River,IL,42.1410,-89.4010
League City,TX,29.5173,-95.0963
Leakesville,MS,31.1238,-88.5595
Leakey,TX,29.7690,-99.7479
Leamington,UT,39.5347,-112.2828
Leander,TX,30.4598,-97.9702
Leander,TX,30.5529,-97.8752
Leary,GA,31.4856,-84.5139
Leasburg,MO,38.0811,-91.2488
Leasburg,NC,36.4151,-79.1942
Leavenworth,IN,38.1942,-86.3599
Leavenworth,KS,39.3015,-94.9339
Leavenworth,WA,47.6438,-120.6748
Leavittsburg,OH,41.2445,-80.8869
Leawood,KS,38.9606,-94.6196
Lebam,WA,46.5592,-123.5478
Lebanon,CT,41.6330,-72.2440
Lebanon,GA,34.1428,-84.5094
Lebanon,IL,38.6053,-89.7992
Lebanon,IN,40.0449,-86.4641
Lebanon,KS,39.8128,-98.5581
Lebanon,KY,37.5658,-85.2668
Lebanon,ME,43.4103,-70.9110
Lebanon,MO,37.6850,-92.6550
Lebanon,NE,40.0752,-100.2612
Lebanon,NH,43.6422,-72.2522
Lebanon,NJ,40.6466,-74.8290
Lebanon,OH,39.4420,-84.2188
Lebanon,OK,33.9610,-96.8645
Lebanon,OR,44.5316,-122.8821
Lebanon,PA,40.3359,-76.4259
Lebanon,SD,45.0123,-99.7366
Lebanon,TN,36.2098,-86.3024
Lebanon,VA,36.8809,-82.0956
Lebanon,WI,43.2553,-88.6267
Lebanon Junction,KY,37.8511,-85.7246
Lebeau,LA,30.7311,-91.9769
Lebec,CA,34.8289,-118.8791
Leblanc,LA,30.5089,-92.9489
Lebo,KS,38.4161,-95.8222
Leburn,KY,37.3837,-82.9564
Lecanto,FL,28.9303,-82.4905
Leck Kill,PA,40.7101,-76.6271
Leckrone,PA,39.8614,-79.8703
Lecompte,LA,31.1060,-92.3890
Lecompton,KS,39.0001,-95.4025
Lecontes Mills,PA,41.0831,-78.2836
Ledbetter,KY,37.0492,-88.4865
Ledbetter,TX,30.2383,-96.7613
Lederach,PA,40.2617,-75.4064
Ledger,MT,48.2776,-111.7564
Ledgewood,NJ,40.8780,-74.6554
Ledyard,CT,41.4401,-71.9956
Ledyard,IA,43.4346,-94.1503
Lee,FL,30.3979,-83.2844
Lee,IL,41.7864,-88.9714
Lee,MA,42.2990,-73.2317
Lee,ME,45.3635,-68.2909
Lee,NH,43.1231,-71.0114
Lee Center,IL,41.7475,-89.2786
Lee Center,NY,43.3148,-75.5055
Lee Vining,CA,37.9890,-119.1234
Leechburg,PA,40.6344,-79.6201
Leedey,OK,35.8698,-99.3491
Leeds,AL,33.5283,-86.5748
Leeds,MA,42.3543,-72.7034
Leeds,ME,44.2834,-70.1253
Leeds,ND,48.2668,-99.4401
Leeds,NY,42.3045,-73.9457
Leeds,UT,37.2386,-113.3583
Leeds Point,NJ,39.4919,-74.4294
Leeper,PA,41.3671,-79.3022
Lees Creek,OH,39.4200,-83.6494
Lees Summit,MO,38.9211,-94.3487
Leesburg,AL,34.1911,-85.7705
Leesburg,FL,28.8080,-81.8858
Leesburg,GA,31.6812,-84.1593
Leesburg,IN,41.3266,-85.8160
Leesburg,NJ,39.2387,-75.0012
Leesburg,OH,39.3458,-83.5481
Leesburg,TX,32.9763,-95.1079
Leesburg,VA,39.0867,-77.5775
Leesport,PA,40.4152,-75.9944
Leesville,LA,31.1443,-93.2240
Leesville,OH,40.4517,-81.2122
Leesville,SC,33.9132,-81.4598
Leesville,TX,29.3961,-97.7566
Leeton,MO,38.6141,-93.7123
Leetonia,OH,40.8631,-80.7585
Leetsdale,PA,40.5662,-80.2099
Leflore,OK,34.8969,-94.9811
Lefor,ND,46.7253,-102.7643
Lefors,TX,35.4364,-100.8053
Left Hand,WV,38.6063,-81.2467
Leggett,CA,39.8658,-123.7131
Leggett,TX,30.8178,-94.8703
Lehi,UT,40.3958,-111.8506
Lehigh,IA,42.3526,-94.0342
Lehigh,KS,38.3771,-97.3043
Lehigh,OK,34.4692,-96.2161
Lehigh Acres,FL,26.6153,-81.6105
Lehigh Valley,PA,40.5897,-75.4647
Lehighton,PA,40.8300,-75.7061
Lehman,PA,41.3169,-76.0228
Lehr,ND,46.2586,-99.3491
Leicester,MA,42.2370,-71.9188
Leicester,NC,35.6498,-82.7106
Leicester,NY,42.7739,-77.8990
Leigh,NE,41.6739,-97.2320
Leighton,AL,34.7110,-87.5221
Leighton,IA,41.3647,-92.8081
Leipsic,OH,41.1092,-83.9957
Leisenring,PA,39.9983,-79.6431
Leitchfield,KY,37.4931,-86.3037
Leiter,WY,44.7181,-106.2686
Leiters Ford,IN,41.1217,-86.3858
Leivasy,WV,38.1350,-80.7172
Lejunior,KY,36.9212,-83.1905
Leland,IA,43.3070,-93.7515
Leland,IL,41.6066,-88.7716
Leland,MI,45.0102,-86.0929
Leland,MS,33.4100,-90.8928
Leland,NC,34.2680,-78.0578
Lelia Lake,TX,34.9011,-100.7703
Lemasters,PA,39.8611,-77.8597
Lemhi,ID,44.8517,-113.6189
Leming,TX,29.0728,-98.4839
Lemitar,NM,34.1560,-106.9044
Lemmon,SD,45.9159,-102.1928
Lemon Cove,CA,36.3961,-119.0050
Lemon Grove,CA,32.7332,-117.0326
Lemon Springs,NC,35.3894,-79.1947
Lemont,IL,41.6951,-88.0236
Lemont,PA,40.8106,-77.8186
Lemont Furnace,PA,39.9311,-79.6477
Lemoore,CA,36.3095,-119.8310
Lemoyne,NE,41.3040,-101.8947
Lemoyne,OH,41.4958,-83.4742
Lemoyne,PA,40.2472,-76.8976
Lempster,NH,43.2186,-72.1662
Lena,IL,42.3791,-89.8253
Lena,LA,31.4185,-92.7719
Lena,MS,32.6446,-89.5494
Lena,WI,44.9405,-88.0543
Lenapah,OK,36.8801,-95.6233
Lenexa,KS,38.9630,-94.7399
Lengby,MN,47.5370,-95.6275
Lenhartsville,PA,40.5753,-75.8500
Lenni,PA,39.8939,-75.4481
Lennon,MI,42.9693,-83.9279
Lennox,SD,43.3451,-96.8821
Lenoir,NC,35.9139,-81.5392
Lenoir City,TN,35.8104,-84.2665
Lenora,KS,39.6094,-100.0016
Lenorah,TX,32.4392,-101.7611
Lenore,ID,46.5354,-116.5130
Lenore,WV,37.7994,-82.2693
Lenox,AL,31.3273,-87.1967
Lenox,GA,31.2664,-83.4481
Lenox,IA,40.8841,-94.5612
Lenox,MA,42.3642,-73.2713
Lenox,MO,37.6408,-91.7277
Lenox,TN,36.0892,-89.4983
Lenox Dale,MA,42.3361,-73.2458
Lenoxville,PA,41.6677,-75.6319
Lentner,MO,39.7123,-92.1489
Lenzburg,IL,38.2950,-89.7922
Leo,IN,41.2249,-85.0301
Leola,AR,34.1856,-92.5979
Leola,PA,40.0964,-76.1921
Leola,SD,45.7323,-98.9015
Leoma,TN,35.1382,-87.3168
Leominster,MA,42.5274,-71.7563
Leon,IA,40.7373,-93.7429
Leon,KS,37.6813,-96.7526
Leon,NY,42.2931,-79.0167
Leon,OK,33.9243,-97.4471
Leon,VA,38.4572,-78.1546
Leon,WV,38.7530,-81.9092
Leona,TX,31.1421,-95.9284
Leonard,MI,42.8364,-83.1381
Leonard,MN,47.6289,-95.3708
Leonard,MO,39.9076,-92.1947
Leonard,ND,46.6593,-97.2725
Leonard,OK,35.9203,-95.7992
Leonard,TX,33.4044,-96.2238
Leonardo,NJ,40.4177,-74.0623
Leonardsville,NY,42.8086,-75.2531
Leonardtown,MD,38.2774,-76.6380
Leonardville,KS,39.3652,-96.8312
Leonia,NJ,40.8629,-73.9879
Leonidas,MI,42.0294,-85.3497
Leonore,IL,41.1664,-88.9969
Leonville,LA,30.4703,-91.9783
Leopold,IN,38.1011,-86.6044
Leopold,MO,37.2609,-89.9227
Leopolis,WI,44.7812,-88.8722
Leota,MN,43.8226,-96.0054
Leoti,KS,38.4987,-101.3589
Lepanto,AR,35.6069,-90.3359
Lequire,OK,35.1044,-95.1072
Lerna,IL,39.3958,-88.2530
Lerona,WV,37.4925,-80.9796
Leroy,AL,31.4910,-87.9687
Leroy,IN,41.3600,-87.2719
Leroy,MI,44.0457,-85.4300
Leroy,TX,31.7314,-97.0175
Lesage,WV,38.4770,-82.2957
Leslie,AR,35.8272,-92.5663
Leslie,GA,31.9540,-84.0783
Leslie,MI,42.4603,-84.4207
Leslie,MO,38.4582,-91.1952
Leslie,WV,38.0444,-80.7231
Lester,AL,34.9184,-87.1434
Lester,IA,43.4447,-96.3328
Lester,WV,37.7265,-81.3095
Lester Prairie,MN,44.8739,-94.0551
Lesterville,MO,37.4820,-90.8425
Lesterville,SD,43.0550,-97.5483
Letart,WV,38.9311,-81.9751
Letcher,KY,37.1550,-82.9809
Letcher,SD,43.8923,-98.1743
Letha,ID,43.8403,-116.5850
Letohatchee,AL,32.0862,-86.4880
Letona,AR,35.3617,-91.8292
Letts,IA,41.2930,-91.2040
Lettsworth,LA,30.9324,-91.7403
Leupp,AZ,35.3365,-110.9927
Levan,UT,39.5586,-111.8611
Levant,KS,39.3841,-101.2096
Levant,ME,44.8843,-68.9837
Levasy,MO,39.1356,-94.1328
Levelland,TX,33.5788,-102.3676
Levelock,AK,59.3714,-154.9768
Levels,WV,39.4976,-78.5508
Leverett,MA,42.4682,-72.4993
Levering,MI,45.6377,-84.7986
Levittown,NY,40.7254,-73.5166
Levittown,PA,40.1681,-74.8231
Lewellen,NE,41.3435,-102.1396
Lewes,DE,38.7381,-75.1747
Lewis,CO,37.4710,-108.6189
Lewis,IA,41.2963,-95.0620
Lewis,IN,39.2733,-87.2637
Lewis,KS,37.9062,-99.2480
Lewis,NY,44.3075,-73.5491
Lewis Center,OH,40.1983,-83.0103
Lewis Run,PA,41.8211,-78.6805
Lewisberry,PA,40.1463,-76.8700
Lewisburg,KY,37.0037,-86.9887
Lewisburg,OH,39.8534,-84.5369
Lewisburg,PA,40.9702,-76.9099
Lewisburg,TN,35.4596,-86.7812
Lewisburg,WV,37.8083,-80.4407
Lewisport,KY,37.9090,-86.8957
Lewiston,CA,40.7460,-122.8426
Lewiston,ID,46.3895,-116.9877
Lewiston,ME,44.0985,-70.1916
Lewiston,MI,44.8538,-84.2973
Lewiston,MN,43.9702,-91.8662
Lewiston,NE,40.2309,-96.4049
Lewiston,NY,43.1722,-79.0215
Lewiston,UT,41.9701,-111.8768
Lewiston Woodville,NC,36.1344,-77.2066
Lewistown,IL,40.3830,-90.1563
Lewistown,MO,40.0867,-91.8157
Lewistown,MT,47.0563,-109.4203
Lewistown,OH,40.4277,-83.9209
Lewistown,PA,40.5994,-77.5756
Lewisville,AR,33.3736,-93.5953
Lewisville,ID,43.6725,-112.0189
Lewisville,IN,39.8283,-85.3621
Lewisville,MN,43.9209,-94.4289
Lewisville,NC,36.0967,-80.4206
Lewisville,OH,39.7684,-81.2316
Lewisville,PA,39.7225,-75.8753
Lewisville,TX,33.0461,-96.9939
Lexa,AR,34.6727,-90.7853
Lexington,AL,34.9559,-87.3935
Lexington,GA,33.8799,-83.0858
Lexington,IL,40.6357,-88.8062
Lexington,IN,38.6506,-85.6589
Lexington,KY,38.0174,-84.4854
Lexington,MA,42.4558,-71.2193
Lexington,MI,43.2435,-82.5301
Lexington,MO,39.1742,-93.8714
Lexington,MS,33.1250,-90.0557
Lexington,NC,35.8231,-80.2620
Lexington,NE,40.7850,-99.7515
Lexington,NY,42.2403,-74.3658
Lexington,OK,35.0377,-97.2609
Lexington,OR,45.4264,-119.7464
Lexington,SC,33.9814,-81.2364
Lexington,TN,35.6512,-88.3927
Lexington,TX,30.4191,-97.0524
Lexington,VA,37.7885,-79.4581
Lexington Park,MD,38.2495,-76.4529
Libby,MT,48.3773,-115.5391
Liberal,KS,37.0438,-100.9286
Liberal,MO,37.5725,-94.5204
Liberty,IL,39.8892,-91.0869
Liberty,IN,39.6126,-84.9089
Liberty,KS,37.1576,-95.6017
Liberty,KY,37.3146,-84.9719
Liberty,ME,44.3741,-69.3306
Liberty,MO,39.2419,-94.4337
Liberty,MS,31.1384,-90.7133
Liberty,NC,35.8729,-79.5821
Liberty,NE,40.0753,-96.5237
Liberty,NY,41.7962,-74.7484
Liberty,PA,41.5656,-77.1195
Liberty,SC,34.7872,-82.6974
Liberty,TN,35.9746,-85.9854
Liberty,TX,30.0728,-94.7638
Liberty,WV,38.6200,-81.7678
Liberty Center,IA,41.2077,-93.4974
Liberty Center,IN,40.7002,-85.2774
Liberty Center,OH,41.4514,-83.9859
Liberty Corner,NJ,40.6647,-74.5778
Liberty Hill,SC,34.4781,-80.8019
Liberty Hill,TX,30.6630,-97.9316
Liberty Lake,WA,47.6517,-117.0838
Liberty Mills,IN,41.0336,-85.7358
Libertytown,MD,39.4850,-77.2406
Libertyville,IA,40.9499,-92.0250
Libertyville,IL,42.2810,-87.9500
Libuse,LA,31.3539,-92.3333
Lick Creek,KY,37.3480,-82.3255
Licking,MO,37.5091,-91.8556
Lickingville,PA,41.3789,-79.3715
Lidderdale,IA,42.1528,-94.7954
Lidgerwood,ND,46.0739,-97.1444
Liebenthal,KS,38.6466,-99.2821
Light,AR,36.0700,-90.7478
Lightfoot,VA,37.3406,-76.7547
Lighthouse Point,FL,26.2787,-80.1124
Lightstreet,PA,41.0361,-76.4239
Lignite,ND,48.8481,-102.5542
Lignum,VA,38.3956,-77.8300
Ligonier,IN,41.4662,-85.5927
Ligonier,PA,40.2451,-79.2367
Liguori,MO,38.3319,-90.4325
Lihue,HI,21.9816,-159.3683
Likely,CA,41.2306,-120.5031
Lilbourn,MO,36.5853,-89.6112
Lilburn,GA,33.8739,-84.1173
Lilesville,NC,34.9689,-79.9721
Lillian,AL,30.3972,-87.4745
Lillian,TX,32.5064,-97.1872
Lillie,LA,32.9529,-92.6858
Lillington,NC,35.3320,-78.9212
Lilliwaup,WA,47.5128,-123.0631
Lilly,GA,32.1469,-83.8775
Lilly,PA,40.4238,-78.6231
Lily,KY,37.0023,-84.0807
Lily Dale,NY,42.3517,-79.3244
Lima,IL,40.1701,-91.3868
Lima,MT,44.6441,-112.5625
Lima,NY,42.9012,-77.6083
Lima,OH,40.6759,-84.1440
Lima,OH,40.7641,-84.0973
Limaville,OH,40.9819,-81.1486
Lime Ridge,WI,43.4678,-90.1547
Lime Springs,IA,43.4556,-92.2733
Limekiln,PA,40.3519,-75.7892
Limeport,PA,40.5089,-75.4475
Limerick,ME,43.6963,-70.7866
Limerick,NY,44.0292,-76.0433
Limestone,ME,46.9248,-67.8451
Limestone,NY,42.0639,-78.6320
Limestone,PA,41.1334,-79.2993
Limestone,TN,36.2370,-82.6171
Limington,ME,43.7260,-70.6752
Limon,CO,39.2639,-103.6917
Linch,WY,43.6064,-106.1956
Lincoln,AL,33.6059,-86.1112
Lincoln,AR,35.9569,-94.4272
Lincoln,CA,38.9040,-121.2955
Lincoln,DE,38.8613,-75.4000
Lincoln,IA,42.2561,-92.7047
Lincoln,IL,40.1451,-89.3684
Lincoln,KS,39.0286,-98.1404
Lincoln,MA,42.4217,-71.3137
Lincoln,ME,45.3508,-68.5077
Lincoln,MI,44.7111,-83.3947
Lincoln,MO,38.4073,-93.3668
Lincoln,MT,46.9575,-112.6651
Lincoln,NE,40.8169,-96.7103
Lincoln,NH,44.0582,-71.6727
Lincoln,NM,33.4929,-105.5284
Lincoln,RI,41.9089,-71.4348
Lincoln,TX,30.3177,-96.9702
Lincoln,VA,39.1153,-77.6953
Lincoln,WA,47.7820,-118.4810
Lincoln Acres,CA,32.6678,-117.0719
Lincoln City,IN,38.1276,-86.9872
Lincoln City,OR,44.9681,-123.9956
Lincoln Park,MI,42.2422,-83.1807
Lincoln Park,NJ,40.9208,-74.2995
Lincoln University,PA,39.7809,-75.8818
Lincolndale,NY,41.3228,-73.7186
Lincolns New Salem,IL,40.0444,-89.8542
Lincolnshire,IL,42.1929,-87.9048
Lincolnton,GA,33.7773,-82.4435
Lincolnton,NC,35.4821,-81.2280
Lincolnville,KS,38.4810,-96.9612
Lincolnville,ME,44.3048,-69.0824
Lincolnville Center,ME,44.2978,-69.1081
Lincolnwood,IL,42.0044,-87.7300
Lincroft,NJ,40.3369,-74.1205
Lind,WA,46.9560,-118.7061
Lindale,GA,34.1707,-85.1825
Lindale,TX,32.5172,-95.4299
Linden,AL,32.3053,-87.7954
Linden,CA,38.0219,-121.0744
Linden,IA,41.6422,-94.2406
Linden,IN,40.1833,-86.8905
Linden,MI,42.8104,-83.7993
Linden,NC,35.2276,-78.8004
Linden,NJ,40.6354,-74.2556
Linden,PA,41.2472,-77.1527
Linden,TN,35.5998,-87.8656
Linden,TX,33.0048,-94.3605
Linden,VA,38.8812,-78.0478
Linden,WI,42.9184,-90.2797
Lindenhurst,NY,40.6884,-73.3745
Lindenwood,IL,42.0507,-89.0340
Lindley,NY,42.0425,-77.1541
Lindon,CO,39.8308,-103.3145
Lindon,UT,40.3412,-111.7144
Lindrith,NM,36.3361,-106.9254
Lindsay,CA,36.2096,-119.0884
Lindsay,MT,47.2024,-105.2089
Lindsay,NE,41.6926,-97.6711
Lindsay,OK,34.8211,-97.5998
Lindsay,TX,33.6360,-97.2214
Lindsborg,KS,38.5761,-97.6739
Lindsey,OH,41.4147,-83.2135
Lindside,WV,37.4817,-80.6203
Lindstrom,MN,45.3873,-92.8421
Line Lexington,PA,40.2888,-75.2555
Lineboro,MD,39.7185,-76.8395
Linefork,KY,37.0514,-82.9198
Linesville,PA,41.6635,-80.4269
Lineville,AL,33.3286,-85.7346
Lineville,IA,40.6004,-93.4862
Lingle,WY,42.1346,-104.3320
Lingleville,TX,32.2444,-98.3772
Lingo,NM,33.6963,-103.2082
Linkwood,MD,38.5403,-75.9630
Linn,KS,39.6847,-97.0854
Linn,MO,38.4739,-91.8195
Linn,TX,26.5421,-98.1799
Linn,WV,38.9573,-80.7300
Linn Creek,MO,38.0605,-92.6831
Linn Grove,IA,42.8742,-95.2512
Linneus,MO,39.9099,-93.1885
Linthicum Heights,MD,39.2083,-76.6575
Linton,IN,39.0461,-87.1723
Linton,ND,46.2869,-100.2158
Linville,NC,36.0664,-81.8706
Linville,VA,38.5557,-78.8961
Linville Falls,NC,35.9592,-81.9431
Linwood,KS,39.0206,-94.9914
Linwood,MA,42.0972,-71.6453
Linwood,MI,43.7374,-84.0133
Linwood,NC,35.7562,-80.3749
Linwood,NE,41.4129,-96.9399
Linwood,NJ,39.3469,-74.5807
Linwood,NY,42.8847,-77.9104
Lionville,PA,40.0289,-75.6211
Lipan,TX,32.5072,-97.9536
Lipscomb,TX,36.2230,-100.2702
Lisbon,IA,41.9212,-91.3861
Lisbon,LA,32.8452,-92.8878
Lisbon,MD,39.3361,-77.0714
Lisbon,ME,44.0255,-70.1139
Lisbon,ND,46.4201,-97.6589
Lisbon,NH,44.2148,-71.8966
Lisbon,NY,44.7184,-75.2694
Lisbon,OH,40.7592,-80.7587
Lisbon Falls,ME,43.9978,-70.0734
Lisco,NE,41.5114,-102.5498
Liscomb,IA,42.1840,-92.9833
Lisle,IL,41.7862,-88.0879
Lisle,NY,42.3409,-76.0302
Lisman,AL,32.2177,-88.3234
Lismore,MN,43.7339,-95.9682
Lissie,TX,29.5558,-96.2250
Listie,PA,40.0281,-79.0136
Litchfield,CA,40.3628,-120.2540
Litchfield,CT,41.7541,-73.2000
Litchfield,IL,39.1793,-89.6499
Litchfield,ME,44.1634,-69.9581
Litchfield,MI,42.0540,-84.6361
Litchfield,MN,45.1263,-94.5268
Litchfield,NE,41.1686,-99.1415
Litchfield,NH,42.8442,-71.4803
Litchfield,OH,41.1668,-82.0157
Litchfield Park,AZ,33.4941,-112.3805
Litchville,ND,46.6888,-98.2033
Literberry,IL,39.8542,-90.1994
Lithia,FL,27.8293,-82.1357
Lithia Springs,GA,33.7939,-84.6606
Lithonia,GA,33.6823,-84.1610
Lithopolis,OH,39.8028,-82.8064
Lititz,PA,40.1626,-76.2993
Littcarr,KY,37.2715,-82.9651
Little America,WY,41.5436,-109.8583
Little Birch,WV,38.5810,-80.7063
Little Cedar,IA,43.3919,-92.7344
Little Chute,WI,44.2842,-88.3120
Little Compton,RI,41.5220,-71.1612
Little Creek,DE,39.1669,-75.4486
Little Deer Isle,ME,44.2852,-68.7067
Little Eagle,SD,45.6733,-100.8083
Little Egg Harbor Twp,NJ,39.5881,-74.3646
Little Elm,TX,33.1783,-96.9678
Little Falls,MN,45.9811,-94.3604
Little Falls,NJ,40.8854,-74.2114
Little Falls,NY,43.0474,-74.8606
Little Ferry,NJ,40.8493,-74.0405
Little Genesee,NY,42.0240,-78.2351
Little Hocking,OH,39.2800,-81.7071
Little Lake,CA,35.9367,-117.9058
Little Lake,MI,46.0537,-87.4114
Little Meadows,PA,41.9766,-76.1185
Little Mountain,SC,34.1676,-81.4184
Little Neck,NY,40.7591,-73.7326
Little Orleans,MD,39.6876,-78.3781
Little Plymouth,VA,37.6642,-76.8255
Little River,AL,31.2246,-87.7548
Little River,CA,39.2710,-123.7531
Little River,KS,38.4079,-98.0113
Little River,SC,33.8768,-78.6508
Little River Academy,TX,30.9839,-97.3514
Little Rock,AR,34.7483,-92.2819
Little Rock,IA,43.4496,-95.8926
Little Rock,MS,32.5403,-89.1814
Little Rock,SC,34.4048,-79.3269
Little Rock Air Force Base,AR,34.8986,-92.1442
Little Silver,NJ,40.3354,-74.0413
Little Sioux,IA,41.8083,-96.0314
Little Suamico,WI,44.6775,-88.0272
Little Switzerland,NC,35.8347,-82.0225
Little Valley,NY,42.2541,-78.8093
Little York,IL,41.0153,-90.7364
Little York,IN,38.7028,-85.9050
Little York,NJ,40.6111,-75.0764
Little York,NY,42.6958,-76.1647
Littlefield,AZ,36.8665,-113.9137
Littlefield,TX,33.9212,-102.3207
Littlefork,MN,48.3852,-93.5399
Littlerock,CA,34.5474,-117.9574
Littlerock,WA,46.9019,-123.0167
Littlestown,PA,39.7495,-77.1003
Littleton,CO,39.5506,-104.8972
Littleton,CO,39.5969,-105.0777
Littleton,CO,39.5994,-105.0044
Littleton,IL,40.2339,-90.6190
Littleton,MA,42.5401,-71.4877
Littleton,NC,36.4169,-77.8528
Littleton,NH,44.3112,-71.7768
Littleton,WV,39.6592,-80.5695
Live Oak,CA,39.2669,-121.6639
Live Oak,FL,30.2866,-83.0250
Lively,VA,37.7775,-76.5139
Livermore,CA,37.6830,-121.7630
Livermore,CO,40.7799,-105.3677
Livermore,IA,42.8666,-94.1747
Livermore,KY,37.5045,-87.1239
Livermore,ME,44.3839,-70.2497
Livermore Falls,ME,44.4458,-70.1936
Liverpool,IL,40.4116,-90.0390
Liverpool,NY,43.1099,-76.1870
Liverpool,PA,40.5753,-77.0083
Liverpool,TX,29.3115,-95.2408
Livingston,AL,32.5885,-88.1736
Livingston,CA,37.3762,-120.7162
Livingston,IL,38.9675,-89.7639
Livingston,KY,37.3074,-84.2318
Livingston,LA,30.4741,-90.7673
Livingston,MT,45.6546,-110.5609
Livingston,NJ,40.7896,-74.3202
Livingston,NY,42.1419,-73.7783
Livingston,TN,36.3890,-85.3205
Livingston,TX,30.7180,-94.9353
Livingston,WI,42.9044,-90.4420
Livingston Manor,NY,41.8778,-74.8270
Livonia,LA,30.5524,-91.5332
Livonia,MI,42.3615,-83.3649
Livonia,MO,40.5112,-92.7241
Livonia,NY,42.8135,-77.6635
Livonia Center,NY,42.8214,-77.6389
Lizella,GA,32.7773,-83.8250
Lizemores,WV,38.3366,-81.1633
Lizton,IN,39.8843,-86.5429
Llano,CA,34.4959,-117.7988
Llano,NM,36.1400,-105.6811
Llano,TX,30.7225,-98.6527
Llewellyn,PA,40.6728,-76.2794
Lloyd,FL,30.4772,-84.0219
Lloyd,MT,48.1486,-109.2943
Loa,UT,38.4173,-111.6292
Loachapoka,AL,32.6042,-85.5933
Loami,IL,39.6704,-89.8588
Lobeco,SC,32.5525,-80.7436
Lobelville,TN,35.7467,-87.8251
Loch Sheldrake,NY,41.7789,-74.6614
Lochgelly,WV,38.0106,-81.1453
Lochloosa,FL,29.5114,-82.1006
Lochmere,NH,43.4711,-71.5306
Lock Haven,PA,41.1425,-77.4436
Lock Springs,MO,39.9074,-93.7977
Lockbourne,OH,39.8142,-82.9764
Locke,NY,42.6558,-76.4154
Lockeford,CA,38.1624,-121.1356
Lockesburg,AR,33.9306,-94.1276
Lockhart,AL,31.0103,-86.3497
Lockhart,SC,34.7864,-81.4622
Lockhart,TX,29.8868,-97.6769
Lockney,TX,34.1458,-101.4259
Lockport,IL,41.6135,-88.0256
Lockport,KY,38.4219,-84.9586
Lockport,LA,29.6035,-90.4906
Lockport,NY,43.1600,-78.6923
Lockridge,IA,41.0119,-91.7645
Lockwood,CA,35.9893,-121.2059
Lockwood,MO,37.3866,-93.8671
Lockwood,NY,42.1149,-76.5366
Loco,OK,34.3214,-97.6658
Loco Hills,NM,32.8189,-103.9772
Locust,NC,35.2704,-80.4211
Locust Dale,VA,38.3340,-78.1016
Locust Fork,AL,33.9075,-86.6153
Locust Gap,PA,40.7717,-76.4417
Locust Grove,AR,35.7177,-91.7414
Locust Grove,GA,33.3449,-84.0982
Locust Grove,OK,36.1819,-95.1689
Locust Grove,VA,38.3352,-77.7709
Locust Hill,VA,37.5983,-76.5019
Locust Valley,NY,40.8817,-73.5927
Locustdale,PA,40.7786,-76.3767
Locustville,VA,37.6534,-75.6735
Loda,IL,40.5241,-88.0927
Lodge,SC,32.9823,-80.9346
Lodge Grass,MT,45.3322,-107.7341
Lodgepole,NE,41.1697,-102.6570
Lodgepole,SD,45.8232,-102.7599
Lodi,CA,38.1236,-121.2630
Lodi,MO,37.2420,-90.4632
Lodi,NJ,40.8764,-74.0838
Lodi,NY,42.5966,-76.8339
Lodi,OH,41.0327,-82.0147
Lodi,TX,32.8761,-94.2794
Lodi,WI,43.3270,-89.5554
Log Lane Village,CO,40.2503,-103.7994
Logan,AL,34.1841,-87.0381
Logan,IA,41.6243,-95.7525
Logan,IL,37.9569,-88.8403
Logan,KS,39.6611,-99.5687
Logan,NM,35.3681,-103.4383
Logan,OH,39.5372,-82.4126
Logan,UT,41.7470,-111.8226
Logan,WV,37.8475,-82.0021
Logandale,NV,36.5967,-114.4833
Logansport,IN,40.7604,-86.3599
Logansport,LA,31.9943,-93.9627
Loganton,PA,41.0283,-77.3204
Loganville,GA,33.8389,-83.8981
Loganville,PA,39.8556,-76.7078
Loganville,WI,43.4050,-90.0337
Logsden,OR,44.7475,-123.7736
Lohman,MO,38.5484,-92.3842
Lohn,TX,31.3173,-99.3833
Lohrville,IA,42.2619,-94.5566
Loiza,PR,18.4333,-65.8806
Loleta,CA,40.6531,-124.2288
Lolita,TX,28.7724,-96.4793
Lolo,MT,46.7585,-114.1097
Loma,CO,39.2279,-108.8149
Loma,MT,47.9546,-110.4995
Loma Linda,CA,34.0524,-117.2618
Loma Mar,CA,37.2544,-122.2820
Loman,MN,48.5164,-93.8407
Lomax,IL,40.6761,-91.0391
Lombard,IL,41.8721,-88.0160
Lometa,TX,31.2167,-98.4006
Lomira,WI,43.5885,-88.4413
Lomita,CA,33.7933,-118.3169
Lompoc,CA,34.6583,-120.4506
Lonaconing,MD,39.5757,-78.9915
London,AR,35.3370,-93.2389
London,KY,37.1016,-84.0975
London,OH,39.9001,-83.4439
London,TX,30.6171,-99.6255
London,WV,38.1944,-81.3689
London Mills,IL,40.6950,-90.2616
Londonderry,NH,42.8656,-71.3772
Londonderry,OH,39.2723,-82.7833
Londonderry,VT,43.2240,-72.8018
Lone,KY,37.5300,-83.6039
Lone Grove,OK,34.1774,-97.2685
Lone Jack,MO,38.8918,-94.1615
Lone Mountain,TN,36.3906,-83.5850
Lone Oak,TX,32.9916,-95.9434
Lone Pine,CA,36.5798,-118.0578
Lone Rock,IA,43.1666,-94.3586
Lone Rock,WI,43.2208,-90.2352
Lone Star,TX,32.9470,-94.7183
Lone Tree,IA,41.4988,-91.4363
Lone Wolf,OK,34.9806,-99.2502
Lonedell,MO,38.2750,-90.8222
Lonepine,MT,47.7112,-114.6372
Lonetree,WY,41.0491,-110.1729
Long Barn,CA,38.2034,-120.0012
Long Beach,CA,33.7705,-118.1885
Long Beach,MS,30.3598,-89.1646
Long Beach,NY,40.5877,-73.6595
Long Beach,WA,46.3774,-124.0470
Long Bottom,OH,39.0802,-81.8887
Long Branch,NJ,40.2992,-73.9912
Long Branch,TX,32.0502,-94.4720
Long Creek,OR,44.7554,-119.0970
Long Creek,SC,34.7550,-83.1847
Long Eddy,NY,41.8644,-75.0942
Long Green,MD,39.4728,-76.5233
Long Grove,IA,41.7213,-90.5534
Long Grove,IL,42.1783,-87.9978
Long Island,KS,39.9517,-99.5391
Long Island,ME,43.6920,-70.1551
Long Island,VA,37.0644,-79.1219
Long Island City,NY,40.7503,-73.9394
Long Key,FL,24.6244,-82.8633
Long Lake,MI,44.4485,-83.8171
Long Lake,MN,44.9912,-93.5818
Long Lake,NY,43.9477,-74.4662
Long Lake,WI,45.9218,-88.6953
Long Lane,MO,37.5808,-92.9309
Long Pine,NE,42.5334,-99.7230
Long Point,IL,40.9896,-88.8811
Long Pond,PA,41.0677,-75.4482
Long Prairie,MN,45.9624,-94.8984
Long Valley,NJ,40.7878,-74.7870
Long Valley,SD,43.5698,-101.3821
Longboat Key,FL,27.3867,-82.6384
Longbranch,WA,47.2007,-122.7561
Longdale,OK,36.1212,-98.5500
Longford,KS,39.1743,-97.2087
Longlake,SD,45.7968,-99.2507
Longleaf,LA,31.0064,-92.5525
Longmeadow,MA,42.0507,-72.5676
Longmire,WA,46.7500,-121.8114
Longmont,CO,40.1306,-104.9504
Longmont,CO,40.1779,-105.1009
Longport,NJ,39.3097,-74.5421
Longs,SC,33.9064,-78.7934
Longstreet,LA,32.0975,-93.9519
Longton,KS,37.3905,-96.0814
Longview,IL,39.9012,-88.0753
Longview,TX,32.5269,-94.7233
Longview,WA,46.1514,-122.9634
Longville,LA,30.5800,-93.2548
Longville,MN,47.0248,-94.1982
Longwood,FL,28.7120,-81.3552
Longwood,NC,33.9501,-78.5315
Lonoke,AR,34.7832,-91.9214
Lonsdale,AR,34.5562,-92.8340
Lonsdale,MN,44.4629,-93.4236
Loogootee,IL,38.9047,-88.8536
Loogootee,IN,38.6629,-86.9137
Lookeba,OK,35.3679,-98.3898
Lookout,CA,41.2081,-121.1542
Lookout,KY,37.3133,-82.4669
Lookout,WV,38.0528,-80.9201
Lookout Mountain,GA,34.9335,-85.3794
Lookout Mountain,TN,34.9948,-85.3506
Loomis,CA,38.8071,-121.1698
Loomis,NE,40.4792,-99.4979
Loomis,WA,48.8696,-119.6427
Loon Lake,WA,48.0784,-117.6325
Looneyville,WV,38.6641,-81.2822
Loop,TX,32.9162,-102.4221
Loose Creek,MO,38.4717,-91.9591
Lopeno,TX,26.7111,-99.1097
Lopez,PA,41.4180,-76.3002
Lopez Island,WA,48.5208,-122.9674
Lorado,WV,37.8011,-81.7444
Lorain,OH,41.4578,-82.1710
Loraine,IL,40.1532,-91.2130
Loraine,TX,32.3850,-100.7285
Lorane,OR,43.8290,-123.2477
Loranger,LA,30.5884,-90.3567
Lordsburg,NM,32.3140,-108.7547
Lore City,OH,40.0459,-81.4479
Loreauville,LA,30.0683,-91.6596
Lorena,TX,31.4093,-97.2302
Lorentz,WV,39.0100,-80.3017
Lorenzo,TX,33.6666,-101.5277
Loretto,KY,37.6421,-85.4113
Loretto,MI,45.7772,-87.8150
Loretto,MN,45.1061,-93.6692
Loretto,PA,40.5105,-78.6294
Loretto,TN,35.0728,-87.4270
Loretto,VA,38.0621,-76.9669
Lorida,FL,27.4150,-81.1965
Lorimor,IA,41.1233,-94.0639
Loring,MT,48.7983,-107.8686
Loris,SC,34.0558,-78.9161
Lorman,MS,31.8383,-91.0957
Lorraine,KS,38.5652,-98.2900
Lorraine,NY,43.7568,-75.9053
Lorton,NE,40.5964,-96.0245
Lorton,VA,38.7047,-77.2180
Los Alamitos,CA,33.7953,-118.0699
Los Alamos,CA,34.7444,-120.2772
Los Alamos,NM,35.8663,-106.2676
Los Altos,CA,37.3814,-122.1258
Los Angeles,CA,33.9731,-118.2479
Los Banos,CA,37.0627,-120.8544
Los Ebanos,TX,26.2431,-98.5614
Los Fresnos,TX,26.0911,-97.4904
Los Gatos,CA,37.1536,-121.9812
Los Gatos,CA,37.2117,-121.9787
Los Indios,TX,26.0489,-97.7447
Los Lunas,NM,34.7806,-106.7115
Los Molinos,CA,40.0497,-122.0992
Los Ojos,NM,36.7186,-106.6111
Los Olivos,CA,34.6678,-120.1139
Los Osos,CA,35.3172,-120.8333
Losantville,IN,40.0475,-85.2108
Lost City,WV,38.8954,-78.8227
Lost Creek,KY,37.4841,-83.3289
Lost Creek,PA,40.8064,-76.2472
Lost Creek,WV,39.1725,-80.3777
Lost Hills,CA,35.6131,-119.7216
Lost Nation,IA,41.9745,-90.8265
Lost Springs,KS,38.5657,-96.9799
Lost Springs,WY,42.7298,-104.9209
Lostant,IL,41.1450,-89.0750
Lostine,OR,45.4939,-117.4359
Lothair,MT,48.4717,-111.2314
Lothian,MD,38.8029,-76.6628
Lott,TX,31.1925,-97.0581
Lottie,LA,30.5039,-91.7105
Lottsburg,VA,37.9792,-76.5018
Lotus,CA,38.8017,-120.9289
Louann,AR,33.4117,-92.7828
Loudon,NH,43.2856,-71.4678
Loudon,TN,35.7292,-84.3436
Loudonville,OH,40.6361,-82.2356
Loughman,FL,28.2417,-81.5669
Louin,MS,32.0997,-89.2199
Louisa,KY,38.0943,-82.6176
Louisa,VA,38.0132,-78.0347
Louisburg,KS,38.6073,-94.6829
Louisburg,MO,37.6828,-93.1007
Louisburg,NC,36.0578,-78.2586
Louise,MS,32.9919,-90.5893
Louise,TX,29.1491,-96.3924
Louisiana,MO,39.4336,-91.0664
Louisville,AL,31.7943,-85.5581
Louisville,CO,39.9789,-105.1456
Louisville,GA,33.0163,-82.3836
Louisville,IL,38.8119,-88.5100
Louisville,KY,38.2435,-85.7639
Louisville,MS,33.1058,-89.0287
Louisville,NE,40.9967,-96.1948
Louisville,OH,40.8477,-81.2595
Louisville,TN,35.8375,-84.0089
Loup City,NE,41.2845,-98.9751
Louvale,GA,32.1750,-84.8253
Louviers,CO,39.4778,-105.0067
Lovejoy,GA,33.4361,-84.3144
Lovejoy,IL,38.6569,-90.1661
Lovelaceville,KY,36.9686,-88.8308
Lovelady,TX,31.0564,-95.5501
Loveland,CO,40.3849,-105.0916
Loveland,OH,39.2445,-84.2588
Loveland,OK,34.3910,-98.7235
Lovell,ME,44.1614,-70.9300
Lovell,WY,44.8336,-108.4141
Lovelock,NV,40.1819,-118.4689
Lovely,KY,37.7921,-82.3638
Loves Park,IL,42.3295,-89.0335
Lovettsville,VA,39.2725,-77.6369
Loveville,MD,38.3474,-76.6771
Lovilia,IA,41.1272,-92.9293
Loving,NM,32.2740,-104.0914
Loving,TX,33.2689,-98.5024
Lovingston,VA,37.7924,-78.8684
Lovington,IL,39.7192,-88.6417
Lovington,NM,32.9512,-103.3488
Low Moor,IA,41.8017,-90.3547
Low Moor,VA,37.7886,-79.8839
Lowake,TX,31.5661,-100.0756
Lowber,PA,40.2458,-79.7711
Lowden,IA,41.8594,-90.9382
Lowder,IL,39.5508,-89.8458
Lowell,AR,36.2433,-94.0827
Lowell,FL,29.3303,-82.1917
Lowell,IN,41.2845,-87.4191
Lowell,MA,42.6560,-71.3051
Lowell,MI,42.9550,-85.3653
Lowell,NC,35.2655,-81.0960
Lowell,OH,39.5385,-81.5197
Lowell,OR,43.9210,-122.7806
Lowell,VT,44.7961,-72.4501
Lowell,WI,43.3420,-88.7873
Lowellville,OH,41.0503,-80.5416
Lower Brule,SD,44.0937,-99.6139
Lower Kalskag,AK,61.5138,-160.3600
Lower Lake,CA,38.8607,-122.5754
Lower Peach Tree,AL,31.8504,-87.5682
Lower Salem,OH,39.5939,-81.3545
Lower Waterford,VT,44.3544,-71.9075
Lowes,KY,36.8856,-88.7739
Lowgap,NC,36.5030,-80.7889
Lowland,NC,35.3060,-76.5777
Lowland,TN,36.1640,-83.2446
Lowman,ID,44.1106,-115.5285
Lowman,NY,42.0694,-76.6930
Lowmansville,KY,37.9172,-82.7319
Lowndes,MO,37.1343,-90.2544
Lowndesboro,AL,32.3003,-86.6099
Lowndesville,SC,34.2662,-82.5710
Lowpoint,IL,40.8711,-89.3704
Lowry,MN,45.7105,-95.5322
Lowry,VA,37.3336,-79.4556
Lowry City,MO,38.1404,-93.7114
Lowville,NY,43.8011,-75.4754
Loxahatchee,FL,26.7383,-80.2760
Loxley,AL,30.6180,-87.7562
Loyal,OK,35.9705,-98.1155
Loyal,WI,44.7272,-90.4922
Loyalhanna,PA,40.3020,-79.3442
Loyall,KY,36.8519,-83.3542
Loyalton,CA,39.6630,-120.2297
Loysburg,PA,40.1746,-78.3864
Loysville,PA,40.3658,-77.4138
Lozano,TX,26.1889,-97.5408
Lu Verne,IA,42.9868,-94.0959
Luana,IA,43.0493,-91.4583
Lubbock,TX,33.5865,-101.8606
Lubec,ME,44.8348,-67.0460
Lublin,WI,45.0739,-90.7337
Lucama,NC,35.6415,-78.0197
Lucan,MN,44.4132,-95.4119
Lucas,IA,41.0585,-93.4836
Lucas,KS,39.0581,-98.5352
Lucas,KY,36.8376,-86.0357
Lucas,OH,40.7039,-82.4087
Lucasville,OH,38.8938,-82.9940
Lucedale,MS,30.8667,-88.5934
Lucerne,CA,39.0834,-122.7851
Lucerne,CO,40.4819,-104.6992
Lucerne,IN,40.8614,-86.4077
Lucerne,MO,40.4382,-93.2867
Lucerne Valley,CA,34.4470,-116.9189
Lucernemines,PA,40.5453,-79.1573
Lucien,OK,36.2753,-97.4526
Lucile,ID,45.5570,-116.2669
Lucinda,PA,41.3124,-79.3754
Luck,WI,45.5568,-92.4164
Luckey,OH,41.4517,-83.4674
Ludell,KS,39.8630,-100.9604
Ludington,MI,43.9688,-86.4403
Ludlow,CA,34.9018,-116.3862
Ludlow,IL,40.3747,-88.1380
Ludlow,MA,42.1728,-72.4710
Ludlow,MO,39.6551,-93.7046
Ludlow,MS,32.5717,-89.7128
Ludlow,PA,41.7284,-78.9243
Ludlow,SD,45.8747,-103.3111
Ludlow,VT,43.3929,-72.7002
Ludlow Falls,OH,39.9871,-84.3334
Ludowici,GA,31.7705,-81.7453
Luebbering,MO,38.2615,-90.8027
Lueders,TX,32.7623,-99.6728
Lufkin,TX,31.3360,-94.7342
Lugoff,SC,34.2296,-80.7147
Lukachukai,AZ,36.4181,-109.2446
Luke,MD,39.4774,-79.0594
Lukeville,AZ,31.8825,-112.8150
Lula,GA,34.3985,-83.6945
Lula,MS,34.4531,-90.4786
Luling,LA,29.9251,-90.3693
Luling,TX,29.6826,-97.6499
Lulu,FL,30.0754,-82.5385
Lumber Bridge,NC,34.8762,-79.0664
Lumber City,GA,31.9251,-82.7073
Lumberport,WV,39.3781,-80.3676
Lumberton,MS,31.0534,-89.4543
Lumberton,NC,34.6293,-79.0083
Lumberton,NJ,39.9651,-74.8067
Lumberton,TX,30.2531,-94.1897
Lumberville,PA,40.4071,-75.0552
Lummi Island,WA,48.7128,-122.6823
Lumpkin,GA,32.0435,-84.8022
Luna,NM,33.8189,-108.9539
Luna Pier,MI,41.8154,-83.4362
Lund,NV,38.9046,-115.0440
Lunenburg,MA,42.5884,-71.7266
Lunenburg,VA,36.9226,-78.2906
Lunenburg,VT,44.4663,-71.6930
Luning,NV,38.4061,-118.1571
Lupton,AZ,35.4086,-109.0700
Lupton,MI,44.3976,-83.9905
Lupton City,TN,35.1056,-85.2642
Luquillo,PR,18.3744,-65.7169
Luray,KS,39.1039,-98.6851
Luray,MO,40.4931,-91.8912
Luray,SC,32.8618,-81.2235
Luray,TN,35.5988,-88.5784
Luray,VA,38.6548,-78.4596
Lurgan,PA,40.1274,-77.6351
Lusby,MD,38.3661,-76.4346
Lusk,WY,42.7660,-104.4651
Lutcher,LA,30.0447,-90.7008
Luther,IA,41.9919,-93.8554
Luther,MI,44.0545,-85.6826
Luther,OK,35.6315,-97.1823
Luthersburg,PA,41.0532,-78.7428
Luthersville,GA,33.1798,-84.7577
Lutherville Timonium,MD,39.4386,-76.6338
Lutsen,MN,47.6831,-90.6381
Luttrell,TN,36.2001,-83.7600
Lutts,TN,35.1138,-87.8923
Lutz,FL,28.1430,-82.4752
Luverne,AL,31.7074,-86.2566
Luverne,MN,43.6614,-96.2216
Luverne,ND,47.3151,-97.7296
Luxemburg,IA,42.6028,-91.0739
Luxemburg,WI,44.5506,-87.7156
Luxor,PA,40.3342,-79.4783
Luxora,AR,35.7608,-89.9220
Luzerne,IA,41.9061,-92.1793
Luzerne,MI,44.6296,-84.2467
Luzerne,PA,41.2843,-75.8935
Lyburn,WV,37.7743,-81.9293
Lycoming,NY,43.4986,-76.3861
Lydia,LA,29.9192,-91.7953
Lydia,SC,34.2889,-80.1125
Lyerly,GA,34.4030,-85.4038
Lyford,TX,26.4089,-97.7817
Lykens,PA,40.5909,-76.7074
Lyle,MN,43.5309,-92.9328
Lyle,WA,45.7450,-121.2501
Lyles,TN,35.8922,-87.3172
Lyman,NE,41.8918,-104.0066
Lyman,SC,34.9684,-82.1435
Lyman,UT,38.3969,-111.5889
Lyman,WA,48.5257,-122.0162
Lyman,WY,41.3291,-110.2926
Lyme,NH,43.7913,-72.1620
Lyme Center,NH,43.7992,-72.1233
Lynbrook,NY,40.6571,-73.6741
Lynch,KY,36.9979,-82.9156
Lynch,NE,42.8373,-98.4504
Lynch Station,VA,37.1528,-79.3297
Lynchburg,MO,37.5054,-92.3202
Lynchburg,OH,39.2119,-83.8021
Lynchburg,SC,34.0526,-80.0988
Lynchburg,TN,35.2706,-86.3720
Lynchburg,VA,37.3862,-79.1715
Lynco,WV,37.6981,-81.6772
Lynd,MN,44.4032,-95.9233
Lyndeborough,NH,42.8954,-71.7744
Lyndell,PA,40.0594,-75.7450
Lynden,WA,48.9372,-122.4592
Lyndhurst,NJ,40.8094,-74.1245
Lyndhurst,VA,37.9979,-78.9515
Lyndon,IL,41.7199,-89.9169
Lyndon,KS,38.6356,-95.6802
Lyndon,VT,44.5142,-72.0114
Lyndon Center,VT,44.5472,-72.0311
Lyndon Station,WI,43.6899,-89.8915
Lyndonville,NY,43.3233,-78.3811
Lyndonville,VT,44.5408,-72.0092
Lyndora,PA,40.8551,-79.9214
Lynn,AL,34.0530,-87.5398
Lynn,AR,36.0166,-91.2546
Lynn,IN,40.0519,-84.9300
Lynn,MA,42.4634,-70.9455
Lynn,NC,35.2283,-82.2347
Lynn Center,IL,41.2888,-90.3304
Lynn Haven,FL,30.2362,-85.6467
Lynndyl,UT,39.5192,-112.3750
Lynnfield,MA,42.5327,-71.0339
Lynnville,IA,41.5698,-92.7877
Lynnville,IN,38.1961,-87.2935
Lynnville,KY,36.5603,-88.5692
Lynnville,TN,35.3792,-87.0629
Lynnwood,WA,47.8118,-122.2878
Lynwood,CA,33.9241,-118.2013
Lynx,OH,38.7731,-83.4131
Lynxville,WI,43.2464,-91.0561
Lyon,MS,34.2474,-90.4981
Lyon Mountain,NY,44.7255,-73.9195
Lyon Station,PA,40.4806,-75.7589
Lyons,CO,40.2357,-105.3231
Lyons,GA,32.1711,-82.3078
Lyons,IL,41.8130,-87.8236
Lyons,IN,38.9717,-87.1016
Lyons,KS,38.3349,-98.1831
Lyons,MI,42.9634,-84.9209
Lyons,NE,41.9442,-96.4661
Lyons,NJ,40.6853,-74.5475
Lyons,NY,43.0777,-76.9896
Lyons,OH,41.6905,-84.0624
Lyons,OR,44.7768,-122.8201
Lyons,SD,43.7231,-96.8675
Lyons,TX,30.3861,-96.5631
Lyons,WI,42.6511,-88.3583
Lyons Falls,NY,43.6262,-75.3553
Lysite,WY,43.3284,-107.6488
Lytle,TX,29.2366,-98.7945
Lytle Creek,CA,34.2558,-117.5186
Lytton,IA,42.4304,-94.8140
M C B H Kaneohe Bay,HI,21.4492,-157.7660
Mabank,TX,32.3075,-96.1295
Mabank,TX,32.3664,-96.1006
Mabel,MN,43.5446,-91.7806
Mabelvale,AR,34.6218,-92.3846
Maben,MS,33.5262,-89.0659
Maben,WV,37.6543,-81.3914
Mabie,WV,38.8222,-80.0131
Mableton,GA,33.8186,-84.5825
Mabscott,WV,37.7708,-81.2086
Mabton,WA,46.2121,-120.0151
Mac Arthur,WV,37.7517,-81.2183
Macatawa,MI,42.7697,-86.2061
Macclenny,FL,30.2737,-82.1325
Macclesfield,NC,35.7737,-77.5964
Macdoel,CA,41.8830,-121.9445
Macdona,TX,29.3256,-98.6908
Macedon,NY,43.0784,-77.3372
Macedonia,IA,41.1916,-95.4314
Macedonia,IL,38.0130,-88.6961
Macedonia,OH,41.3222,-81.4996
Maceo,KY,37.8436,-86.9999
Macfarlan,WV,39.0806,-81.1776
Machesney Park,IL,42.3472,-89.0389
Machias,ME,44.7215,-67.4820
Machias,NY,42.4083,-78.5059
Machiasport,ME,44.6820,-67.4073
Machipongo,VA,37.4014,-75.9082
Mack,CO,39.2554,-108.9296
Mackay,ID,43.9111,-113.6120
Mackey,IN,38.2522,-87.3917
Mackeyville,PA,41.0544,-77.4617
Mackinac Island,MI,45.8578,-84.6245
Mackinaw,IL,40.5396,-89.3458
Mackinaw City,MI,45.7839,-84.7278
Macks Creek,MO,37.9616,-92.9603
Macks Inn,ID,44.4244,-111.3703
Macksburg,IA,41.2028,-94.1857
Macksburg,OH,39.6204,-81.4471
Macksville,KS,37.9433,-98.9481
Mackville,KY,37.7247,-85.0852
Macomb,IL,40.4617,-90.6787
Macomb,MI,42.7008,-82.9592
Macomb,MO,37.1049,-92.4821
Macomb,OK,35.1205,-97.0340
Macon,GA,32.8439,-83.5987
Macon,IL,39.7041,-88.9880
Macon,MO,39.7481,-92.4622
Macon,MS,33.1027,-88.5781
Macon,NC,36.4447,-77.9987
Macon,TN,35.1531,-89.4897
Macon,VA,37.5217,-77.9622
Macungie,PA,40.5285,-75.5666
Macy,IN,40.9618,-86.1264
Macy,NE,42.1177,-96.3589
Mad River,CA,40.3524,-123.4140
Madawaska,ME,47.3294,-68.3328
Madbury,NH,43.1692,-70.9244
Madden,MS,32.7087,-89.3817
Maddock,ND,47.9507,-99.5431
Madelia,MN,44.0499,-94.4110
Madeline,CA,41.0511,-120.4744
Madera,CA,36.9528,-119.8806
Madera,PA,40.8271,-78.4275
Madill,OK,34.0713,-96.7873
Madison,AL,34.6578,-86.8056
Madison,AL,34.7837,-86.7486
Madison,AR,35.0131,-90.7225
Madison,CA,38.6802,-121.9721
Madison,CT,41.3090,-72.6153
Madison,FL,30.4802,-83.4067
Madison,GA,33.5947,-83.4618
Madison,IL,38.6811,-90.1566
Madison,IN,38.7649,-85.4070
Madison,KS,38.1278,-96.1213
Madison,MD,38.5114,-76.2206
Madison,ME,44.8096,-69.8449
Madison,MN,44.9946,-96.1645
Madison,MO,39.4615,-92.2287
Madison,MS,32.4671,-90.1087
Madison,NC,36.3695,-79.9654
Madison,NE,41.8308,-97.4720
Madison,NH,43.9152,-71.1254
Madison,NJ,40.7599,-74.4179
Madison,NY,42.8969,-75.5076
Madison,OH,41.8054,-81.0588
Madison,PA,40.2467,-79.6760
Madison,SD,44.0054,-97.1149
Madison,TN,36.2604,-86.7046
Madison,VA,38.3845,-78.2965
Madison,WI,43.0730,-89.3817
Madison,WV,38.0444,-81.7938
Madison Heights,MI,42.5016,-83.1027
Madison Heights,VA,37.4531,-79.1141
Madison Lake,MN,44.2221,-93.8289
Madisonburg,PA,40.9334,-77.4950
Madisonville,KY,37.3256,-87.4953
Madisonville,LA,30.4287,-90.1773
Madisonville,TN,35.5009,-84.3519
Madisonville,TX,30.9533,-95.9091
Madras,OR,44.6376,-121.1349
Madrid,IA,41.8841,-93.8448
Madrid,NE,40.8544,-101.5371
Madrid,NY,44.7690,-75.1413
Maeystown,IL,38.2411,-90.2018
Magalia,CA,39.8317,-121.5975
Magazine,AR,35.1587,-93.8003
Magdalena,NM,34.2412,-107.3406
Magee,MS,31.8495,-89.7503
Maggie Valley,NC,35.5201,-83.0929
Magna,UT,40.7009,-112.0809
Magness,AR,35.7101,-91.4850
Magnet,NE,42.4753,-97.4407
Magnetic Springs,OH,40.3580,-83.2671
Magnolia,AL,32.1419,-87.6998
Magnolia,AR,33.2647,-93.2392
Magnolia,DE,39.0735,-75.5083
Magnolia,IA,41.7082,-95.8550
Magnolia,IL,41.1164,-89.2270
Magnolia,KY,37.4165,-85.7308
Magnolia,MN,43.6382,-96.1008
Magnolia,MS,31.1217,-90.4831
Magnolia,NC,34.8957,-78.0432
Magnolia,NJ,39.8538,-75.0393
Magnolia,OH,40.6514,-81.3076
Magnolia,TX,30.1857,-95.6772
Magnolia Springs,AL,30.3945,-87.7858
Mahanoy City,PA,40.8123,-76.1396
Mahanoy Plane,PA,40.7944,-76.2422
Mahaska,KS,39.9845,-97.3453
Mahnomen,MN,47.3362,-95.8856
Mahomet,IL,40.1964,-88.3928
Mahopac,NY,41.3717,-73.7508
Mahopac Falls,NY,41.3719,-73.7622
Mahwah,NJ,41.0745,-74.1560
Maida,ND,48.9490,-98.3948
Maiden,NC,35.5759,-81.1745
Maiden Rock,WI,44.6086,-92.2782
Maidens,VA,37.7032,-77.8710
Maidsville,WV,39.7093,-80.0832
Maine,NY,42.1962,-76.0595
Mainesburg,PA,41.7900,-76.9682
Maineville,OH,39.3139,-84.2526
Mainland,PA,40.2558,-75.3606
Maitland,FL,28.6313,-81.3546
Maitland,MO,40.1991,-95.0927
Maize,KS,37.7747,-97.4689
Majestic,KY,37.5339,-82.1000
Makanda,IL,37.6564,-89.2142
Makawao,HI,20.8469,-156.3327
Makaweli,HI,21.9276,-159.7907
Makinen,MN,47.3416,-92.3446
Makoti,ND,47.9853,-101.8149
Malabar,FL,28.0033,-80.5658
Malad City,ID,42.1808,-112.2620
Malaga,NJ,39.5755,-75.0582
Malaga,NM,32.2267,-104.0717
Malaga,OH,39.8547,-81.1494
Malaga,WA,47.3553,-120.2086
Malakoff,TX,32.1705,-96.0060
Malcolm,AL,31.1911,-88.0075
Malcolm,NE,40.9091,-96.8600
Malcom,IA,41.7695,-92.5354
Malden,IL,41.4377,-89.3676
Malden,MA,42.4291,-71.0605
Malden,MO,36.5672,-89.9737
Malden,WA,47.2289,-117.4717
Malden Bridge,NY,42.4602,-73.5880
Malden On Hudson,NY,42.0953,-73.9344
Malibu,CA,34.0382,-118.7082
Malin,OR,42.0195,-121.4221
Malinta,OH,41.3084,-84.0457
Maljamar,NM,32.8423,-103.7234
Mallard,IA,42.9417,-94.6746
Mallie,KY,37.3346,-82.8714
Mallory,NY,43.3378,-76.0892
Mallory,WV,37.7306,-81.8381
Malmo,NE,41.2984,-96.7327
Malmstrom A F B,MT,47.5033,-111.1758
Malo,WA,48.8186,-118.6237
Malone,FL,30.9602,-85.1639
Malone,KY,37.8719,-83.2583
Malone,NY,44.8482,-74.2928
Malone,TX,31.9240,-96.8907
Malone,WA,46.9606,-123.3256
Malone,WI,43.8690,-88.3073
Malott,WA,48.2828,-119.7056
Malta,ID,42.3647,-113.4487
Malta,IL,41.9183,-88.8688
Malta,MT,48.3692,-107.8408
Malta,OH,39.6482,-81.9127
Malta Bend,MO,39.1951,-93.3813
Malvern,AL,31.1575,-85.5223
Malvern,AR,34.3557,-92.8292
Malvern,IA,41.0074,-95.5840
Malvern,OH,40.6845,-81.1838
Malvern,PA,40.0371,-75.5330
Malverne,NY,40.6750,-73.6731
Mamaroneck,NY,40.9525,-73.7350
Mamers,NC,35.4167,-78.9336
Mammoth,AZ,32.7239,-110.6440
Mammoth,PA,40.2008,-79.4633
Mammoth,WV,38.2583,-81.3509
Mammoth Cave,KY,37.2744,-86.1781
Mammoth Lakes,CA,37.6424,-118.9764
Mammoth Spring,AR,36.4076,-91.5757
Mamou,LA,30.6496,-92.4196
Man,WV,37.7295,-81.8652
Manahawkin,NJ,39.7050,-74.2604
Manakin Sabot,VA,37.6380,-77.7077
Manasquan,NJ,40.1217,-74.0611
Manassa,CO,37.1742,-105.9369
Manassas,GA,32.0966,-82.0529
Manassas,VA,38.7518,-77.4728
Manassas,VA,38.7776,-77.5197
Manassas,VA,38.8411,-77.5381
Manati,PR,18.4258,-66.4717
Manawa,WI,44.4701,-88.9164
Mancelona,MI,44.9116,-85.0634
Manchaca,TX,30.1273,-97.8538
Manchaug,MA,42.0944,-71.7481
Manchester,CA,38.9921,-123.6710
Manchester,CT,41.7777,-72.5244
Manchester,GA,32.8721,-84.6312
Manchester,IA,42.4834,-91.4490
Manchester,IL,39.5422,-90.3322
Manchester,KY,37.1423,-83.7683
Manchester,MA,42.5796,-70.7674
Manchester,MD,39.6747,-76.8941
Manchester,ME,44.3084,-69.8847
Manchester,MI,42.1555,-84.0332
Manchester,NH,42.9929,-71.4633
Manchester,NY,42.9699,-77.2297
Manchester,OH,38.6982,-83.6181
Manchester,OK,36.9744,-98.0383
Manchester,PA,40.0695,-76.7332
Manchester,TN,35.4817,-86.0886
Manchester,VT,43.1636,-73.0728
Manchester,WA,47.5561,-122.5436
Manchester Center,VT,43.1752,-73.0523
Manchester Township,NJ,39.9510,-74.3607
Mancos,CO,37.3471,-108.2982
Mandan,ND,46.8306,-100.9092
Mandaree,ND,47.8567,-102.6535
Manderson,SD,43.3098,-102.3745
Manderson,WY,44.3119,-107.9534
Mandeville,LA,30.3861,-90.0768
Mangham,LA,32.3331,-91.7976
Mango,FL,27.9794,-82.3067
Mangum,OK,34.8755,-99.5058
Manhasset,NY,40.7986,-73.6884
Manhattan,IL,41.4289,-87.9771
Manhattan,KS,39.1938,-96.5858
Manhattan,MT,45.7980,-111.3146
Manhattan,NV,38.5389,-117.0725
Manhattan Beach,CA,33.8896,-118.3996
Manheim,PA,40.1702,-76.4168
Manila,AR,35.8749,-90.1803
Manila,UT,40.9685,-109.7235
Manilla,IA,41.8922,-95.2391
Manilla,IN,39.5757,-85.6354
Manistee,MI,44.2283,-86.2850
Manistique,MI,45.9830,-86.2755
Manito,IL,40.4160,-89.7898
Manitou,KY,37.4080,-87.5612
Manitou,OK,34.5075,-98.9831
Manitou Beach,MI,41.9671,-84.2767
Manitou Springs,CO,38.8550,-104.9058
Manitowish Waters,WI,46.1239,-89.8308
Manitowoc,WI,44.0971,-87.6823
Mankato,KS,39.7833,-98.2152
Mankato,MN,44.1538,-93.9960
Mankato,MN,44.1775,-94.0315
Manley,NE,40.9197,-96.1656
Manley Hot Springs,AK,65.0206,-150.5733
Manlius,IL,41.4564,-89.6689
Manlius,NY,42.9904,-75.9703
Manly,IA,43.2891,-93.2018
Mannboro,VA,37.2514,-77.8236
Mannford,OK,36.0927,-96.3576
Manning,IA,41.9072,-95.0556
Manning,ND,47.1258,-102.6806
Manning,OR,45.6525,-123.1861
Manning,SC,33.6677,-80.2221
Mannington,WV,39.5220,-80.3552
Manns Choice,PA,39.9808,-78.6423
Manns Harbor,NC,35.8872,-75.9444
Mannsville,KY,37.3725,-85.1967
Mannsville,NY,43.7179,-76.0820
Mannsville,OK,34.1899,-96.8778
Manokin,MD,38.1153,-75.7561
Manokotak,AK,59.0096,-158.9897
Manomet,MA,41.9186,-70.5667
Manor,GA,31.1088,-82.5742
Manor,PA,40.3382,-79.6712
Manor,TX,30.3388,-97.5323
Manorville,NY,40.8421,-72.8002
Manorville,PA,40.7863,-79.5213
Manquin,VA,37.7184,-77.1860
Mansfield,AR,35.0432,-94.2204
Mansfield,GA,33.5186,-83.7353
Mansfield,IL,40.2147,-88.5179
Mansfield,LA,32.0239,-93.6980
Mansfield,MA,42.0212,-71.2178
Mansfield,MO,37.1273,-92.5936
Mansfield,OH,40.7633,-82.5138
Mansfield,PA,41.8123,-77.0716
Mansfield,SD,45.2267,-98.6066
Mansfield,TN,36.1847,-88.2859
Mansfield,TX,32.5773,-97.1416
Mansfield,WA,47.9021,-119.4053
Mansfield Center,CT,41.7698,-72.2011
Mansfield Depot,CT,41.8014,-72.3069
Manson,IA,42.5285,-94.5304
Manson,NC,36.4603,-78.2952
Manson,WA,47.8958,-120.1490
Mansura,LA,31.0615,-92.0543
Mantachie,MS,34.3587,-88.4960
Mantador,ND,46.1599,-96.9570
Manteca,CA,37.8088,-121.2186
Mantee,MS,33.6655,-89.1229
Manteno,IL,41.2514,-87.8468
Manteo,NC,35.8948,-75.6714
Manter,KS,37.5451,-101.9109
Manti,UT,39.2354,-111.6514
Mantoloking,NJ,40.0261,-74.0562
Manton,CA,40.4331,-121.8365
Manton,MI,44.4152,-85.4202
Mantorville,MN,44.0702,-92.7580
Mantua,NJ,39.7870,-75.1785
Mantua,OH,41.2941,-81.2283
Mantua,UT,41.4975,-111.9416
Manvel,ND,48.0853,-97.1943
Manvel,TX,29.4694,-95.3503
Manville,NJ,40.5399,-74.5934
Manville,RI,41.9689,-71.4741
Manville,WY,42.7792,-104.6172
Many,LA,31.5851,-93.4641
Many Farms,AZ,36.4083,-109.6340
Manzanita,OR,45.7186,-123.9339
Manzanola,CO,38.1109,-103.8766
Mapaville,MO,38.2489,-90.4833
Maple,NC,36.3987,-76.0039
Maple,TX,33.8622,-102.9266
Maple,WI,46.6206,-91.7020
Maple City,KS,37.0713,-96.7814
Maple City,MI,44.8590,-85.8814
Maple Falls,WA,48.9244,-122.0758
Maple Heights,OH,41.4105,-81.5603
Maple Hill,KS,39.0695,-96.0187
Maple Hill,NC,34.6178,-77.7366
Maple Lake,MN,45.2202,-93.9638
Maple Mount,KY,37.6931,-87.3236
Maple Park,IL,41.9232,-88.5999
Maple Plain,MN,45.0079,-93.6542
Maple Plain,MN,45.0079,-93.6542
Maple Rapids,MI,43.1047,-84.6919
Maple Shade,NJ,39.9511,-74.9946
Maple Springs,NY,42.1967,-79.4242
Maple Valley,WA,47.3845,-122.0574
Maple View,NY,43.4572,-76.1456
Maplecrest,NY,42.2995,-74.1655
Maplesville,AL,32.8045,-86.8717
Mapleton,IA,42.1585,-95.7909
Mapleton,IL,40.6117,-89.7184
Mapleton,KS,38.0228,-94.8735
Mapleton,ME,46.6746,-68.1536
Mapleton,MN,43.9331,-93.9542
Mapleton,ND,46.8675,-97.0514
Mapleton,OR,44.0312,-123.8657
Mapleton,UT,40.1337,-111.5801
Mapleton Depot,PA,40.3864,-77.9604
Mapleville,RI,41.9481,-71.6492
Maplewood,NJ,40.7279,-74.2656
Maplewood,OH,40.3437,-84.0767
Maplewood,WI,44.7475,-87.4792
Mappsville,VA,37.8354,-75.5699
Maquoketa,IA,42.0778,-90.6771
Maquon,IL,40.7849,-90.2008
Mar Lin,PA,40.6783,-76.2456
Maramec,OK,36.2175,-96.6844
Marana,AZ,32.4047,-111.2736
Marathon,FL,24.7279,-81.0386
Marathon,IA,42.8612,-94.9836
Marathon,NY,42.4527,-76.0395
Marathon,OH,39.1447,-84.0064
Marathon,TX,30.1886,-103.2214
Marathon,WI,44.9657,-89.8299
Marathon Shores,FL,24.7117,-81.0910
Marble,MN,47.3206,-93.2983
Marble,NC,35.1475,-83.9381
Marble,PA,41.3261,-79.4459
Marble Canyon,AZ,36.9569,-111.5582
Marble City,OK,35.5803,-94.8208
Marble Falls,AR,36.0951,-93.1448
Marble Falls,TX,30.5723,-98.3070
Marble Hill,GA,34.4154,-84.3372
Marble Hill,MO,37.3135,-89.9627
Marble Rock,IA,42.9645,-92.8917
Marblehead,MA,42.4984,-70.8653
Marblemount,WA,48.5278,-121.4483
Marbury,AL,32.6394,-86.5101
Marbury,MD,38.5573,-77.1563
Marceline,MO,39.7125,-92.9455
Marcell,MN,47.6345,-93.6784
Marcella,AR,35.7497,-91.9419
Marcellus,MI,42.0275,-85.7988
Marcellus,NY,42.9821,-76.3323
March Air Reserve Base,CA,33.8956,-117.2761
Marchand,PA,40.8754,-79.0452
Marco Island,FL,25.9392,-81.7174
Marcola,OR,44.2064,-122.8246
Marcus,IA,42.8200,-95.8034
Marcus,WA,48.6633,-118.0672
Marcus Hook,PA,39.8339,-75.4483
Marcy,NY,43.1639,-75.2783
Mardela Springs,MD,38.4864,-75.7414
Marengo,IA,41.7863,-92.0720
Marengo,IL,42.2442,-88.6074
Marengo,IN,38.3736,-86.3578
Marengo,OH,40.3895,-82.8121
Marengo,WI,46.4071,-90.8400
Marenisco,MI,46.3551,-89.6774
Marfa,TX,30.2930,-104.0848
Margaret,AL,33.6861,-86.4750
Margarettsville,NC,36.5245,-77.3260
Margaretville,NY,42.1637,-74.6489
Margate City,NJ,39.3286,-74.5090
Margie,MN,48.0953,-93.9397
Maria Stein,OH,40.4062,-84.5076
Mariah Hill,IN,38.1495,-86.8316
Marianna,AR,34.7759,-90.7785
Marianna,FL,30.7586,-85.2294
Marianna,PA,40.0331,-80.1145
Marianna,WV,37.6114,-81.5761
Maribel,WI,44.2852,-87.8055
Maricao,PR,18.1828,-66.9803
Maricopa,AZ,32.9874,-112.0752
Maricopa,CA,35.0384,-119.4077
Marienthal,KS,38.4825,-101.1992
Marienville,PA,41.4622,-79.1306
Marietta,GA,33.9043,-84.4680
Marietta,IL,40.4978,-90.3885
Marietta,MN,44.9636,-96.4094
Marietta,MS,34.5011,-88.4498
Marietta,NC,34.3686,-79.1225
Marietta,NY,42.8974,-76.2806
Marietta,OH,39.4281,-81.4644
Marietta,OK,33.9431,-97.1148
Marietta,PA,40.0664,-76.5645
Marietta,SC,35.0296,-82.5136
Marietta,TX,33.1796,-94.5421
Marilla,NY,42.8332,-78.5587
Marina,CA,36.6849,-121.7934
Marina Del Rey,CA,33.9779,-118.4525
Marine,IL,38.7855,-89.8214
Marine City,MI,42.7213,-82.5140
Marine On Saint Croix,MN,45.1831,-92.8230
Marinette,WI,45.0874,-87.6697
Maringouin,LA,30.4823,-91.5168
Marion,AL,32.6463,-87.3314
Marion,AR,35.2077,-90.1989
Marion,CT,41.5636,-72.9261
Marion,IA,42.0411,-91.5941
Marion,IL,37.7257,-88.9294
Marion,IN,40.5743,-85.6741
Marion,KS,38.3554,-97.0204
Marion,KY,37.3254,-88.1005
Marion,LA,32.8882,-92.2571
Marion,MA,41.7095,-70.7613
Marion,MI,44.0463,-85.1550
Marion,MS,32.4172,-88.6478
Marion,MT,48.0836,-114.7446
Marion,NC,35.6819,-82.0180
Marion,ND,46.5716,-98.2533
Marion,NY,43.1546,-77.1863
Marion,OH,40.5886,-83.1286
Marion,PA,39.8572,-77.6956
Marion,SC,34.1562,-79.3898
Marion,SD,43.4188,-97.2771
Marion,TX,29.5683,-98.1517
Marion,VA,36.8273,-81.5349
Marion,WI,44.6794,-88.8767
Marion Center,PA,40.7814,-79.0252
Marion Heights,PA,40.8046,-76.4651
Marion Junction,AL,32.4266,-87.2702
Marion Station,MD,38.0266,-75.7579
Marionville,MO,37.0009,-93.6413
Marionville,VA,37.4525,-75.8550
Mariposa,CA,37.5039,-119.8925
Marissa,IL,38.2455,-89.7501
Mark,IL,41.2644,-89.2500
Mark Center,OH,41.2917,-84.6278
Marked Tree,AR,35.5349,-90.4194
Markesan,WI,43.7140,-89.0070
Markham,IL,41.5936,-87.6947
Markham,TX,28.9547,-96.0928
Markham,VA,38.9300,-77.9943
Markle,IN,40.8380,-85.3740
Markleeville,CA,38.7647,-119.8073
Markleton,PA,39.8691,-79.2879
Markleville,IN,39.9944,-85.6227
Markleysburg,PA,39.7597,-79.4600
Marks,MS,34.2607,-90.2816
Marksville,LA,31.1396,-92.0831
Marland,OK,36.5591,-97.0976
Marlboro,NJ,40.3182,-74.2639
Marlboro,NY,41.6056,-73.9880
Marlboro,VT,42.8594,-72.7264
Marlborough,CT,41.6412,-72.4609
Marlborough,MA,42.3509,-71.5434
Marlborough,NH,42.8988,-72.2013
Marlette,MI,43.3399,-83.0573
Marlin,TX,31.3036,-96.8889
Marlin,WA,47.3209,-119.0909
Marlinton,WV,38.2293,-80.0609
Marlow,NH,43.1326,-72.2109
Marlow,OK,34.6387,-97.9410
Marlton,NJ,39.8845,-74.9067
Marmaduke,AR,36.1951,-90.3837
Marmarth,ND,46.3254,-103.8800
Marmora,NJ,39.2586,-74.6593
Marne,IA,41.4547,-95.0973
Marne,MI,43.0532,-85.8420
Maroa,IL,40.0342,-88.9578
Marquand,MO,37.4274,-90.1741
Marquette,IA,43.0505,-91.1921
Marquette,KS,38.5560,-97.8381
Marquette,MI,46.5312,-87.3894
Marquette,NE,41.0100,-98.0000
Marquette,WI,43.7459,-89.1397
Marquez,TX,31.2309,-96.2375
Marrero,LA,29.8598,-90.1105
Marriottsville,MD,39.3342,-76.9132
Marrowbone,KY,36.8278,-85.5067
Mars,PA,40.7005,-80.0358
Mars Hill,ME,46.5223,-67.8630
Mars Hill,NC,35.8528,-82.5254
Marseilles,IL,41.3302,-88.6947
Marshall,AK,61.8371,-161.7394
Marshall,AR,35.9267,-92.6402
Marshall,CA,38.1762,-122.8900
Marshall,IL,39.4220,-87.6923
Marshall,IN,39.9062,-87.1780
Marshall,MI,42.2720,-84.9583
Marshall,MN,44.4481,-95.7795
Marshall,MO,39.1098,-93.1960
Marshall,NC,35.8561,-82.6566
Marshall,ND,47.1381,-102.3325
Marshall,OK,36.1485,-97.6171
Marshall,TX,32.5338,-94.3619
Marshall,VA,38.8237,-77.8970
Marshall,WA,47.5650,-117.4983
Marshall,WI,43.1636,-89.0753
Marshallberg,NC,34.7265,-76.5173
Marshalls Creek,PA,41.0431,-75.1278
Marshalltown,IA,42.0405,-92.9127
Marshallville,GA,32.4520,-83.9435
Marshallville,OH,40.9067,-81.7225
Marshes Siding,KY,36.7436,-84.4808
Marshfield,MA,42.1062,-70.6993
Marshfield,MO,37.3312,-92.9250
Marshfield,VT,44.3218,-72.3750
Marshfield,WI,44.6688,-90.1716
Marshfield Hills,MA,42.1333,-70.7583
Marshville,NC,35.0167,-80.3781
Marsing,ID,43.5399,-116.8240
Marsland,NE,42.5988,-103.0519
Marsteller,PA,40.6500,-78.8134
Marston,MO,36.5084,-89.6288
Marston,NC,34.9896,-79.6596
Marstons Mills,MA,41.6703,-70.4163
Mart,TX,31.5458,-96.8381
Martel,OH,40.6708,-82.9059
Martell,CA,38.3669,-120.7950
Martell,NE,40.6514,-96.7442
Martelle,IA,42.0035,-91.3217
Martensdale,IA,41.3731,-93.7356
Martha,KY,38.0152,-82.9558
Martha,OK,34.7253,-99.3867
Marthasville,MO,38.6486,-91.0555
Marthaville,LA,31.7726,-93.3954
Martin,GA,34.5155,-83.1686
Martin,KY,37.5633,-82.7479
Martin,MI,42.5483,-85.6106
Martin,ND,47.7781,-100.1225
Martin,OH,41.5962,-83.3455
Martin,PA,39.8064,-79.9100
Martin,SC,33.1093,-81.5003
Martin,SD,43.1785,-101.7408
Martin,TN,36.3425,-88.8554
Martin City,MT,48.3917,-114.0372
Martindale,PA,40.1531,-76.0889
Martindale,TX,29.7933,-97.7933
Martinez,CA,37.9932,-122.1117
Martins Creek,PA,40.7833,-75.1867
Martins Ferry,OH,40.1036,-80.7361
Martinsburg,IA,41.1789,-92.2517
Martinsburg,MO,39.0968,-91.6646
Martinsburg,NY,43.7375,-75.4700
Martinsburg,OH,40.2680,-82.3567
Martinsburg,PA,40.2951,-78.3244
Martinsburg,WV,39.4600,-77.9589
Martinsdale,MT,46.4581,-110.4324
Martinsville,IL,39.3174,-87.8707
Martinsville,IN,39.4476,-86.4290
Martinsville,MO,40.3662,-94.1645
Martinsville,NJ,40.6000,-74.5572
Martinsville,OH,39.3127,-83.8005
Martinsville,TX,31.6425,-94.4139
Martinsville,VA,36.6871,-79.8691
Martinton,IL,40.9052,-87.7443
Martville,NY,43.2661,-76.6289
Marty,SD,42.9764,-98.4224
Marvel,CO,37.1125,-108.1261
Marvell,AR,34.5485,-90.9413
Marvin,SD,45.2727,-96.9100
Mary Alice,KY,36.7068,-83.4244
Mary D,PA,40.7600,-76.0564
Mary Esther,FL,30.4122,-86.7127
Marydel,DE,39.0998,-75.7287
Marydel,MD,39.1082,-75.7622
Maryknoll,NY,41.1792,-73.8328
Maryland,NY,42.5371,-74.9030
Maryland Heights,MO,38.7229,-90.4474
Maryland Line,MD,39.7142,-76.6542
Marylhurst,OR,45.4014,-122.6500
Maryneal,TX,32.2026,-100.4972
Marysvale,UT,38.4449,-112.2518
Marysville,CA,39.1417,-121.5225
Marysville,IN,38.5545,-85.6308
Marysville,KS,39.8428,-96.6422
Marysville,MI,42.9135,-82.4813
Marysville,MT,46.7506,-112.2994
Marysville,OH,40.2477,-83.3622
Marysville,PA,40.3351,-76.9722
Marysville,WA,48.0656,-122.1562
Maryus,VA,37.2794,-76.4031
Maryville,IL,38.7236,-89.9558
Maryville,MO,40.3434,-94.8735
Maryville,TN,35.7824,-83.9145
Mascot,TN,36.0844,-83.7411
Mascot,VA,37.6068,-76.7383
Mascotte,FL,28.5781,-81.8869
Mascoutah,IL,38.4903,-89.7931
Mashantucket,CT,41.4757,-71.9574
Mashpee,MA,41.6181,-70.4854
Maskell,NE,42.6702,-96.9670
Mason,IL,38.9645,-88.6234
Mason,KY,38.5761,-84.5853
Mason,MI,42.5796,-84.4561
Mason,OH,39.3357,-84.3149
Mason,TN,35.4380,-89.5518
Mason,TX,30.7434,-99.2261
Mason,WI,46.4573,-91.0575
Mason,WV,39.0064,-82.0282
Mason City,IA,43.1499,-93.1954
Mason City,IL,40.1999,-89.6993
Mason City,NE,41.1853,-99.3049
Masonic Home,KY,38.2639,-85.6561
Masontown,PA,39.8349,-79.8938
Masontown,WV,39.5764,-79.8010
Masonville,CO,40.4875,-105.2103
Masonville,IA,42.5046,-91.5506
Masonville,NY,42.2623,-75.2155
Maspeth,NY,40.7239,-73.8997
Mass City,MI,46.7474,-89.0649
Massapequa,NY,40.6857,-73.4697
Massapequa Park,NY,40.6807,-73.4444
Massena,IA,41.2499,-94.7649
Massena,NY,44.9324,-74.8862
Massey,MD,39.3126,-75.8215
Massillon,OH,40.8116,-81.4973
Masterson,TX,35.6853,-102.3328
Mastic,NY,40.8064,-72.8566
Mastic Beach,NY,40.7657,-72.8537
Masury,OH,41.2255,-80.5326
Matador,TX,34.0525,-100.8361
Matagorda,TX,28.7649,-95.9519
Matamoras,PA,41.3674,-74.7154
Matawan,NJ,40.4109,-74.2380
Matewan,WV,37.6495,-82.1457
Matfield Green,KS,38.1448,-96.5541
Matheny,WV,37.6620,-81.5957
Mather,CA,38.5492,-121.2824
Mather,PA,39.9452,-80.0854
Mather,WI,44.1477,-90.2953
Matherville,IL,41.2691,-90.6023
Matheson,CO,39.1320,-103.9132
Mathews,AL,32.1283,-86.0413
Mathews,LA,29.6820,-90.4949
Mathews,VA,37.4383,-76.3544
Mathias,WV,38.8744,-78.8814
Mathis,TX,28.0802,-97.8097
Mathiston,MS,33.5415,-89.1275
Matinicus,ME,43.8650,-68.8875
Matlock,IA,43.2439,-95.9350
Matlock,WA,47.1775,-123.3376
Matoaka,WV,37.4418,-81.2680
Mattapan,MA,42.2739,-71.0939
Mattapoisett,MA,41.6618,-70.8164
Mattaponi,VA,37.6417,-76.7840
Mattawa,WA,46.6794,-119.9161
Mattawamkeag,ME,45.5264,-68.3520
Mattawan,MI,42.2451,-85.7943
Mattawana,PA,40.4961,-77.7297
Matteson,IL,41.5102,-87.7406
Matthews,GA,33.2176,-82.2867
Matthews,IN,40.3886,-85.4994
Matthews,MO,36.8075,-89.5768
Matthews,NC,35.0069,-80.6747
Matthews,NC,35.1219,-80.7136
Mattituck,NY,40.9943,-72.5363
Mattoon,IL,39.4802,-88.3762
Mattoon,WI,45.0042,-89.0419
Mauckport,IN,38.0437,-86.1846
Maud,OK,35.1292,-96.7627
Maud,TX,33.3550,-94.4823
Maugansville,MD,39.6996,-77.7499
Mauk,GA,32.5090,-84.3999
Mauldin,SC,34.7807,-82.3035
Maumee,OH,41.5817,-83.6628
Maumelle,AR,34.8491,-92.4059
Maunabo,PR,18.0092,-65.8997
Maunaloa,HI,21.1422,-157.2193
Maunie,IL,38.0356,-88.0456
Maupin,OR,45.0742,-121.2282
Maurepas,LA,30.2716,-90.7043
Maurertown,VA,38.9441,-78.4658
Maurice,IA,42.9626,-96.1655
Maurice,LA,30.0722,-92.1070
Mauricetown,NJ,39.2858,-74.9936
Mauriceville,TX,30.2033,-93.8661
Maury,NC,35.4819,-77.5864
Maury City,TN,35.8147,-89.2256
Mauston,WI,43.7934,-90.0641
Mavisdale,VA,37.2008,-82.2216
Max,MN,47.6289,-93.9720
Max,ND,47.8156,-101.2932
Max,NE,40.1069,-101.3916
Max Meadows,VA,36.9171,-80.9214
Maxatawny,PA,40.5425,-75.6892
Maxbass,ND,48.7722,-101.2563
Maxeys,GA,33.7542,-83.1736
Maxie,VA,37.3011,-82.1744
Maximo,OH,40.8764,-81.1722
Maxton,NC,34.7334,-79.3097
Maxwell,CA,39.2925,-122.1952
Maxwell,IA,41.8967,-93.4001
Maxwell,IN,39.8575,-85.7700
Maxwell,NE,41.0588,-100.5270
Maxwell,NM,36.5434,-104.5640
Maxwell,TX,29.8786,-97.8529
Maxwelton,WV,37.9005,-80.4275
May,ID,44.7017,-113.9160
May,OK,36.6267,-99.7247
May,TX,31.9571,-98.9656
Mayaguez,PR,18.2011,-67.1172
Maybee,MI,42.0288,-83.5179
Maybell,CO,40.6506,-108.2723
Maybeury,WV,37.3683,-81.3667
Maybrook,NY,41.4886,-74.2163
Maydelle,TX,31.8006,-95.3022
Mayer,AZ,34.3655,-112.1296
Mayer,MN,44.9022,-93.8859
Mayersville,MS,32.9013,-91.0286
Mayesville,SC,34.0465,-80.2349
Mayetta,KS,39.3489,-95.6928
Mayfield,KS,37.2518,-97.5416
Mayfield,KY,36.7327,-88.6506
Mayfield,MI,44.6261,-85.5286
Mayfield,NY,43.1411,-74.2444
Mayfield,UT,39.1142,-111.7100
Mayflower,AR,34.9669,-92.4001
Mayhew,MS,33.4847,-88.6344
Mayhill,NM,32.9070,-105.5181
Mayking,KY,37.1333,-82.7661
Maylene,AL,33.2317,-86.8727
Maynard,AR,36.4386,-90.8749
Maynard,IA,42.7752,-91.8908
Maynard,MA,42.4321,-71.4550
Maynard,MN,44.9226,-95.4845
Maynard,OH,40.1233,-80.8794
Maynardville,TN,36.2343,-83.8403
Mayo,FL,30.0400,-83.1462
Mayo,MD,38.8875,-76.5122
Mayo,SC,35.0839,-81.8600
Mayodan,NC,36.4277,-79.9567
Maypearl,TX,32.3279,-96.9880
Mayport,PA,40.9906,-79.2617
Mays,IN,39.7436,-85.4300
Mays Landing,NJ,39.4320,-74.6962
Maysel,WV,38.4939,-81.1227
Mayslick,KY,38.5269,-83.8749
Maysville,AR,36.4011,-94.5813
Maysville,GA,34.2736,-83.5840
Maysville,KY,38.6197,-83.7589
Maysville,MO,39.9112,-94.3548
Maysville,NC,34.8691,-77.2315
Maysville,OK,34.8113,-97.4131
Maysville,WV,39.0712,-79.1937
Maytown,PA,40.0753,-76.5825
Mayview,MO,39.0459,-93.8353
Mayville,MI,43.3562,-83.3725
Mayville,ND,47.5014,-97.3176
Mayville,NY,42.2409,-79.4963
Mayville,WI,43.5045,-88.5451
Maywood,CA,33.9890,-118.1877
Maywood,IL,41.8749,-87.8477
Maywood,MO,39.9333,-91.6148
Maywood,NE,40.5893,-100.6421
Maywood,NJ,40.9024,-74.0629
Mazama,WA,48.5977,-120.3880
Mazeppa,MN,44.2646,-92.5207
Mazie,KY,38.0269,-82.9725
Mazomanie,WI,43.1847,-89.7636
Mazon,IL,41.2972,-88.4096
Mc Adams,MS,33.0406,-89.6553
Mc Adenville,NC,35.2586,-81.0772
Mc Afee,NJ,41.2017,-74.5508
Mc Alister,NM,34.7492,-103.6572
Mc Alisterville,PA,40.6469,-77.2602
Mc Allister,MT,45.2914,-111.7983
Mc Alpin,FL,30.1509,-82.9662
Mc Andrews,KY,37.5450,-82.2558
Mc Arthur,OH,39.2553,-82.4907
Mc Bain,MI,44.2172,-85.2283
Mc Bee,SC,34.4606,-80.2544
Mc Bride,MO,37.7242,-89.8611
Mc Call Creek,MS,31.4908,-90.7836
Mc Calla,AL,33.2845,-87.1024
Mc Callsburg,IA,42.1665,-93.3978
Mc Camey,TX,31.1319,-102.2153
Mc Carley,MS,33.5864,-89.8513
Mc Carr,KY,37.5969,-82.1674
Mc Caskill,AR,33.9230,-93.6266
Mc Caulley,TX,32.7787,-100.2168
Mc Causland,IA,41.7450,-90.4444
Mc Caysville,GA,34.9522,-84.3683
Mc Clave,CO,38.1505,-102.8169
Mc Clelland,IA,41.2932,-95.6813
Mc Clellandtown,PA,39.8902,-79.8590
Mc Clellanville,SC,33.1047,-79.4800
Mc Clure,IL,37.3020,-89.4531
Mc Clure,OH,41.3773,-83.9425
Mc Clure,PA,40.6991,-77.3758
Mc Clure,VA,37.0814,-82.3806
Mc Clurg,MO,36.7515,-92.8180
Mc Coll,SC,34.6704,-79.5597
Mc Comb,OH,41.1125,-83.8014
Mc Connell,IL,42.4395,-89.7415
Mc Connells,SC,34.8677,-81.2368
Mc Connellsburg,PA,39.9443,-77.9901
Mc Connellstown,PA,40.4622,-78.0594
Mc Connellsville,NY,43.2896,-75.6525
Mc Cook,NE,40.2049,-100.6279
Mc Cool,MS,33.1632,-89.3268
Mc Cool Junction,NE,40.7442,-97.5937
Mc Cordsville,IN,39.9018,-85.9095
Mc Cormick,SC,33.9146,-82.2719
Mc Coy,CO,39.9134,-106.7309
Mc Coy,VA,37.2369,-80.5961
Mc Cracken,KS,38.5957,-99.5540
Mc Crory,AR,35.2473,-91.1793
Mc Cune,KS,37.3468,-95.0376
Mc Cutchenville,OH,40.9752,-83.2637
Mc Dade,TX,30.2968,-97.2386
Mc Daniels,KY,37.5953,-86.3973
Mc David,FL,30.8700,-87.4496
Mc Dermitt,NV,41.8669,-117.5311
Mc Dermott,OH,38.8362,-83.0689
Mc Donald,KS,39.7923,-101.3227
Mc Donald,NM,33.0767,-103.2131
Mc Donald,OH,41.1580,-80.7312
Mc Donald,PA,40.3697,-80.2562
Mc Donald,TN,35.0869,-84.9892
Mc Donough,NY,42.5068,-75.7623
Mc Dougal,AR,36.3799,-90.3941
Mc Dowell,KY,37.4252,-82.7450
Mc Dowell,VA,38.3266,-79.4988
Mc Elhattan,PA,41.1617,-77.3550
Mc Ewen,TN,36.1185,-87.6422
Mc Ewensville,PA,41.0728,-76.8181
Mc Fall,MO,40.1051,-94.3003
Mc Farlan,NC,34.8119,-79.9728
Mc Farland,CA,35.6758,-119.2272
Mc Farland,KS,39.0167,-96.2889
Mc Farland,WI,43.0107,-89.2948
Mc Gaheysville,VA,38.3712,-78.7411
Mc Gee,MO,37.0441,-90.1908
Mc Gehee,AR,33.6297,-91.3928
Mc Gill,NV,39.4014,-114.7781
Mc Girk,MO,38.6275,-92.5672
Mc Grady,NC,36.3103,-81.1912
Mc Grann,PA,40.7693,-79.5309
Mc Grath,AK,62.9672,-155.5852
Mc Grath,MN,46.2441,-93.2416
Mc Graw,NY,42.5948,-76.0820
Mc Graws,WV,37.6764,-81.4406
Mc Gregor,IA,43.0237,-91.1887
Mc Gregor,TX,31.4431,-97.3943
Mc Guffey,OH,40.6936,-83.7878
Mc Henry,KY,37.3797,-86.9233
Mc Henry,MD,39.5597,-79.3641
Mc Henry,MS,30.6975,-89.1536
Mc Indoe Falls,VT,44.2617,-72.0647
Mc Intire,IA,43.4500,-92.6048
Mc Intosh,AL,31.2361,-88.0511
Mc Intosh,FL,29.4506,-82.2200
Mc Intosh,NM,34.8522,-106.0431
Mc Intosh,SD,45.8124,-101.5004
Mc Intyre,GA,32.8468,-83.2040
Mc Intyre,PA,40.5672,-79.2958
Mc Kean,PA,41.9990,-80.1473
Mc Kee,KY,37.4317,-84.0090
Mc Kees Rocks,PA,40.4717,-80.0876
Mc Kenney,VA,36.9986,-77.7396
Mc Kenzie,AL,31.5450,-86.7356
Mc Kenzie,TN,36.1272,-88.5134
Mc Kinney,KY,37.4706,-84.7506
Mc Kinnon,WY,41.0409,-109.8745
Mc Kittrick,CA,35.3031,-119.6366
Mc Knightstown,PA,39.8706,-77.3258
Mc Lain,MS,31.0784,-88.8195
Mc Laughlin,SD,45.7489,-100.8776
Mc Lean,IL,40.3282,-89.1645
Mc Lean,NY,42.5606,-76.2775
Mc Lean,VA,38.9326,-77.1706
Mc Leansboro,IL,38.0939,-88.5286
Mc Leansville,NC,36.1163,-79.6684
Mc Lemoresville,TN,35.9878,-88.5767
Mc Leod,MT,45.5963,-109.9357
Mc Leod,TX,32.9594,-94.0708
Mc Louth,KS,39.1668,-95.2183
Mc Millan,MI,46.2970,-85.7307
Mc Minnville,TN,35.6974,-85.7916
Mc Nabb,IL,41.1730,-89.2187
Mc Naughton,WI,45.7233,-89.4828
Mc Neal,AZ,31.5030,-109.6310
Mc Neil,AR,33.3622,-93.1930
Mc Neil,TX,30.4550,-97.7167
Mc Neill,MS,30.7075,-89.6856
Mc Quady,KY,37.7300,-86.5428
Mc Queeney,TX,29.6057,-98.0376
Mc Rae,AR,35.1132,-91.8216
Mc Rae,GA,32.0435,-82.8877
Mc Roberts,KY,37.2075,-82.6719
Mc Shan,AL,33.3817,-88.1433
Mc Sherrystown,PA,39.8048,-77.0150
Mc Veytown,PA,40.5046,-77.7186
Mc Williams,AL,31.8456,-87.0883
Mcadoo,PA,40.8979,-75.9971
Mcadoo,TX,33.7413,-100.9833
Mcalester,OK,34.9262,-95.7592
Mcallen,TX,26.2154,-98.2359
Mcarthur,CA,41.1114,-121.2149
Mcbrides,MI,43.3542,-85.0428
Mccall,ID,44.8918,-116.0789
Mccammon,ID,42.6336,-112.1758
Mcchord Afb,WA,47.1286,-122.5231
Mccleary,WA,47.0540,-123.2733
Mcclellan,CA,38.6554,-121.4031
Mccloud,CA,41.2521,-122.1356
Mcclusky,ND,47.4896,-100.4520
Mccomb,MS,31.2216,-90.4324
Mcconnell Afb,KS,37.6237,-97.2540
Mcconnelsville,OH,39.6700,-81.8376
Mccurtain,OK,35.1404,-95.0127
Mccutcheon Field,NC,34.7157,-77.4501
Mcdaniel,MD,38.8192,-76.2806
Mcdonough,GA,33.4506,-84.1583
Mcfaddin,TX,28.7219,-97.0503
Mcgees Mills,PA,40.8893,-78.7204
Mcgregor,MN,46.6864,-93.2956
Mcgregor,ND,48.5950,-102.9288
Mcgrew,NE,41.7292,-103.4278
Mchenry,IL,42.3334,-88.2668
Mchenry,IL,42.3455,-88.2544
Mchenry,ND,47.5604,-98.5726
Mcintosh,MN,47.6522,-95.8863
Mckeesport,PA,40.3411,-79.8105
Mckenna,WA,46.9361,-122.5544
Mckinleyville,CA,40.8758,-124.0831
Mckinney,TX,33.1966,-96.6085
Mclean,NE,42.3921,-97.4751
Mclean,TX,35.2341,-100.6113
Mcleod,ND,46.4103,-97.3139
Mcloud,OK,35.4191,-97.1052
Mcmechen,WV,39.9878,-80.7308
Mcminnville,OR,45.2097,-123.2043
Mcnary,AZ,34.0736,-109.8564
Mcpherson,KS,38.3737,-97.6550
Mcville,ND,47.7790,-98.1630
Meacham,OR,45.5067,-118.4203
Mead,CO,40.2333,-104.9981
Mead,NE,41.2393,-96.4961
Mead,OK,33.9944,-96.5299
Mead,WA,47.7933,-117.3117
Meade,KS,37.2821,-100.3364
Meadow,SD,45.3538,-102.2844
Meadow,TX,33.3321,-102.2492
Meadow,UT,38.8858,-112.4097
Meadow Bridge,WV,37.8780,-80.8521
Meadow Creek,WV,37.8048,-80.9174
Meadow Grove,NE,42.0102,-97.7334
Meadow Lands,PA,40.2192,-80.2208
Meadow Valley,CA,39.9185,-121.0563
Meadow Vista,CA,39.0031,-121.0292
Meadowbrook,WV,39.3354,-80.3257
Meadowlands,MN,47.1021,-92.7884
Meadows Of Dan,VA,36.7250,-80.4022
Meadowview,VA,36.7612,-81.8512
Meadview,AZ,35.8137,-114.3277
Meadville,MO,39.7795,-93.3014
Meadville,MS,31.4285,-90.8578
Meadville,PA,41.6338,-80.1488
Meally,KY,37.7965,-82.7442
Means,KY,37.9284,-83.7253
Meansville,GA,33.0134,-84.3169
Mears,MI,43.6825,-86.4533
Mears,VA,37.8692,-75.6354
Mebane,NC,36.0979,-79.2719
Mecca,CA,33.5717,-116.0764
Mecca,IN,39.7272,-87.3306
Mechanic Falls,ME,44.1000,-70.3682
Mechanicsburg,IL,39.7777,-89.4177
Mechanicsburg,OH,40.0647,-83.5724
Mechanicsburg,PA,40.2142,-77.0089
Mechanicstown,OH,40.6263,-80.9560
Mechanicsville,IA,41.9039,-91.2764
Mechanicsville,MD,38.4293,-76.7254
Mechanicsville,PA,40.3438,-75.0630
Mechanicsville,VA,37.6281,-77.3395
Mechanicville,NY,42.9676,-73.6732
Mecklenburg,NY,42.4575,-76.7106
Mecosta,MI,43.6813,-85.2280
Medanales,NM,36.1756,-106.1828
Medaryville,IN,41.0897,-86.8808
Meddybemps,ME,45.0193,-67.3829
Medfield,MA,42.1845,-71.3048
Medford,MA,42.4183,-71.1067
Medford,MN,44.1741,-93.2437
Medford,NJ,39.8681,-74.8234
Medford,NY,40.8174,-72.9852
Medford,OK,36.8142,-97.7202
Medford,OR,42.3193,-122.8870
Medford,WI,45.1512,-90.3503
Media,IL,40.7618,-90.8570
Media,PA,39.9156,-75.4072
Mediapolis,IA,41.0059,-91.1321
Medical Lake,WA,47.5837,-117.6794
Medicine Bow,WY,41.9030,-106.2012
Medicine Lake,MT,48.4852,-104.4375
Medicine Lodge,KS,37.2845,-98.5848
Medicine Park,OK,34.7292,-98.5022
Medimont,ID,47.4625,-116.5683
Medina,ND,46.8920,-99.3106
Medina,NY,43.2184,-78.3874
Medina,OH,41.1404,-81.8584
Medina,TN,35.8081,-88.7627
Medina,TX,29.7907,-99.3064
Medina,WA,47.6211,-122.2264
Medinah,IL,41.9705,-88.0575
Medon,TN,35.4718,-88.8717
Medora,IL,39.1986,-90.1542
Medora,IN,38.8255,-86.1897
Medora,ND,46.8458,-103.4210
Medusa,NY,42.4515,-74.1315
Medway,MA,42.1514,-71.4217
Medway,ME,45.6070,-68.5227
Medway,OH,39.8798,-84.0268
Meeker,CO,40.0387,-107.8925
Meeker,OK,35.5211,-96.9981
Meers,OK,34.7828,-98.5786
Meeteetse,WY,44.1962,-108.9500
Megargel,AL,31.3797,-87.4283
Megargel,TX,33.4508,-98.9242
Mehama,OR,44.7903,-122.6181
Meherrin,VA,37.1013,-78.3874
Mehoopany,PA,41.5587,-76.1035
Meigs,GA,31.0625,-84.0824
Mekinock,ND,47.9809,-97.4896
Mekoryuk,AK,60.3657,-166.2836
Melba,ID,43.3784,-116.5489
Melber,KY,36.9197,-88.7520
Melbeta,NE,41.7817,-103.5172
Melbourne,AR,36.0600,-91.9052
Melbourne,FL,28.0691,-80.6200
Melbourne,IA,41.9323,-93.0856
Melbourne,KY,39.0067,-84.3538
Melbourne Beach,FL,28.0219,-80.5389
Melcher,IA,41.2229,-93.2194
Melcroft,PA,40.0648,-79.3587
Meldrim,GA,32.1431,-81.3781
Melfa,VA,37.6407,-75.7454
Melissa,TX,33.2841,-96.5740
Mellen,WI,46.3007,-90.6552
Mellenville,NY,42.2531,-73.6681
Mellette,SD,45.1631,-98.4824
Mellott,IN,40.1653,-87.1478
Mellwood,AR,34.2200,-91.0086
Melmore,OH,41.0390,-83.1432
Melrose,FL,29.7325,-82.0279
Melrose,IA,40.9665,-93.0145
Melrose,LA,31.5986,-92.9669
Melrose,MA,42.4581,-71.0632
Melrose,MN,45.6582,-94.8198
Melrose,MT,45.6319,-112.6836
Melrose,NM,34.4479,-103.6325
Melrose,NY,42.8412,-73.6077
Melrose,OH,41.0922,-84.4197
Melrose,WI,44.1382,-91.0445
Melrose Park,IL,41.9003,-87.8581
Melrude,MN,47.2423,-92.4264
Melstone,MT,46.5986,-107.8714
Melvern,KS,38.5027,-95.6290
Melville,LA,30.6626,-91.7565
Melville,MT,46.0364,-109.8809
Melville,NY,40.7946,-73.4030
Melvin,AL,31.9303,-88.4589
Melvin,IA,43.2845,-95.5930
Melvin,IL,40.5714,-88.2551
Melvin,KY,37.3503,-82.6942
Melvin,MI,43.1930,-82.8393
Melvin,TX,31.1851,-99.5439
Melvin Village,NH,43.6889,-71.3047
Melvindale,MI,42.2812,-83.1826
Memphis,IN,38.4642,-85.7775
Memphis,MI,42.9060,-82.7696
Memphis,MO,40.4619,-92.1851
Memphis,NE,41.0950,-96.4311
Memphis,NY,43.0934,-76.4030
Memphis,TN,35.0337,-89.9343
Memphis,TX,34.7122,-100.5347
Mena,AR,34.5814,-94.2210
Menahga,MN,46.7572,-95.0714
Menan,ID,43.7266,-111.9837
Menard,IL,37.9100,-89.8397
Menard,TX,30.9119,-99.7847
Menasha,WI,44.2112,-88.4175
Mendenhall,MS,31.9494,-89.8095
Mendenhall,PA,39.8539,-75.6417
Mendham,NJ,40.7789,-74.6000
Mendocino,CA,39.3232,-123.7885
Mendon,IL,40.0857,-91.2899
Mendon,MA,42.0967,-71.5499
Mendon,MI,42.0143,-85.4727
Mendon,MO,39.5828,-93.0892
Mendon,NY,42.9953,-77.5001
Mendon,OH,40.6777,-84.5152
Mendon,UT,41.7100,-111.9817
Mendota,CA,36.7424,-120.4093
Mendota,IL,41.5443,-89.1083
Mendota,MN,44.8858,-93.1612
Mendota,VA,36.7223,-82.2649
Menemsha,MA,41.3517,-70.7647
Menifee,AR,35.1483,-92.5539
Menifee,CA,33.6647,-117.1743
Menlo,GA,34.5709,-85.4597
Menlo,IA,41.5348,-94.4090
Menlo,WA,46.6217,-123.6458
Menlo Park,CA,37.4534,-122.1791
Menno,SD,43.2340,-97.5650
Meno,OK,36.3815,-98.1635
Menoken,ND,46.8610,-100.5275
Menominee,MI,45.1343,-87.6215
Menomonee Falls,WI,43.1602,-88.1128
Menomonie,WI,44.8718,-91.9265
Mentcle,PA,40.6372,-78.8825
Mentmore,NM,35.5142,-108.8450
Mentone,AL,34.5872,-85.5777
Mentone,CA,34.0774,-117.1126
Mentone,IN,41.1615,-86.0299
Mentone,TX,31.7384,-103.5503
Mentor,MN,47.6576,-96.1778
Mentor,OH,41.6895,-81.3421
Mequon,WI,43.2364,-87.9844
Mer Rouge,LA,32.7718,-91.7716
Meraux,LA,29.9335,-89.9214
Merced,CA,37.3007,-120.4617
Mercedes,TX,26.1513,-97.9185
Mercedita,PR,18.0052,-66.5602
Mercer,MO,40.5169,-93.5242
Mercer,ND,47.4858,-100.7171
Mercer,PA,41.2325,-80.2340
Mercer,TN,35.4818,-89.0373
Mercer,WI,46.1696,-90.0679
Mercer Island,WA,47.5631,-122.2266
Mercersburg,PA,39.8195,-77.9073
Merchantville,NJ,39.9519,-75.0482
Mercury,NV,36.6606,-115.9936
Meredith,CO,39.3353,-106.6782
Meredith,NH,43.6502,-71.5113
Meredithville,VA,36.8067,-77.9569
Meredosia,IL,39.7976,-90.5495
Mereta,TX,31.4863,-100.1834
Meridale,NY,42.3780,-74.9803
Meriden,CT,41.5334,-72.7997
Meriden,IA,42.7874,-95.6408
Meriden,KS,39.2038,-95.5476
Meriden,NH,43.5299,-72.2756
Meriden,WY,41.5424,-104.2866
Meridian,CA,39.1168,-121.8814
Meridian,GA,31.4111,-81.4239
Meridian,ID,43.6150,-116.3975
Meridian,MS,32.3574,-88.6560
Meridian,NY,43.1656,-76.5372
Meridian,OK,35.8451,-97.2462
Meridian,TX,31.9290,-97.6443
Meridianville,AL,34.8618,-86.5789
Merigold,MS,33.8373,-90.7256
Merino,CO,40.5115,-103.3447
Merion Station,PA,40.0030,-75.2503
Merit,TX,33.2167,-96.2872
Merkel,TX,32.4444,-99.9924
Merlin,OR,42.5297,-123.4393
Mermentau,LA,30.1897,-92.5825
Merna,IL,40.5167,-88.8258
Merna,NE,41.4435,-99.8036
Merom,IN,39.0323,-87.5397
Merrick,NY,40.6683,-73.5550
Merrifield,MN,46.4943,-94.2043
Merrifield,VA,38.8741,-77.2272
Merrill,IA,42.7047,-96.2283
Merrill,MI,43.3939,-84.3308
Merrill,OR,42.0295,-121.5985
Merrill,WI,45.1809,-89.6907
Merrillan,WI,44.4369,-90.8105
Merrillville,IN,41.4957,-87.3509
Merrimac,MA,42.8346,-71.0047
Merrimac,WI,43.3855,-89.6323
Merrimack,NH,42.8667,-71.5128
Merriman,NE,42.6419,-101.7583
Merritt,MI,44.3684,-85.0155
Merritt,NC,35.1228,-76.6994
Merritt Island,FL,28.3286,-80.6782
Merrittstown,PA,39.9649,-79.8744
Merry Hill,NC,36.0871,-76.7776
Merry Point,VA,37.7336,-76.4828
Merryville,LA,30.7701,-93.5307
Mershon,GA,31.4783,-82.2170
Mertens,TX,32.0275,-96.8981
Merton,WI,43.1467,-88.3067
Mertzon,TX,31.2829,-100.8221
Mertztown,PA,40.4992,-75.6872
Mesa,AZ,33.4317,-111.8469
Mesa,CO,39.1612,-108.1044
Mesa,ID,44.6577,-116.4211
Mesa,WA,46.5782,-119.1373
Mesa Verde National Park,CO,37.2331,-108.4792
Mescalero,NM,33.2164,-105.7743
Mesena,GA,33.4597,-82.5903
Meservey,IA,42.9137,-93.4773
Meshoppen,PA,41.6392,-76.0155
Mesick,MI,44.4075,-85.7061
Mesilla,NM,32.2717,-106.7967
Mesilla Park,NM,32.2977,-106.6370
Mesopotamia,OH,41.4583,-80.9553
Mesquite,NM,32.1460,-106.6676
Mesquite,NV,36.8055,-114.0663
Mesquite,TX,32.7678,-96.6082
Meta,MO,38.2500,-92.1358
Metairie,LA,29.9871,-90.1695
Metaline,WA,48.8506,-117.3897
Metaline Falls,WA,48.8597,-117.3633
Metamora,IL,40.7844,-89.4309
Metamora,IN,39.4288,-85.1504
Metamora,MI,42.9424,-83.3184
Metamora,OH,41.6952,-83.9260
Metcalf,IL,39.8008,-87.7955
Metcalfe,MS,33.4539,-91.0072
Methow,WA,48.0900,-120.0059
Methuen,MA,42.7280,-71.1810
Metlakatla,AK,55.1215,-131.5790
Metropolis,IL,37.1753,-88.7252
Metter,GA,32.4010,-82.0607
Metuchen,NJ,40.5449,-74.3517
Metz,MO,37.9975,-94.4431
Metz,WV,39.6078,-80.4168
Mexia,AL,31.5069,-87.3883
Mexia,TX,31.6784,-96.4952
Mexican Hat,UT,37.1184,-109.9919
Mexican Springs,NM,35.7837,-108.8190
Mexico,IN,40.8222,-86.1156
Mexico,ME,44.5628,-70.5358
Mexico,MO,39.1712,-91.8895
Mexico,NY,43.4605,-76.2446
Mexico,PA,40.5375,-77.3536
Mexico Beach,FL,29.9478,-85.4181
Meyers Chuck,AK,55.7417,-132.2533
Meyersdale,PA,39.7905,-79.0261
Meyersville,TX,28.9229,-97.3042
Mi Wuk Village,CA,38.1056,-120.1318
Miami,AZ,33.4319,-110.8812
Miami,FL,25.7790,-80.1982
Miami,IN,40.6142,-86.1064
Miami,MO,39.2821,-93.1968
Miami,NM,36.2895,-104.8118
Miami,OK,36.8764,-94.8719
Miami,TX,35.7193,-100.7027
Miami,WV,38.1522,-81.4481
Miami Beach,FL,25.7611,-80.1403
Miamisburg,OH,39.6321,-84.2675
Miamitown,OH,39.2158,-84.7042
Miamiville,OH,39.2125,-84.2994
Mica,WA,47.5538,-117.1637
Micanopy,FL,29.5260,-82.2797
Micaville,NC,35.9094,-82.2133
Michael,IL,39.2182,-90.6335
Michie,TN,35.0603,-88.4405
Michigamme,MI,46.6681,-87.8924
Michigan,ND,48.0414,-98.1242
Michigan Center,MI,42.2263,-84.3213
Michigan City,IN,41.6980,-86.8699
Michigan City,MS,34.9318,-89.1362
Michigantown,IN,40.3108,-86.3753
Mickleton,NJ,39.7857,-75.2498
Mico,TX,29.5910,-98.8821
Micro,NC,35.5636,-78.2047
Mid Florida,FL,28.7461,-81.6672
Middle Amana,IA,41.7997,-91.8827
Middle Bass,OH,41.6789,-82.8122
Middle Brook,MO,37.6702,-90.6735
Middle Falls,NY,43.1006,-73.5253
Middle Granville,NY,43.4508,-73.3031
Middle Grove,NY,43.0975,-74.0167
Middle Haddam,CT,41.5539,-72.5506
Middle Island,NY,40.8782,-72.9525
Middle Point,OH,40.8731,-84.4175
Middle River,MD,39.3401,-76.4153
Middle River,MN,48.4426,-96.1232
Middle Village,NY,40.7173,-73.8792
Middleboro,MA,41.8938,-70.9187
Middlebourne,WV,39.5054,-80.8861
Middlebranch,OH,40.8900,-81.3289
Middlebrook,VA,38.0242,-79.2812
Middleburg,FL,30.0686,-81.8606
Middleburg,KY,37.3591,-84.8321
Middleburg,NC,36.3994,-78.3228
Middleburg,OH,40.2925,-83.5825
Middleburg,PA,40.7977,-77.0468
Middleburg,VA,38.9871,-77.7465
Middleburgh,NY,42.5637,-74.3292
Middlebury,CT,41.5343,-73.1131
Middlebury,IN,41.6754,-85.7114
Middlebury,VT,44.0070,-73.1661
Middlebury Center,PA,41.8917,-77.3148
Middlefield,CT,41.5168,-72.7186
Middlefield,MA,42.3479,-73.0062
Middlefield,OH,41.4455,-81.0373
Middleport,NY,43.2183,-78.4841
Middleport,OH,38.9993,-82.0600
Middleport,PA,40.7294,-76.0858
Middlesboro,KY,36.6172,-83.7231
Middlesex,NC,35.7665,-78.2062
Middlesex,NJ,40.5759,-74.5008
Middlesex,NY,42.6976,-77.2805
Middleton,ID,43.7191,-116.6112
Middleton,MA,42.5942,-71.0130
Middleton,MI,43.1689,-84.7552
Middleton,TN,35.0818,-88.9046
Middleton,WI,43.1052,-89.5073
Middletown,CA,38.7825,-122.6435
Middletown,CT,41.5569,-72.6652
Middletown,DE,39.4815,-75.6832
Middletown,IA,40.8296,-91.2631
Middletown,IL,40.0967,-89.5818
Middletown,IN,40.0475,-85.5368
Middletown,MD,39.4416,-77.5502
Middletown,MO,39.1055,-91.3873
Middletown,NJ,40.3960,-74.1139
Middletown,NY,41.4572,-74.4120
Middletown,OH,39.5321,-84.3896
Middletown,PA,40.2041,-76.7331
Middletown,RI,41.5456,-71.2919
Middletown,VA,39.0009,-78.2492
Middletown,VA,39.0367,-78.2815
Middletown Springs,VT,43.4849,-73.1145
Middleville,MI,42.6932,-85.4759
Middleville,NJ,41.0558,-74.8633
Middleville,NY,43.1369,-74.9240
Midfield,TX,28.9362,-96.2265
Midkiff,TX,31.3068,-101.9269
Midkiff,WV,38.1439,-82.1542
Midland,AR,35.0931,-94.3531
Midland,GA,32.5616,-84.8559
Midland,IN,39.1219,-87.1917
Midland,MD,39.5900,-78.9500
Midland,MI,43.6376,-84.2680
Midland,NC,35.2477,-80.5319
Midland,OH,39.2917,-83.8931
Midland,OR,42.1308,-121.8192
Midland,PA,40.6590,-80.4690
Midland,SD,44.2374,-101.2924
Midland,TX,31.9896,-102.0626
Midland,VA,38.5671,-77.7127
Midland City,AL,31.3672,-85.5130
Midland Park,NJ,40.9957,-74.1409
Midlothian,IL,41.6341,-87.7324
Midlothian,MD,39.6342,-78.9503
Midlothian,TX,32.4757,-96.9936
Midlothian,VA,37.4310,-77.6545
Midnight,MS,33.0494,-90.5733
Midpines,CA,37.5710,-119.9465
Midvale,ID,44.4420,-116.7038
Midvale,OH,40.4378,-81.3733
Midvale,UT,40.6152,-111.8851
Midville,GA,32.8638,-82.2042
Midway,AL,32.0955,-85.5315
Midway,AR,36.2905,-92.4314
Midway,FL,30.4953,-84.4544
Midway,GA,31.8018,-81.3909
Midway,KY,38.1487,-84.6928
Midway,PA,40.3680,-80.2921
Midway,TN,36.1510,-83.0281
Midway,TX,30.9806,-95.7089
Midway,UT,40.5093,-111.4776
Midway,WV,37.7178,-81.2192
Midway City,CA,33.7448,-117.9835
Midway Park,NC,34.7270,-77.3200
Midwest,WY,43.4108,-106.2668
Mifflin,PA,40.5708,-77.4131
Mifflinburg,PA,40.9218,-77.0505
Mifflintown,PA,40.5727,-77.3761
Mifflinville,PA,41.0235,-76.2924
Mikado,MI,44.5833,-83.4355
Mikana,WI,45.5919,-91.6011
Mikkalo,OR,45.7169,-120.1997
Milaca,MN,45.7795,-93.6453
Milam,TX,31.4700,-93.8318
Milam,WV,38.8125,-79.0729
Milan,GA,31.9618,-83.0588
Milan,IL,41.4262,-90.5739
Milan,IN,39.1503,-85.1324
Milan,KS,37.2578,-97.6521
Milan,MI,42.0914,-83.6776
Milan,MN,45.1143,-95.8690
Milan,MO,40.1844,-93.1361
Milan,NH,44.5870,-71.1810
Milan,NM,35.1697,-107.8903
Milan,OH,41.3111,-82.6126
Milan,PA,41.8966,-76.5328
Milan,TN,35.9251,-88.7688
Milano,TX,30.7366,-96.8035
Milanville,PA,41.6492,-75.0882
Milbank,SD,45.2061,-96.6255
Milbridge,ME,44.5366,-67.8844
Milburn,KY,36.7986,-88.8997
Milburn,OK,34.1952,-96.5429
Mildred,MT,46.7517,-104.7891
Mildred,PA,41.4792,-76.3831
Miles,IA,42.1006,-90.3367
Miles,TX,31.6121,-100.1823
Miles City,MT,46.4075,-105.8332
Milesburg,PA,40.9417,-77.7853
Milesville,SD,44.4283,-101.7523
Miley,SC,32.9478,-81.0319
Milfay,OK,35.7550,-96.5656
Milford,CA,40.1828,-120.3895
Milford,CT,41.2175,-73.0549
Milford,DE,38.9218,-75.4299
Milford,IA,43.3196,-95.1615
Milford,IL,40.6293,-87.6853
Milford,IN,41.4011,-85.8554
Milford,KS,39.1692,-96.9100
Milford,KY,38.5817,-84.1567
Milford,MA,42.1511,-71.5274
Milford,ME,44.9393,-68.6296
Milford,MI,42.6020,-83.6508
Milford,MO,37.5847,-94.1569
Milford,NE,40.7632,-97.0576
Milford,NH,42.8285,-71.6606
Milford,NJ,40.5929,-75.1025
Milford,NY,42.6148,-74.9685
Milford,OH,39.1800,-84.2438
Milford,PA,41.3228,-74.8824
Milford,TX,32.1482,-96.9612
Milford,UT,38.3311,-112.9934
Milford,VA,38.0058,-77.3185
Milford Center,OH,40.1817,-83.4373
Milford Square,PA,40.4369,-75.3992
Mililani,HI,21.4531,-158.0174
Mill City,OR,44.7516,-122.4768
Mill Creek,CA,40.3264,-121.5217
Mill Creek,IN,41.5561,-86.5472
Mill Creek,OK,34.3098,-96.7884
Mill Creek,PA,40.4471,-77.9177
Mill Creek,WA,47.8603,-122.2031
Mill Creek,WV,38.7325,-79.9786
Mill Hall,PA,41.0867,-77.4836
Mill Neck,NY,40.8857,-73.5526
Mill River,MA,42.1139,-73.2681
Mill Run,PA,39.9680,-79.4622
Mill Shoals,IL,38.2447,-88.3338
Mill Spring,MO,37.0675,-90.6746
Mill Spring,NC,35.3338,-82.1557
Mill Valley,CA,37.8958,-122.5339
Mill Village,PA,41.8764,-79.9717
Milladore,WI,44.6044,-89.8875
Millboro,VA,38.0058,-79.6406
Millbrae,CA,37.6004,-122.4020
Millbrook,AL,32.4995,-86.3641
Millbrook,IL,41.5983,-88.5528
Millbrook,NY,41.7803,-73.6885
Millburn,NJ,40.7228,-74.3015
Millbury,MA,42.1968,-71.7644
Millbury,OH,41.5611,-83.4381
Millcreek,IL,37.3531,-89.2699
Milldale,CT,41.5658,-72.8922
Milledgeville,GA,33.0769,-83.3032
Milledgeville,IL,41.9674,-89.7801
Milledgeville,OH,39.5928,-83.5875
Milledgeville,TN,35.3452,-88.3991
Millen,GA,32.7877,-81.9618
Miller,MO,37.2225,-93.8422
Miller,NE,40.9422,-99.3740
Miller,SD,44.4966,-98.9894
Miller City,IL,37.1034,-89.3494
Miller City,OH,41.1028,-84.1314
Miller Place,NY,40.9436,-72.9913
Millers Creek,NC,36.2119,-81.2485
Millers Falls,MA,42.5762,-72.4946
Millers Tavern,VA,37.8281,-76.9453
Millersburg,IA,41.5751,-92.1608
Millersburg,IN,41.5335,-85.7072
Millersburg,KY,38.3019,-84.1475
Millersburg,MI,45.4022,-84.1222
Millersburg,OH,40.5567,-81.8324
Millersburg,PA,40.5587,-76.9305
Millersport,OH,39.8993,-82.5283
Millerstown,PA,40.5505,-77.1298
Millersview,TX,31.4167,-99.7171
Millersville,MD,39.1041,-76.6190
Millersville,MO,37.4401,-89.7950
Millersville,PA,39.9982,-76.3566
Millerton,IA,40.8549,-93.2796
Millerton,NY,41.9536,-73.5287
Millerton,OK,33.9858,-95.0133
Millerton,PA,41.9625,-76.9748
Millerville,AL,33.1590,-85.9690
Millfield,OH,39.4077,-82.1113
Millheim,PA,40.8963,-77.4505
Millhousen,IN,39.2106,-85.4325
Millican,TX,30.4683,-96.2022
Milligan,FL,30.7522,-86.6408
Milligan,NE,40.4952,-97.3997
Milligan College,TN,36.3000,-82.2942
Milliken,CO,40.3107,-104.8761
Millington,IL,41.5625,-88.5983
Millington,MD,39.2580,-75.8500
Millington,MI,43.2718,-83.5619
Millington,NJ,40.6727,-74.5183
Millington,TN,35.3185,-89.9054
Millinocket,ME,45.6596,-68.7101
Millis,MA,42.1669,-71.3607
Millmont,PA,40.8803,-77.1941
Millport,AL,33.5401,-88.2000
Millport,NY,42.2581,-76.8392
Millrift,PA,41.3583,-74.7739
Millry,AL,31.6269,-88.3559
Mills,NE,42.9225,-99.4466
Mills,NM,36.1281,-104.2277
Mills,PA,41.9025,-77.7621
Mills,WY,42.8406,-106.3653
Mills River,NC,35.3711,-82.5884
Millsap,TX,32.6700,-97.8784
Millsboro,DE,38.5934,-75.2555
Millsboro,PA,39.9867,-79.9939
Millstadt,IL,38.4443,-90.0888
Millston,WI,44.1931,-90.6475
Millstone,KY,37.1516,-82.7533
Millstone,WV,38.8603,-81.0864
Millstone Township,NJ,40.1998,-74.4344
Milltown,IN,38.3445,-86.3003
Milltown,MT,46.8714,-113.8808
Milltown,NJ,40.4493,-74.4390
Milltown,WI,45.5271,-92.5017
Millville,CA,40.5653,-122.1111
Millville,DE,38.5589,-75.1078
Millville,MA,42.0331,-71.5798
Millville,MN,44.2359,-92.2672
Millville,NJ,39.3673,-75.0293
Millville,PA,41.1261,-76.5208
Millville,UT,41.6817,-111.8222
Millville,WV,39.2939,-77.7861
Millwood,GA,31.2506,-82.6441
Millwood,KY,37.4609,-86.3798
Millwood,NY,41.2015,-73.7926
Millwood,VA,39.0694,-78.0381
Millwood,WV,38.8962,-81.8248
Milmay,NJ,39.4451,-74.8667
Milmine,IL,39.9007,-88.6487
Milner,GA,33.1410,-84.1759
Milnesand,NM,33.6050,-103.2782
Milnesville,PA,40.9903,-75.9831
Milnor,ND,46.2551,-97.4337
Milo,IA,41.2904,-93.4454
Milo,ME,45.2507,-68.9771
Milo,MO,37.7446,-94.3046
Milpitas,CA,37.4365,-121.8929
Milroy,IN,39.4955,-85.5044
Milroy,MN,44.4365,-95.5545
Milroy,PA,40.7203,-77.5567
Milton,DE,38.7687,-75.2953
Milton,FL,30.6604,-87.0473
Milton,IA,40.6721,-92.1438
Milton,IL,39.5508,-90.6443
Milton,IN,39.7763,-85.1423
Milton,KS,37.4401,-97.7592
Milton,KY,38.6925,-85.3659
Milton,LA,30.1036,-92.0764
Milton,MA,42.2537,-71.0771
Milton,NC,36.5158,-79.2087
Milton,ND,48.6170,-98.0183
Milton,NH,43.4097,-70.9889
Milton,NY,41.6535,-73.9772
Milton,PA,41.0168,-76.8398
Milton,TN,35.9221,-86.1824
Milton,VT,44.6483,-73.1317
Milton,WA,47.2483,-122.3155
Milton,WI,42.7791,-88.9531
Milton,WV,38.4140,-82.1458
Milton Center,OH,41.3025,-83.8289
Milton Freewater,OR,45.9486,-118.3912
Milton Mills,NH,43.5025,-70.9697
Milton Village,MA,42.2667,-71.0722
Miltona,MN,46.0545,-95.3258
Miltonvale,KS,39.3481,-97.4579
Milwaukee,NC,36.4053,-77.2325
Milwaukee,WI,43.0343,-87.9151
Mimbres,NM,32.8609,-107.9423
Mims,FL,28.6974,-80.8663
Mina,NV,38.3906,-118.1078
Minatare,NE,41.8493,-103.4890
Minburn,IA,41.7562,-94.0150
Minco,OK,35.3067,-97.9664
Minden,IA,41.4654,-95.5519
Minden,LA,32.6323,-93.2886
Minden,NE,40.5091,-98.9383
Minden,NV,39.0218,-119.7314
Minden,TX,32.0497,-94.7630
Minden,WV,37.9758,-81.1197
Minden City,MI,43.6814,-82.7299
Mindenmines,MO,37.4520,-94.5756
Mindoro,WI,44.0287,-91.0642
Mine Hill,NJ,40.8782,-74.5978
Mineola,IA,41.1102,-95.7557
Mineola,NY,40.7469,-73.6398
Mineola,TX,32.6661,-95.4870
Mineral,CA,40.3288,-121.5248
Mineral,IL,41.4036,-89.8201
Mineral,TX,28.5483,-97.9039
Mineral,VA,37.9986,-77.8781
Mineral,WA,46.7096,-122.1861
Mineral Bluff,GA,34.9341,-84.2541
Mineral City,OH,40.6257,-81.3546
Mineral Point,MO,37.9156,-90.7193
Mineral Point,PA,40.3793,-78.8352
Mineral Point,WI,42.8547,-90.1646
Mineral Ridge,OH,41.1318,-80.7553
Mineral Springs,AR,33.8639,-93.9188
Mineral Springs,NC,34.9378,-80.6689
Mineral Springs,PA,40.9981,-78.3639
Mineral Wells,TX,32.8103,-98.0631
Mineral Wells,WV,39.2100,-81.5305
Minersville,PA,40.6906,-76.2615
Minersville,UT,38.2142,-112.9228
Minerva,KY,38.7053,-83.9192
Minerva,NY,43.7811,-73.9835
Minerva,OH,40.7420,-81.1031
Minetto,NY,43.3981,-76.4778
Mineville,NY,44.0876,-73.5236
Minford,OH,38.8751,-82.8555
Mingo,IA,41.7898,-93.2880
Mingo,OH,40.2081,-83.6383
Mingo Junction,OH,40.3203,-80.6250
Mingoville,PA,40.9322,-77.6483
Mingus,TX,32.5627,-98.4263
Minidoka,ID,42.7598,-113.6200
Minier,IL,40.4359,-89.3165
Minisink Hills,PA,40.9983,-75.1375
Minneapolis,KS,39.1295,-97.6688
Minneapolis,MN,44.9835,-93.2683
Minneapolis,MN,45.0496,-93.2461
Minneapolis,NC,36.0992,-81.9872
Minneola,FL,28.5742,-81.7464
Minneola,KS,37.4245,-99.9604
Minneota,MN,44.5587,-95.9767
Minnesota City,MN,44.0832,-91.7418
Minnesota Lake,MN,43.8295,-93.8282
Minnetonka,MN,44.9138,-93.4850
Minnetonka Beach,MN,44.9397,-93.5764
Minnewaukan,ND,48.0698,-99.2743
Minnie,KY,37.4722,-82.7542
Minoa,NY,43.0772,-76.0098
Minocqua,WI,45.8719,-89.7580
Minong,WI,46.1044,-91.8506
Minonk,IL,40.8985,-89.0349
Minooka,IL,41.4615,-88.2786
Minor Hill,TN,35.0500,-87.1522
Minot,MA,42.1958,-70.7264
Minot,ME,44.0856,-70.3206
Minot,ND,48.2291,-101.2985
Minot Afb,ND,48.4232,-101.3168
Minotola,NJ,39.5155,-74.9467
Minster,OH,40.3910,-84.3729
Mint Spring,VA,38.0744,-79.1011
Minter,AL,32.0954,-86.9250
Minter City,MS,33.7515,-90.3133
Minto,AK,65.0584,-149.6912
Minto,ND,48.2989,-97.3337
Minturn,AR,35.9761,-91.0337
Minturn,CO,39.5328,-106.3933
Minturn,SC,34.5169,-79.4725
Mio,MI,44.6665,-84.1353
Mira Loma,CA,33.9938,-117.5236
Miracle,KY,36.7606,-83.5842
Miramar Beach,FL,30.3823,-86.3509
Miramonte,CA,36.6894,-119.0477
Miranda,CA,40.2347,-123.8225
Mirando City,TX,27.4450,-99.0011
Mirror Lake,NH,43.6366,-71.2729
Misenheimer,NC,35.4847,-80.2886
Mishawaka,IN,41.6507,-86.1623
Mishicot,WI,44.2609,-87.6447
Mission,KS,39.0198,-94.6651
Mission,SD,43.2850,-100.5954
Mission,TX,26.2415,-98.3426
Mission Hill,SD,42.9836,-97.3349
Mission Hills,CA,34.2619,-118.4587
Mission Viejo,CA,33.6000,-117.6711
Mississippi State,MS,33.4594,-88.7908
Missoula,MT,46.8563,-114.0252
Missouri City,MO,39.2408,-94.2878
Missouri City,TX,29.5704,-95.5423
Missouri Valley,IA,41.5644,-95.8913
Mistletoe,KY,37.3314,-83.5881
Mitchell,GA,33.2052,-82.6817
Mitchell,IN,38.7426,-86.4761
Mitchell,NE,41.9459,-103.7960
Mitchell,OR,44.5657,-120.1456
Mitchell,SD,43.7109,-98.0270
Mitchells,VA,38.3744,-78.0105
Mitchellsburg,KY,37.6006,-84.9497
Mitchellville,IA,41.6609,-93.3700
Mitchellville,TN,36.6319,-86.5408
Mittie,LA,30.6788,-92.9321
Mize,KY,37.8669,-83.3453
Mize,MS,31.8473,-89.5741
Mizpah,MN,47.9495,-94.1467
Mizpah,NJ,39.4867,-74.8361
Moab,UT,38.5677,-109.5271
Moapa,NV,36.6758,-114.6200
Moatsville,WV,39.2123,-79.9216
Mobeetie,TX,35.5297,-100.4242
Moberly,MO,39.4202,-92.4358
Mobile,AL,30.6959,-88.0434
Mobridge,SD,45.5407,-100.4315
Moca,PR,18.3950,-67.1633
Moccasin,CA,37.8108,-120.2989
Moccasin,MT,47.0916,-109.8901
Mocksville,NC,35.9220,-80.5370
Moclips,WA,47.2226,-124.2044
Modale,IA,41.6371,-95.9852
Mode,IL,39.1881,-88.7867
Model,CO,37.4785,-104.1307
Model City,NY,43.1850,-78.9839
Modena,NY,41.6503,-74.1036
Modena,PA,39.9667,-75.8000
Modena,UT,37.7995,-113.9193
Modest Town,VA,37.8128,-75.5653
Modesto,CA,37.6746,-121.0113
Modesto,IL,39.4760,-89.9794
Modoc,IL,38.0507,-90.0163
Modoc,IN,40.0582,-85.0919
Modoc,SC,33.7249,-82.2035
Moffat,CO,38.0452,-105.8411
Moffett,OK,35.3903,-94.4467
Moffit,ND,46.6757,-100.2975
Mogadore,OH,41.0382,-81.3590
Mohall,ND,48.7658,-101.5545
Mohave Valley,AZ,34.8929,-114.5951
Mohawk,MI,47.3201,-88.3326
Mohawk,NY,42.9900,-74.9853
Mohawk,TN,36.1869,-83.0902
Mohawk,WV,37.4879,-81.9142
Mohegan Lake,NY,41.3143,-73.8508
Mohler,WA,47.4811,-118.2533
Mohnton,PA,40.2584,-75.9833
Mohrsville,PA,40.4783,-76.0125
Moira,NY,44.8504,-74.5603
Mojave,CA,35.0478,-118.1735
Mokane,MO,38.6998,-91.8868
Mokelumne Hill,CA,38.3289,-120.5677
Mokena,IL,41.5342,-87.8911
Molalla,OR,45.1223,-122.5756
Molena,GA,32.9978,-84.4558
Molina,CO,39.1892,-108.0597
Moline,IL,41.4906,-90.4980
Moline,KS,37.3649,-96.3069
Moline,MI,42.7392,-85.6639
Molino,FL,30.7239,-87.3142
Mollusk,VA,37.7300,-76.5383
Molt,MT,45.8615,-108.9731
Momence,IL,41.1593,-87.6575
Mona,UT,39.8382,-111.8480
Monaca,PA,40.6718,-80.2917
Monahans,TX,31.5813,-102.9003
Monarch,CO,38.5328,-106.0494
Monarch,MT,47.0722,-110.8710
Moncks Corner,SC,33.1631,-80.0366
Monclova,OH,41.5684,-83.7757
Moncure,NC,35.6306,-79.0839
Mondamin,IA,41.7089,-96.0072
Mondovi,WI,44.6099,-91.6696
Monee,IL,41.4191,-87.7748
Monessen,PA,40.1524,-79.8835
Moneta,VA,37.1784,-79.6521
Monett,MO,36.9212,-93.9258
Monetta,SC,33.7747,-81.5363
Monette,AR,35.9002,-90.3437
Money,MS,33.6511,-90.2092
Mongaup Valley,NY,41.6810,-74.8028
Mongo,IN,41.6847,-85.2797
Monhegan,ME,43.7642,-69.3164
Monitor,WA,47.4869,-120.4169
Monkton,MD,39.5766,-76.5930
Monkton,VT,44.2275,-73.1306
Monmouth,IA,42.0772,-90.8786
Monmouth,IL,40.9107,-90.6448
Monmouth,ME,44.2208,-70.0263
Monmouth,OR,44.8377,-123.2512
Monmouth Beach,NJ,40.3330,-73.9809
Monmouth Junction,NJ,40.3944,-74.5470
Mono Hot Springs,CA,37.1680,-119.2095
Monocacy Station,PA,40.2617,-75.7669
Monon,IN,40.8612,-86.8635
Monona,IA,43.0735,-91.4587
Monongahela,PA,40.1937,-79.9241
Monponsett,MA,42.0183,-70.8472
Monroe,AR,34.7347,-91.1044
Monroe,CT,41.3312,-73.2243
Monroe,GA,33.8081,-83.7072
Monroe,IA,41.5356,-93.0726
Monroe,IN,40.7005,-84.8441
Monroe,LA,32.5286,-92.1061
Monroe,ME,44.5927,-69.0317
Monroe,MI,41.9275,-83.4048
Monroe,NC,35.0178,-80.5372
Monroe,NE,41.4783,-97.6061
Monroe,NH,44.2734,-72.0250
Monroe,NY,41.3306,-74.1872
Monroe,OH,39.4413,-84.3652
Monroe,OK,34.9925,-94.5167
Monroe,OR,44.3245,-123.3203
Monroe,SD,43.4779,-97.2182
Monroe,TN,36.4642,-85.2164
Monroe,UT,38.6453,-112.1324
Monroe,VA,37.5414,-79.1703
Monroe,WA,47.8585,-121.9474
Monroe,WI,42.5991,-89.6403
Monroe Bridge,MA,42.7239,-72.9602
Monroe Center,IL,42.1050,-89.0169
Monroe City,IN,38.6001,-87.3641
Monroe City,MO,39.6546,-91.7230
Monroe Township,NJ,40.3425,-74.4336
Monroeton,PA,41.6994,-76.5010
Monroeville,AL,31.5153,-87.3410
Monroeville,IN,40.9870,-84.8937
Monroeville,NJ,39.6442,-75.1568
Monroeville,OH,41.2181,-82.7023
Monroeville,PA,40.4290,-79.7623
Monrovia,CA,34.1440,-118.0014
Monrovia,IN,39.5714,-86.4894
Monrovia,MD,39.3512,-77.2494
Monsey,NY,41.1163,-74.0736
Monson,MA,42.1010,-72.3196
Monson,ME,45.2981,-69.4880
Mont Alto,PA,39.8417,-77.5537
Mont Belvieu,TX,29.8475,-94.8906
Mont Clare,PA,40.1364,-75.4999
Mont Vernon,NH,42.8976,-71.6762
Montague,CA,41.7243,-122.4638
Montague,MA,42.5429,-72.5328
Montague,MI,43.4242,-86.3740
Montague,NJ,41.3023,-74.7540
Montague,TX,33.6639,-97.7282
Montalba,TX,31.9222,-95.7593
Montana Mines,WV,39.5186,-80.1086
Montandon,PA,40.9759,-76.8510
Montara,CA,37.5422,-122.5150
Montauk,NY,41.0459,-71.9440
Montcalm,WV,37.3517,-81.2517
Montchanin,DE,39.7897,-75.5894
Montclair,CA,34.0733,-117.6987
Montclair,NJ,40.8131,-74.2165
Monte Rio,CA,38.4627,-123.0045
Monte Vista,CO,37.5731,-106.1408
Monteagle,TN,35.2402,-85.8228
Montebello,CA,34.0133,-118.1130
Montebello,VA,37.8399,-79.0611
Montegut,LA,29.4744,-90.5440
Montello,NV,41.2614,-114.1933
Montello,WI,43.7690,-89.3586
Monterey,CA,36.5956,-121.8848
Monterey,IN,41.1383,-86.5179
Monterey,LA,31.4403,-91.7345
Monterey,MA,42.1878,-73.2135
Monterey,TN,36.1509,-85.2542
Monterey,VA,38.4058,-79.5941
Monterey Park,CA,34.0534,-118.1271
Monterville,WV,38.5517,-80.1224
Montesano,WA,47.0901,-123.5006
Montevallo,AL,33.1248,-86.8622
Montevideo,MN,44.9688,-95.6765
Monteview,ID,43.9862,-112.5783
Montezuma,GA,32.3026,-84.0041
Montezuma,IA,41.5928,-92.5276
Montezuma,IN,39.7961,-87.3607
Montezuma,KS,37.6016,-100.4461
Montezuma,NC,36.0650,-81.9028
Montezuma,NM,35.6830,-105.4097
Montezuma,NY,43.0100,-76.7036
Montezuma,OH,40.4889,-84.5486
Montezuma Creek,UT,37.2728,-109.3372
Montfort,WI,42.9757,-90.4447
Montgomery,AL,32.3743,-86.3118
Montgomery,IL,41.7177,-88.3320
Montgomery,IN,38.6521,-87.0476
Montgomery,LA,31.6674,-92.8412
Montgomery,MI,41.7928,-84.8496
Montgomery,MN,44.4356,-93.5810
Montgomery,NY,41.5333,-74.2534
Montgomery,PA,41.1788,-76.8839
Montgomery,TX,30.3881,-95.6961
Montgomery,VT,44.9025,-72.6386
Montgomery,WV,38.1412,-81.2814
Montgomery Center,VT,44.8746,-72.5994
Montgomery City,MO,38.9839,-91.5085
Montgomery Creek,CA,40.9124,-121.9233
Montgomery Village,MD,39.1790,-77.1928
Montgomeryville,PA,40.2514,-75.2346
Monticello,AR,33.6250,-91.7948
Monticello,FL,30.5197,-83.8925
Monticello,GA,33.3118,-83.7140
Monticello,IA,42.2326,-91.1989
Monticello,IL,40.0263,-88.5686
Monticello,IN,40.7626,-86.7550
Monticello,KY,36.8427,-84.8393
Monticello,ME,46.3007,-67.8414
Monticello,MN,45.2797,-93.8097
Monticello,MN,45.2956,-93.8023
Monticello,MO,40.1040,-91.7123
Monticello,MS,31.5238,-90.1280
Monticello,NM,33.3969,-107.4503
Monticello,NY,41.6516,-74.7007
Monticello,UT,37.9217,-109.3153
Monticello,WI,42.7415,-89.6081
Montier,MO,36.9869,-91.5753
Montmorenci,IN,40.4742,-87.0294
Montmorenci,SC,33.5278,-81.6367
Montour,IA,41.9709,-92.7006
Montour Falls,NY,42.3437,-76.8396
Montoursville,PA,41.2663,-76.9030
Montpelier,IA,41.4592,-90.8069
Montpelier,ID,42.3520,-111.3195
Montpelier,IN,40.5577,-85.2513
Montpelier,MS,33.7178,-88.9478
Montpelier,ND,46.6542,-98.5976
Montpelier,OH,41.5982,-84.6147
Montpelier,VA,37.8177,-77.6924
Montpelier,VT,44.2574,-72.5698
Montpelier Station,VA,38.2281,-78.1767
Montreal,MO,37.9851,-92.5470
Montreal,WI,46.4257,-90.2442
Montreat,NC,35.6442,-82.3031
Montrose,AL,30.5656,-87.9017
Montrose,AR,33.3075,-91.5228
Montrose,CA,34.2114,-118.2305
Montrose,CO,38.4678,-107.8752
Montrose,GA,32.5619,-83.1601
Montrose,IA,40.5139,-91.4240
Montrose,IL,39.1573,-88.3350
Montrose,MI,43.1754,-83.8824
Montrose,MN,45.0897,-93.9318
Montrose,MO,38.2597,-93.9952
Montrose,NY,41.2496,-73.9446
Montrose,PA,41.8396,-75.8821
Montrose,SD,43.7063,-97.1885
Montrose,WV,39.0964,-79.7896
Montross,VA,38.1105,-76.7828
Montvale,NJ,41.0495,-74.0384
Montvale,VA,37.4070,-79.7175
Montverde,FL,28.5972,-81.6794
Montville,CT,41.4453,-72.1265
Montville,NJ,40.9049,-74.3646
Montville,OH,41.6034,-81.0570
Monument,CO,39.1007,-104.8542
Monument,KS,39.0790,-101.0350
Monument,NM,32.5874,-103.2703
Monument,OR,44.8185,-119.4302
Monument Beach,MA,41.7194,-70.6125
Monument Valley,UT,37.0614,-110.4273
Moodus,CT,41.5078,-72.4419
Moody,AL,33.5841,-86.5156
Moody,ME,43.2750,-70.5975
Moody,MO,36.5330,-91.9898
Moody,TX,31.2533,-97.4100
Moody A F B,GA,30.9644,-83.1967
Moodys,OK,36.0311,-94.9575
Mooers,NY,44.9592,-73.5834
Mooers Forks,NY,44.9602,-73.6730
Moon,VA,37.4493,-76.3065
Moonachie,NJ,40.8394,-74.0566
Moorcroft,WY,44.2999,-104.9059
Moore,ID,43.7821,-113.2603
Moore,MT,46.9898,-109.6538
Moore,SC,34.8835,-82.0179
Moore,TX,29.0354,-98.9874
Moore Haven,FL,26.8327,-81.2188
Moorefield,KY,38.2926,-83.8929
Moorefield,NE,40.5786,-100.3108
Moorefield,WV,39.0568,-78.9779
Mooreland,IN,39.9941,-85.2581
Mooreland,OK,36.4428,-99.1832
Moores Hill,IN,39.0945,-85.0638
Mooresboro,NC,35.2484,-81.6722
Mooresburg,TN,36.3621,-83.2095
Moorestown,NJ,39.9683,-74.9533
Mooresville,AL,34.6283,-86.8803
Mooresville,IN,39.5915,-86.3642
Mooresville,MO,39.7425,-93.7169
Mooresville,NC,35.5774,-80.8226
Mooreton,ND,46.2615,-96.8507
Mooreville,MS,34.2808,-88.5950
Moorhead,IA,41.9186,-95.8290
Moorhead,MN,46.8677,-96.7572
Moorhead,MS,33.4783,-90.5143
Mooringsport,LA,32.6626,-93.9730
Moorland,IA,42.4340,-94.3199
Moorpark,CA,34.2856,-118.8811
Moose,WY,43.7712,-110.8575
Moose Lake,MN,46.4472,-92.7466
Moose Pass,AK,60.8585,-149.2559
Mooseheart,IL,41.8241,-88.3315
Moosic,PA,41.3615,-75.7171
Moosup,CT,41.7210,-71.8850
Mora,LA,31.3339,-92.8889
Mora,MN,45.8958,-93.2942
Mora,MO,38.5207,-93.2272
Mora,NM,36.0040,-105.3128
Moraga,CA,37.8437,-122.1242
Moran,KS,37.9342,-95.1647
Moran,MI,46.0441,-85.0078
Moran,TX,32.5549,-99.1656
Moran,WY,43.8816,-110.3294
Morann,PA,40.7864,-78.3672
Morattico,VA,37.7892,-76.6294
Moravia,IA,40.8825,-92.8534
Moravia,NY,42.7355,-76.3990
Moravian Falls,NC,36.0788,-81.1781
Moreauville,LA,31.0368,-91.9818
Morehead,KY,38.1990,-83.4436
Morehead City,NC,34.7253,-76.7531
Morehouse,MO,36.8190,-89.6852
Moreland,GA,33.2734,-84.7566
Moreland,ID,43.2228,-112.4417
Morenci,AZ,33.0436,-109.3115
Morenci,MI,41.7386,-84.2192
Moreno Valley,CA,33.8858,-117.2211
Moretown,VT,44.2596,-72.7494
Morgan,GA,31.5375,-84.5994
Morgan,MN,44.3926,-94.9218
Morgan,PA,40.3604,-80.1541
Morgan,TX,32.0195,-97.5608
Morgan,UT,41.0678,-111.7163
Morgan,VT,44.9066,-71.9941
Morgan City,LA,29.7239,-91.1165
Morgan City,MS,33.3806,-90.3503
Morgan Hill,CA,37.1292,-121.6464
Morgan Mill,TX,32.3881,-98.1669
Morganfield,KY,37.6639,-87.8769
Morganton,GA,34.8714,-84.2115
Morganton,NC,35.7346,-81.7042
Morgantown,IN,39.3628,-86.2803
Morgantown,KY,37.1910,-86.7037
Morgantown,PA,40.1552,-75.8998
Morgantown,WV,39.6368,-80.0180
Morganville,KS,39.5092,-97.2492
Morganville,NJ,40.3529,-74.2779
Morganza,LA,30.7245,-91.5959
Morganza,MD,38.3753,-76.6958
Moriah,NY,44.0438,-73.5079
Moriah Center,NY,44.0662,-73.5111
Moriarty,NM,34.9889,-106.0609
Moriches,NY,40.8095,-72.8229
Morland,KS,39.3229,-100.0733
Morley,IA,42.0061,-91.2461
Morley,MI,43.5060,-85.4473
Morley,MO,37.0436,-89.6103
Mormon Lake,AZ,34.9169,-111.4549
Morning Sun,IA,41.0984,-91.2581
Morning View,KY,38.8394,-84.5069
Moro,AR,34.8030,-91.0060
Moro,IL,38.9318,-89.9618
Moro,OR,45.4853,-120.6957
Morocco,IN,40.9645,-87.4187
Morongo Valley,CA,34.0606,-116.5656
Moroni,UT,39.5250,-111.5897
Morovis,PR,18.3278,-66.4069
Morral,OH,40.6954,-83.2046
Morrice,MI,42.8385,-84.1768
Morrill,KS,39.9356,-95.7120
Morrill,ME,44.4107,-69.1471
Morrill,NE,41.9681,-103.9182
Morrilton,AR,35.1692,-92.7354
Morris,AL,33.7392,-86.7726
Morris,CT,41.6881,-73.1765
Morris,GA,31.7942,-84.9464
Morris,IL,41.3672,-88.4178
Morris,IN,39.2822,-85.1775
Morris,MN,45.5921,-95.9172
Morris,NY,42.5478,-75.2448
Morris,OK,35.6619,-95.8319
Morris,PA,41.5475,-77.2920
Morris Chapel,TN,35.3026,-88.3176
Morris Run,PA,41.6729,-77.0278
Morrisdale,PA,41.0001,-78.2357
Morrison,CO,39.6125,-105.1746
Morrison,IA,42.3442,-92.6736
Morrison,IL,41.8167,-89.9690
Morrison,MO,38.6060,-91.6580
Morrison,OK,36.2902,-97.0228
Morrison,TN,35.6000,-85.8899
Morrisonville,IL,39.4153,-89.4541
Morrisonville,NY,44.6894,-73.5772
Morrisonville,WI,43.2772,-89.3594
Morriston,FL,29.2813,-82.4917
Morristown,AZ,33.7730,-112.5483
Morristown,IN,39.6675,-85.6934
Morristown,MN,44.2342,-93.4525
Morristown,NJ,40.7952,-74.4873
Morristown,NY,44.5864,-75.6486
Morristown,OH,40.0631,-81.0744
Morristown,SD,45.9006,-101.6998
Morristown,TN,36.1957,-83.2755
Morrisville,MO,37.4686,-93.4275
Morrisville,NC,35.8344,-78.8466
Morrisville,NY,42.9108,-75.6487
Morrisville,PA,40.2121,-74.8222
Morrisville,VT,44.5543,-72.6026
Morro Bay,CA,35.3795,-120.8447
Morrow,AR,35.8537,-94.4258
Morrow,GA,33.5849,-84.3247
Morrow,LA,30.8249,-92.0408
Morrow,OH,39.3476,-84.1181
Morrowville,KS,39.8616,-97.1825
Morse,LA,30.1434,-92.4632
Morse,TX,36.0596,-101.4729
Morse Bluff,NE,41.4178,-96.7862
Morse Mill,MO,38.2767,-90.6531
Morton,IL,40.6148,-89.4604
Morton,MN,44.5662,-95.0268
Morton,MS,32.4361,-89.5512
Morton,NY,43.3281,-77.9956
Morton,PA,39.9063,-75.3238
Morton,TX,33.7157,-102.7796
Morton,WA,46.5581,-122.2496
Morton Grove,IL,42.0431,-87.7899
Mortons Gap,KY,37.2367,-87.4753
Morven,GA,30.8937,-83.4498
Morven,NC,34.8511,-80.0025
Morvin,AL,31.9673,-87.9729
Mosby,MO,39.3156,-94.2936
Mosby,MT,46.9005,-107.7891
Mosca,CO,37.6358,-105.8069
Moscow,AR,34.1464,-91.7950
Moscow,IA,41.5646,-91.0859
Moscow,ID,46.7309,-116.9897
Moscow,KS,37.3172,-101.2427
Moscow,MI,42.0494,-84.5100
Moscow,OH,38.8583,-84.1958
Moscow,PA,41.3432,-75.5301
Moscow,TN,35.0588,-89.3595
Moscow,TX,30.9179,-94.8544
Moscow,VT,44.4414,-72.7158
Moscow Mills,MO,38.9229,-90.9630
Moseley,VA,37.4260,-77.7585
Moselle,MS,31.4836,-89.3206
Moses Lake,WA,47.1374,-119.2891
Moshannon,PA,41.0342,-78.0095
Mosheim,TN,36.1839,-82.9674
Mosherville,MI,42.0603,-84.6594
Mosier,OR,45.6617,-121.3245
Mosinee,WI,44.7997,-89.6845
Mosquero,NM,35.7159,-103.7461
Moss,MS,31.8150,-89.1778
Moss,TN,36.5966,-85.6772
Moss Beach,CA,37.5310,-122.5068
Moss Landing,CA,36.8044,-121.7858
Moss Point,MS,30.4114,-88.5344
Mossville,IL,40.8156,-89.5678
Mossy Head,FL,30.7617,-86.3228
Mossyrock,WA,46.5131,-122.4789
Motley,MN,46.3216,-94.6281
Mott,ND,46.4011,-102.3129
Mottville,NY,42.9736,-76.4428
Moulton,AL,34.5058,-87.2224
Moulton,IA,40.6866,-92.6833
Moulton,TX,29.5700,-97.1031
Moultonborough,NH,43.7281,-71.3922
Moultrie,GA,31.1792,-83.7641
Mound,MN,44.9382,-93.6561
Mound,TX,31.3517,-97.6372
Mound Bayou,MS,33.8860,-90.7302
Mound City,IL,37.0865,-89.1637
Mound City,KS,38.1560,-94.8186
Mound City,MO,40.1362,-95.2138
Mound City,SD,45.6786,-100.0479
Mound Valley,KS,37.2091,-95.4247
Moundridge,KS,38.2060,-97.5088
Mounds,IL,37.1188,-89.2001
Mounds,OK,35.9129,-96.0685
Moundsville,WV,39.9148,-80.7310
Moundville,AL,32.9789,-87.6151
Moundville,MO,37.7476,-94.4496
Mount Aetna,PA,40.4192,-76.2956
Mount Airy,GA,34.5678,-83.4713
Mount Airy,LA,30.0511,-90.6378
Mount Airy,MD,39.3881,-77.1723
Mount Airy,NC,36.5007,-80.6119
Mount Alto,WV,38.8639,-81.8784
Mount Angel,OR,45.0737,-122.7856
Mount Arlington,NJ,40.9283,-74.6363
Mount Auburn,IA,42.2554,-92.1595
Mount Auburn,IL,39.7628,-89.2357
Mount Aukum,CA,38.5500,-120.7304
Mount Ayr,IA,40.7142,-94.2321
Mount Ayr,IN,40.9519,-87.2992
Mount Berry,GA,34.2750,-85.1833
Mount Bethel,PA,40.9008,-75.1115
Mount Blanchard,OH,40.8929,-83.5553
Mount Braddock,PA,39.9428,-79.6447
Mount Calm,TX,31.7575,-96.8944
Mount Calvary,WI,43.8142,-88.2399
Mount Carbon,WV,38.1601,-81.3334
Mount Carmel,IL,38.4147,-87.7911
Mount Carmel,PA,40.7955,-76.4195
Mount Carmel,SC,33.9703,-82.4361
Mount Carmel,TN,36.5629,-82.6532
Mount Carmel,UT,37.2378,-112.6700
Mount Carroll,IL,42.1053,-89.9845
Mount Clare,WV,39.2107,-80.2899
Mount Clemens,MI,42.5776,-82.8941
Mount Cory,OH,40.9437,-83.8093
Mount Crawford,VA,38.3457,-78.8957
Mount Croghan,SC,34.7439,-80.2428
Mount Desert,ME,44.3115,-68.3523
Mount Dora,FL,28.8022,-81.6447
Mount Eaton,OH,40.6944,-81.7033
Mount Eden,KY,38.0352,-85.1641
Mount Enterprise,TX,31.9125,-94.6235
Mount Ephraim,NJ,39.8827,-75.0929
Mount Erie,IL,38.5222,-88.2185
Mount Freedom,NJ,40.8261,-74.5706
Mount Gay,WV,37.8414,-82.0089
Mount Gilead,NC,35.2274,-79.9871
Mount Gilead,OH,40.5384,-82.8062
Mount Gretna,PA,40.2475,-76.4697
Mount Hamilton,CA,37.3161,-121.6399
Mount Hermon,CA,37.0511,-122.0575
Mount Hermon,KY,36.8090,-85.8192
Mount Hermon,LA,30.9536,-90.2769
Mount Holly,AR,33.3085,-92.9443
Mount Holly,NC,35.3119,-81.0306
Mount Holly,NJ,39.9930,-74.7955
Mount Holly,VA,38.0911,-76.7183
Mount Holly,VT,43.4487,-72.7956
Mount Holly Springs,PA,40.1184,-77.1908
Mount Hood Parkdale,OR,45.5216,-121.5885
Mount Hope,AL,34.4630,-87.4515
Mount Hope,KS,37.8684,-97.6591
Mount Hope,OH,40.6239,-81.7847
Mount Hope,WI,42.9689,-90.8665
Mount Hope,WV,37.9110,-81.1704
Mount Horeb,WI,43.0020,-89.7414
Mount Ida,AR,34.5612,-93.5749
Mount Jackson,VA,38.7688,-78.6767
Mount Jewett,PA,41.7247,-78.6446
Mount Joy,PA,40.1068,-76.5076
Mount Judea,AR,35.8347,-93.0824
Mount Juliet,TN,36.2000,-86.5186
Mount Kisco,NY,41.2050,-73.7299
Mount Laguna,CA,32.8722,-116.4175
Mount Laurel,NJ,39.9478,-74.9036
Mount Lemmon,AZ,32.4381,-110.7342
Mount Liberty,OH,40.3467,-82.6303
Mount Lookout,WV,38.1821,-80.9108
Mount Marion,NY,42.0357,-74.0002
Mount Meigs,AL,32.3625,-86.1019
Mount Morris,IL,42.0479,-89.4346
Mount Morris,MI,43.1160,-83.6895
Mount Morris,NY,42.7054,-77.8611
Mount Morris,PA,39.7443,-80.0968
Mount Mourne,NC,35.5431,-80.8475
Mount Nebo,WV,38.1971,-80.8202
Mount Olive,AL,33.6768,-86.8717
Mount Olive,IL,39.0705,-89.7448
Mount Olive,MS,31.7346,-89.6724
Mount Olive,NC,35.2109,-78.0983
Mount Olive,WV,38.2378,-81.2336
Mount Olivet,KY,38.5218,-84.0480
Mount Orab,OH,39.0454,-83.9480
Mount Perry,OH,39.8788,-82.1880
Mount Pleasant,AR,35.9759,-91.7850
Mount Pleasant,IA,40.9646,-91.5614
Mount Pleasant,MI,43.6025,-84.7752
Mount Pleasant,MS,34.9364,-89.5321
Mount Pleasant,NC,35.4146,-80.4171
Mount Pleasant,OH,40.1753,-80.7981
Mount Pleasant,PA,40.1742,-79.5134
Mount Pleasant,SC,32.8162,-79.8520
Mount Pleasant,TN,35.5301,-87.2037
Mount Pleasant,TX,33.1733,-94.9695
Mount Pleasant,UT,39.5232,-111.5039
Mount Pleasant Mills,PA,40.7002,-77.0052
Mount Pocono,PA,41.1216,-75.3529
Mount Prospect,IL,42.0624,-87.9377
Mount Pulaski,IL,40.0045,-89.2935
Mount Rainier,MD,38.9431,-76.9652
Mount Royal,NJ,39.8097,-75.2082
Mount Saint Francis,IN,38.3583,-85.9425
Mount Saint Joseph,OH,39.0983,-84.6483
Mount Savage,MD,39.6991,-78.8739
Mount Shasta,CA,41.3174,-122.3240
Mount Sherman,KY,37.4534,-85.6314
Mount Sidney,VA,38.2612,-78.9730
Mount Sinai,NY,40.9271,-73.0127
Mount Solon,VA,38.3328,-79.1028
Mount Sterling,IA,40.6458,-91.9027
Mount Sterling,IL,39.9803,-90.7414
Mount Sterling,KY,38.0548,-83.9388
Mount Sterling,MO,38.5388,-91.6103
Mount Sterling,OH,39.7175,-83.2806
Mount Sterling,WI,43.3153,-90.9286
Mount Storm,WV,39.2652,-79.2255
Mount Summit,IN,40.0044,-85.3847
Mount Tabor,NJ,40.8736,-74.4792
Mount Tremper,NY,42.0435,-74.2485
Mount Ulla,NC,35.6389,-80.7239
Mount Union,IA,41.0374,-91.4138
Mount Union,PA,40.3901,-77.8637
Mount Upton,NY,42.4081,-75.4003
Mount Vernon,AL,31.0974,-88.0350
Mount Vernon,AR,35.2606,-92.1373
Mount Vernon,GA,32.1840,-82.5867
Mount Vernon,IA,41.9287,-91.4274
Mount Vernon,IL,38.3170,-88.9105
Mount Vernon,IN,37.9506,-87.8569
Mount Vernon,KY,37.3366,-84.3549
Mount Vernon,ME,44.4993,-69.9903
Mount Vernon,MO,37.1045,-93.7976
Mount Vernon,NY,40.9079,-73.8380
Mount Vernon,OH,40.3849,-82.4873
Mount Vernon,OR,44.4171,-119.1121
Mount Vernon,SD,43.7204,-98.2633
Mount Vernon,TX,33.1702,-95.2181
Mount Vernon,VA,38.7078,-77.0864
Mount Vernon,WA,48.4164,-122.3265
Mount Victoria,MD,38.3533,-76.8961
Mount Victory,OH,40.5232,-83.4942
Mount Vision,NY,42.6068,-75.1264
Mount Washington,KY,38.0452,-85.5586
Mount Washington,NH,44.3458,-71.5547
Mount Wilson,CA,34.2264,-118.0653
Mount Wolf,PA,40.0711,-76.6966
Mount Zion,GA,33.6342,-85.1872
Mount Zion,WV,38.8775,-81.1195
Mountain,ND,48.6773,-97.8076
Mountain,WI,45.1991,-88.4583
Mountain Center,CA,33.5317,-116.5820
Mountain City,GA,34.9181,-83.3856
Mountain City,NV,41.8708,-116.1138
Mountain City,TN,36.4657,-81.8140
Mountain Dale,NY,41.6918,-74.5358
Mountain Grove,MO,37.1626,-92.2839
Mountain Home,AR,36.3312,-92.3753
Mountain Home,ID,43.1392,-115.6963
Mountain Home,NC,35.3694,-82.4931
Mountain Home,TN,36.3106,-82.3733
Mountain Home,TX,30.2132,-99.3186
Mountain Home,UT,40.1920,-110.7670
Mountain Home A F B,ID,43.0493,-115.8736
Mountain Iron,MN,47.5133,-92.6243
Mountain Lake,MN,43.9390,-94.9273
Mountain Lakes,NJ,40.8904,-74.4415
Mountain Park,OK,34.7032,-98.9591
Mountain Pass,CA,35.4703,-115.5442
Mountain Pine,AR,34.5772,-93.1600
Mountain Ranch,CA,38.2204,-120.5481
Mountain Rest,SC,34.8541,-83.1134
Mountain Top,PA,41.1350,-75.9376
Mountain View,AR,35.8658,-92.1148
Mountain View,CA,37.4100,-122.0519
Mountain View,HI,19.5506,-155.0864
Mountain View,MO,36.9892,-91.7099
Mountain View,OK,35.0654,-98.7307
Mountain View,WY,41.2689,-110.3392
Mountain Village,AK,62.1589,-163.8838
Mountainair,NM,34.5158,-106.2577
Mountainburg,AR,35.5700,-94.1091
Mountainhome,PA,41.2175,-75.2189
Mountainside,NJ,40.6785,-74.3588
Mountainville,NY,41.4008,-74.0789
Mountlake Terrace,WA,47.7931,-122.3040
Mountville,PA,40.0427,-76.4277
Mountville,SC,34.3408,-81.9584
Mousie,KY,37.4331,-82.9018
Mouth Of Wilson,VA,36.6104,-81.3955
Mouthcard,KY,37.3339,-82.3054
Moville,IA,42.4819,-96.0656
Moweaqua,IL,39.6161,-89.0128
Mowrystown,OH,39.0383,-83.7486
Moxahala,OH,39.6625,-82.1364
Moxee,WA,46.5542,-120.3685
Moyers,OK,34.3386,-95.6639
Moyie Springs,ID,48.7464,-116.1796
Moyock,NC,36.4871,-76.1146
Mozelle,KY,37.0037,-83.4135
Mozier,IL,39.2877,-90.7150
Mt Baldy,CA,34.2181,-117.5802
Mt Zion,IL,39.7789,-88.8702
Mud Butte,SD,45.0310,-102.8031
Muddy,IL,37.7650,-88.5167
Muenster,TX,33.6595,-97.3624
Muir,MI,43.0439,-84.9391
Muir,PA,40.6136,-76.4682
Mukilteo,WA,47.9199,-122.3019
Mukwonago,WI,42.8821,-88.3451
Mulberry,AR,35.5172,-93.9885
Mulberry,FL,27.9020,-82.0015
Mulberry,IN,40.3433,-86.6613
Mulberry,KS,37.5442,-94.6839
Mulberry,TN,35.1941,-86.4217
Mulberry Grove,IL,38.9311,-89.2463
Muldoon,TX,29.7993,-97.1006
Muldraugh,KY,37.9369,-85.9917
Muldrow,OK,35.4020,-94.6332
Mule Creek,NM,33.1219,-108.9556
Muleshoe,TX,34.2193,-102.7496
Mulga,AL,33.5407,-87.0440
Mulhall,OK,36.0537,-97.4098
Mulino,OR,45.2130,-122.5351
Mulkeytown,IL,37.9687,-89.1159
Mullan,ID,47.4709,-115.7926
Mullen,NE,42.0163,-101.0542
Mullens,WV,37.5842,-81.3890
Mullett Lake,MI,45.5358,-84.5167
Mullica Hill,NJ,39.7252,-75.2065
Mulliken,MI,42.7377,-84.8979
Mullin,TX,31.5748,-98.6635
Mullins,SC,34.2044,-79.2542
Mullinville,KS,37.5716,-99.4639
Mulvane,KS,37.4764,-97.2320
Mumford,NY,42.9928,-77.8606
Mumford,TX,30.7342,-96.5647
Muncie,IL,40.1156,-87.8447
Muncie,IN,40.1684,-85.3807
Muncy,PA,41.2137,-76.7633
Muncy Valley,PA,41.3812,-76.5415
Munday,TX,33.4561,-99.6326
Munday,WV,39.0214,-81.2040
Mundelein,IL,42.2636,-88.0048
Munden,KS,39.9272,-97.5403
Munds Park,AZ,34.9456,-111.6394
Munford,AL,33.5410,-85.9363
Munford,TN,35.4492,-89.8150
Munfordville,KY,37.2898,-85.9201
Munger,MI,43.5286,-83.7672
Munich,ND,48.6546,-98.8426
Munising,MI,46.4139,-86.6268
Munith,MI,42.3703,-84.2485
Munnsville,NY,42.9863,-75.5940
Munroe Falls,OH,41.1420,-81.4376
Munson,PA,40.9667,-78.1862
Munster,IN,41.5544,-87.5011
Murchison,TX,32.3257,-95.7737
Murdo,SD,43.8961,-100.7121
Murdock,FL,27.0125,-82.1464
Murdock,IL,39.8008,-88.0783
Murdock,KS,37.6099,-97.9503
Murdock,MN,45.2161,-95.4049
Murdock,NE,40.9190,-96.2848
Murfreesboro,AR,34.1017,-93.7109
Murfreesboro,NC,36.4319,-77.1027
Murfreesboro,TN,35.7913,-86.3570
Murphy,ID,43.2073,-116.6054
Murphy,NC,35.0792,-84.1015
Murphy,OR,42.3478,-123.3322
Murphys,CA,38.1269,-120.4618
Murphysboro,IL,37.7655,-89.3317
Murray,IA,41.0376,-93.9530
Murray,ID,47.6272,-115.8575
Murray,KY,36.6099,-88.3032
Murray,NE,40.9200,-95.9227
Murray City,OH,39.5114,-82.1636
Murrayville,GA,34.4342,-83.8949
Murrayville,IL,39.5730,-90.2312
Murrells Inlet,SC,33.5507,-79.0528
Murrieta,CA,33.5631,-117.2738
Murrysville,PA,40.4467,-79.6842
Murtaugh,ID,42.4776,-114.1606
Muscadine,AL,33.7529,-85.3789
Muscatine,IA,41.4304,-91.0509
Muscle Shoals,AL,34.7561,-87.6304
Muscoda,WI,43.2074,-90.4570
Muscotah,KS,39.5880,-95.4985
Muse,OK,34.6641,-94.7190
Muse,PA,40.2928,-80.2006
Musella,GA,32.8202,-84.0456
Muses Mills,KY,38.3500,-83.5272
Muskego,WI,42.9047,-88.1214
Muskegon,MI,43.2326,-86.2492
Muskogee,OK,35.7307,-95.3755
Musselshell,MT,46.5171,-108.0031
Mustang,OK,35.3885,-97.7309
Mustoe,VA,38.2862,-79.6591
Mutual,OK,36.2140,-99.1145
Myakka City,FL,27.3648,-82.1849
Myers Flat,CA,40.1948,-123.8227
Myerstown,PA,40.3789,-76.3143
Myersville,MD,39.5282,-77.5513
Mylo,ND,48.6360,-99.6329
Myra,KY,37.2897,-82.6000
Myra,TX,33.6239,-97.3142
Myra,WV,38.2198,-82.1351
Myrtle,MO,36.5217,-91.2706
Myrtle,MS,34.5402,-89.1157
Myrtle Beach,SC,33.7587,-78.8044
Myrtle Creek,OR,43.0162,-123.2851
Myrtle Point,OR,43.0667,-124.1213
Myrtlewood,AL,32.2503,-87.9497
Mystic,CT,41.3616,-71.9774
Mystic,GA,31.6219,-83.3358
Mystic,IA,40.7883,-92.9284
Myton,UT,40.1940,-110.0481
Naalehu,HI,19.0668,-155.6575
Nabb,IN,38.6128,-85.5217
Naches,WA,46.7353,-120.8267
Nachusa,IL,41.8314,-89.3897
Naco,AZ,31.3353,-109.9475
Nacogdoches,TX,31.6185,-94.6511
Nada,TX,29.4047,-96.3861
Nadeau,MI,45.6089,-87.5528
Nageezi,NM,36.2667,-107.7414
Nags Head,NC,35.3472,-75.5676
Naguabo,PR,18.2133,-65.7367
Nahant,MA,42.4261,-70.9277
Nahcotta,WA,46.4986,-124.0322
Nahma,MI,45.8417,-86.6639
Nahunta,GA,31.1827,-81.9722
Nakina,NC,34.1153,-78.6570
Naknek,AK,58.8857,-156.7054
Nalcrest,FL,27.8581,-81.4253
Nallen,WV,38.1083,-80.8858
Nampa,ID,43.5834,-116.5848
Nanafalia,AL,32.1128,-87.9881
Nancy,KY,37.0642,-84.7662
Nanjemoy,MD,38.4462,-77.1983
Nankin,OH,40.9214,-82.2819
Nanticoke,MD,38.2672,-75.9021
Nanticoke,PA,41.1963,-76.0044
Nantucket,MA,41.2725,-70.0932
Nanty Glo,PA,40.4704,-78.8375
Nanuet,NY,41.0992,-74.0096
Naoma,WV,37.9154,-81.5214
Napa,CA,38.3281,-122.3055
Napakiak,AK,60.6638,-161.7381
Napanoch,NY,41.7590,-74.3804
Napavine,WA,46.5747,-122.9069
Naper,NE,42.9521,-99.0710
Naperville,IL,41.7040,-88.1952
Naperville,IL,41.7662,-88.1410
Napier,WV,38.7746,-80.5841
Naples,FL,26.1377,-81.7966
Naples,ID,48.6049,-116.3196
Naples,ME,43.9681,-70.5988
Naples,NC,35.3925,-82.5008
Naples,NY,42.6404,-77.3901
Naples,TX,33.1912,-94.6891
Napoleon,IN,39.2047,-85.3308
Napoleon,MI,42.1606,-84.2461
Napoleon,MO,39.1140,-94.0709
Napoleon,ND,46.4867,-99.7725
Napoleon,OH,41.3910,-84.1433
Napoleonville,LA,29.9288,-91.0266
Naponee,NE,40.1258,-99.1277
Nappanee,IN,41.4493,-85.9945
Nara Visa,NM,35.6180,-103.1317
Naranjito,PR,18.3017,-66.2467
Narberth,PA,40.0177,-75.2594
Nardin,OK,36.8155,-97.4325
Narka,KS,39.9582,-97.4243
Narragansett,RI,41.4353,-71.4616
Narrows,VA,37.3198,-80.8548
Narrowsburg,NY,41.5921,-75.0107
Naruna,VA,37.1058,-79.0028
Narvon,PA,40.1252,-75.9756
Naselle,WA,46.3528,-123.8044
Nash,OK,36.6961,-98.0258
Nash,TX,33.4398,-94.1422
Nashoba,OK,34.5072,-95.2075
Nashotah,WI,43.1118,-88.4089
Nashport,OH,40.0386,-82.0998
Nashua,IA,42.9528,-92.5298
Nashua,MN,46.0537,-96.3160
Nashua,MT,48.1865,-106.2441
Nashua,NH,42.7564,-71.4667
Nashville,AR,33.9576,-93.8707
Nashville,GA,31.2074,-83.2319
Nashville,IL,38.3352,-89.3841
Nashville,IN,39.2367,-86.2220
Nashville,KS,37.4344,-98.4171
Nashville,MI,42.5937,-85.1220
Nashville,NC,35.9843,-77.9595
Nashville,OH,40.5961,-82.1122
Nashville,TN,36.1670,-86.7784
Nashwauk,MN,47.4200,-93.2168
Nason,IL,38.1739,-88.9688
Nassau,DE,38.7519,-75.1881
Nassau,NY,42.5271,-73.6118
Nassawadox,VA,37.4747,-75.8586
Natalbany,LA,30.5461,-90.4847
Natalia,TX,29.2117,-98.8552
Natchez,LA,31.6615,-93.0241
Natchez,MS,31.5492,-91.3642
Natchitoches,LA,31.7617,-93.0916
Nathalie,VA,36.9442,-78.9898
Nathrop,CO,38.7103,-106.1166
Natick,MA,42.2875,-71.3574
National City,CA,32.6749,-117.0897
National City,MI,44.3137,-83.6839
National Mine,MI,46.4886,-87.6675
National Park,NJ,39.8664,-75.1794
National Stock Yards,IL,38.6572,-90.1625
Natoma,KS,39.2013,-98.9829
Natrona,WY,43.0297,-106.8086
Natrona Heights,PA,40.6289,-79.7256
Natural Bridge,AL,34.0933,-87.6019
Natural Bridge,NY,44.0630,-75.5039
Natural Bridge,VA,37.6606,-79.5330
Natural Bridge Station,VA,37.5957,-79.5039
Natural Dam,AR,35.6743,-94.4124
Naturita,CO,38.2226,-108.5728
Naubinway,MI,46.1260,-85.4462
Naugatuck,CT,41.4920,-73.0493
Naugatuck,WV,37.7897,-82.3492
Nauvoo,AL,33.9299,-87.4324
Nauvoo,IL,40.5500,-91.3847
Navajo,NM,35.8942,-109.0226
Navajo Dam,NM,36.8338,-107.6710
Naval Air Station/ Jrb,TX,32.7718,-97.4355
Naval Anacost Annex,DC,38.8950,-77.0366
Navarre,FL,30.5903,-86.9371
Navarre,MN,44.9567,-93.5400
Navarre,OH,40.7204,-81.5338
Navarro,CA,39.0658,-123.4439
Navasota,TX,30.3576,-96.0594
Navasota,TX,30.3878,-96.0875
Navesink,NJ,40.3994,-74.0358
Naylor,GA,30.8985,-83.1224
Naylor,MO,36.5843,-90.6124
Naytahwaush,MN,47.2601,-95.6283
Nazareth,KY,37.8481,-85.4728
Nazareth,MI,42.3519,-85.5264
Nazareth,PA,40.7450,-75.3199
Nazareth,TX,34.5444,-102.1069
Nazlini,AZ,35.7114,-109.5414
Neah Bay,WA,48.3683,-124.6236
Neal,KS,37.8342,-96.0800
Neapolis,OH,41.4928,-83.8733
Neavitt,MD,38.7244,-76.2828
Nebo,IL,39.4202,-90.7692
Nebo,KY,37.3683,-87.6865
Nebo,NC,35.6732,-81.9056
Nebo,WV,38.6271,-81.0257
Nebraska City,NE,40.6747,-95.8619
Necedah,WI,44.0345,-90.0600
Neche,ND,48.9796,-97.5427
Neches,TX,31.8667,-95.4956
Neck City,MO,37.2569,-94.4442
Nederland,CO,39.9703,-105.4813
Nederland,TX,29.9716,-94.0012
Nedrow,NY,42.9559,-76.1529
Needham,AL,32.0122,-88.3458
Needham,IN,39.4779,-86.0041
Needham,MA,42.2778,-71.2350
Needham Heights,MA,42.2997,-71.2321
Needles,CA,34.7824,-114.5871
Needmore,PA,39.8713,-78.1439
Needville,TX,29.4117,-95.8273
Neely,MS,31.1793,-88.7198
Neelyton,PA,40.1371,-77.8580
Neelyville,MO,36.5710,-90.4995
Neenah,WI,44.1811,-88.4792
Neeses,SC,33.5343,-81.0834
Neffs,OH,40.0272,-80.8153
Neffs,PA,40.6944,-75.6100
Negaunee,MI,46.5007,-87.5829
Negley,OH,40.7746,-80.5645
Negreet,LA,31.4692,-93.5747
Nehalem,OR,45.7216,-123.9049
Nehawka,NE,40.8330,-95.9930
Neihart,MT,46.9391,-110.7328
Neillsville,WI,44.5494,-90.6112
Neilton,WA,47.4131,-123.8792
Nekoma,KS,38.4372,-99.4234
Nekoma,ND,48.5783,-98.3717
Nekoosa,WI,44.2820,-89.8814
Neligh,NE,42.1389,-98.0151
Nellis,WV,38.1521,-81.7399
Nellis Afb,NV,36.2438,-115.0132
Nelliston,NY,42.9347,-74.6139
Nellysford,VA,37.8604,-78.8940
Nelson,CA,39.5522,-121.7644
Nelson,GA,34.3814,-84.3711
Nelson,MN,45.8516,-95.2260
Nelson,MO,39.0104,-93.0311
Nelson,NE,40.2097,-98.0584
Nelson,NH,42.9986,-72.1337
Nelson,PA,41.9787,-77.2419
Nelson,VA,36.5586,-78.6710
Nelson,WI,44.4295,-92.0007
Nelsonia,VA,37.8197,-75.5875
Nelsonville,OH,39.4556,-82.2309
Nelsonville,WI,44.4950,-89.3097
Nemacolin,PA,39.8783,-79.9250
Nemaha,IA,42.5180,-95.0939
Nemaha,NE,40.3198,-95.6913
Nemo,SD,44.2097,-103.5449
Nemo,TX,32.2713,-97.6567
Nemours,WV,37.3014,-81.3044
Nenana,AK,64.5577,-149.0867
Nenzel,NE,42.9278,-101.1025
Neodesha,KS,37.4257,-95.6765
Neoga,IL,39.3220,-88.4503
Neola,IA,41.4564,-95.6794
Neola,UT,40.4491,-110.0372
Neola,WV,37.9658,-80.1303
Neon,KY,37.2121,-82.6976
Neopit,WI,44.9873,-88.8611
Neosho,MO,36.8706,-94.3862
Neosho,WI,43.2978,-88.5205
Neosho Falls,KS,37.9669,-95.5497
Neosho Rapids,KS,38.3948,-96.0168
Neotsu,OR,44.9988,-123.9843
Nephi,UT,39.6923,-111.8359
Neponset,IL,41.2905,-89.7944
Neptune,NJ,40.2112,-74.0540
Neptune Beach,FL,30.3155,-81.4051
Nerinx,KY,37.6642,-85.3994
Nerstrand,MN,44.3538,-93.0855
Nesbit,MS,34.8992,-90.0122
Nesconset,NY,40.8462,-73.1482
Nescopeck,PA,41.0469,-76.1981
Neshanic Station,NJ,40.5096,-74.7143
Neshkoro,WI,43.8989,-89.2336
Neskowin,OR,45.1782,-123.9263
Nesmith,SC,33.5917,-79.5513
Nespelem,WA,48.1672,-118.9736
Nesquehoning,PA,40.8626,-75.8239
Ness City,KS,38.4388,-99.9029
Netarts,OR,45.4350,-123.9447
Netawaka,KS,39.6063,-95.7270
Netcong,NJ,40.8985,-74.6985
Nett Lake,MN,48.1111,-93.0939
Nettie,WV,38.2090,-80.6953
Nettleton,MS,34.0821,-88.6052
Nevada,IA,42.0190,-93.4462
Nevada,MO,37.8409,-94.3571
Nevada,OH,40.8259,-83.1266
Nevada,TX,33.0593,-96.3877
Nevada City,CA,39.2754,-121.0196
Neversink,NY,41.8492,-74.6127
Neville,OH,38.8100,-84.2122
Nevis,MN,46.9319,-94.8460
Nevisdale,KY,36.6637,-84.1111
New Albany,IN,38.3089,-85.8221
New Albany,KS,37.5444,-95.9126
New Albany,MS,34.4851,-89.0031
New Albany,OH,40.0847,-82.7988
New Albany,PA,41.5987,-76.4398
New Albin,IA,43.4899,-91.2942
New Alexandria,PA,40.3981,-79.3966
New Almaden,CA,37.1761,-121.8197
New Athens,IL,38.3160,-89.8728
New Athens,OH,40.1847,-80.9958
New Auburn,MN,44.6759,-94.2057
New Auburn,WI,45.2356,-91.5197
New Augusta,MS,31.1309,-89.0286
New Baden,IL,38.5315,-89.6922
New Baden,TX,31.0508,-96.4289
New Baltimore,MI,42.6753,-82.7801
New Baltimore,NY,42.4461,-73.7889
New Baltimore,PA,39.9858,-78.7731
New Bavaria,OH,41.2086,-84.1913
New Bedford,IL,41.5409,-89.7786
New Bedford,MA,41.6347,-70.9372
New Bedford,PA,41.0972,-80.5050
New Berlin,IL,39.7360,-89.9057
New Berlin,NY,42.6224,-75.3474
New Berlin,PA,40.8802,-76.9861
New Berlin,WI,42.9740,-88.1553
New Berlinville,PA,40.3453,-75.6333
New Bern,NC,35.1019,-77.0319
New Bethlehem,PA,40.9999,-79.3527
New Blaine,AR,35.3189,-93.4446
New Bloomfield,MO,38.7100,-92.0830
New Bloomfield,PA,40.4193,-77.1938
New Bloomington,OH,40.6073,-83.3224
New Boston,IL,41.2153,-90.9879
New Boston,MI,42.1449,-83.3589
New Boston,MO,39.9332,-92.9160
New Boston,NH,42.9722,-71.6864
New Boston,TX,33.4621,-94.4339
New Braintree,MA,42.3198,-72.1306
New Braunfels,TX,29.6947,-98.1130
New Bremen,OH,40.4389,-84.3821
New Brighton,PA,40.7393,-80.2972
New Britain,CT,41.6611,-72.7800
New Brockton,AL,31.3690,-85.9404
New Brunswick,NJ,40.4891,-74.4482
New Buffalo,MI,41.7856,-86.7466
New Buffalo,PA,40.4542,-76.9700
New Burnside,IL,37.5806,-88.7713
New Cambria,KS,38.8960,-97.5230
New Cambria,MO,39.7551,-92.7695
New Canaan,CT,41.1510,-73.4944
New Caney,TX,30.1579,-95.1980
New Canton,IL,39.6342,-91.0886
New Canton,VA,37.6645,-78.3112
New Carlisle,IN,41.7051,-86.4838
New Carlisle,OH,39.9300,-84.0217
New Castle,AL,33.6489,-86.7686
New Castle,CO,39.5709,-107.5428
New Castle,DE,39.6770,-75.5899
New Castle,IN,39.9208,-85.3663
New Castle,KY,38.4374,-85.1756
New Castle,NH,43.0681,-70.7199
New Castle,PA,40.9922,-80.3284
New Castle,VA,37.4871,-80.1704
New Century,KS,38.8503,-94.9323
New Church,VA,37.9525,-75.5112
New City,NY,41.1472,-73.9962
New Columbia,PA,41.0541,-76.9019
New Concord,KY,36.5500,-88.0955
New Concord,OH,40.0088,-81.7387
New Creek,WV,39.3612,-79.0452
New Cumberland,PA,40.2151,-76.8689
New Cumberland,WV,40.5228,-80.5901
New Cuyama,CA,34.9967,-119.8238
New Deal,TX,33.7372,-101.8361
New Derry,PA,40.3333,-79.3009
New Douglas,IL,38.9676,-89.7392
New Durham,NH,43.4430,-71.1408
New Eagle,PA,40.2066,-79.9534
New Edinburg,AR,33.7588,-92.1939
New Effington,SD,45.8659,-96.9150
New Egypt,NJ,40.0713,-74.5067
New Ellenton,SC,33.4172,-81.6874
New England,ND,46.5128,-102.8358
New Enterprise,PA,40.2000,-78.4259
New Era,MI,43.5556,-86.3448
New Fairfield,CT,41.4730,-73.4978
New Florence,MO,38.9023,-91.4909
New Florence,PA,40.3823,-79.0968
New Franken,WI,44.5592,-87.8235
New Franklin,MO,39.0200,-92.7386
New Freedom,PA,39.7423,-76.6841
New Freeport,PA,39.7507,-80.4542
New Galilee,PA,40.8569,-80.3939
New Geneva,PA,39.7883,-79.9094
New Germantown,PA,40.3057,-77.5797
New Germany,MN,44.8994,-93.9701
New Glarus,WI,42.8143,-89.6437
New Gloucester,ME,43.9608,-70.2974
New Goshen,IN,39.5811,-87.4622
New Gretna,NJ,39.5922,-74.4514
New Hampshire,OH,40.5561,-83.9528
New Hampton,IA,43.0560,-92.3131
New Hampton,MO,40.2444,-94.1786
New Hampton,NH,43.6184,-71.6435
New Hampton,NY,41.3627,-74.4435
New Harbor,ME,43.8605,-69.5079
New Harmony,IN,38.1245,-87.9172
New Harmony,UT,37.4794,-113.3089
New Hartford,CT,41.8468,-73.0104
New Hartford,IA,42.5831,-92.6164
New Hartford,NY,43.0654,-75.2906
New Haven,CT,41.3080,-72.9286
New Haven,IL,37.8999,-88.1285
New Haven,IN,41.0699,-85.0117
New Haven,KY,37.6663,-85.5577
New Haven,MI,42.7330,-82.8202
New Haven,MO,38.5740,-91.2291
New Haven,NY,43.4797,-76.3156
New Haven,OH,41.0317,-82.6817
New Haven,VT,44.1126,-73.1735
New Haven,WV,38.9850,-81.9733
New Hill,NC,35.6809,-78.9365
New Holland,IL,40.1682,-89.5604
New Holland,OH,39.5589,-83.2504
New Holland,PA,40.1005,-76.0801
New Holland,SD,43.4310,-98.6287
New Holstein,WI,43.9446,-88.0911
New Home,TX,33.3264,-101.9117
New Hope,AL,34.5494,-86.3961
New Hope,KY,37.6319,-85.5083
New Hope,PA,40.3556,-74.9839
New Hope,VA,38.1978,-78.9061
New Hudson,MI,42.5076,-83.6342
New Hyde Park,NY,40.7439,-73.6804
New Iberia,LA,30.0010,-91.8200
New Ipswich,NH,42.7511,-71.8703
New Johnsonville,TN,36.0088,-87.9547
New Kensington,PA,40.5712,-79.7415
New Kent,VA,37.5530,-77.0742
New Kingston,NY,42.2136,-74.6825
New Kingstown,PA,40.2331,-77.0800
New Knoxville,OH,40.5039,-84.3118
New Laguna,NM,35.0408,-107.4214
New Lebanon,IN,39.0953,-87.4058
New Lebanon,NY,42.4759,-73.3773
New Lebanon,OH,39.7398,-84.3956
New Leipzig,ND,46.3744,-101.8937
New Lenox,IL,41.5067,-87.9631
New Lexington,OH,39.7174,-82.2019
New Liberty,IA,41.7132,-90.8599
New Liberty,KY,38.6246,-84.9011
New Limerick,ME,46.1261,-67.8408
New Lisbon,IN,39.8633,-85.2631
New Lisbon,NJ,39.9581,-74.6283
New Lisbon,NY,42.5790,-75.3274
New Lisbon,WI,43.8877,-90.1524
New London,CT,41.3507,-72.1062
New London,IA,40.9161,-91.3986
New London,MN,45.2949,-94.9480
New London,MO,39.5917,-91.3960
New London,NC,35.4285,-80.2057
New London,NH,43.4145,-71.9857
New London,OH,41.0906,-82.3966
New London,PA,39.7825,-75.8758
New London,TX,32.2386,-94.9403
New London,WI,44.3928,-88.7554
New Lothrop,MI,43.1388,-83.9851
New Madison,OH,39.9687,-84.7222
New Madrid,MO,36.6073,-89.5366
New Manchester,WV,40.5314,-80.5803
New Market,AL,34.9000,-86.4487
New Market,IA,40.7422,-94.8917
New Market,IN,39.9525,-86.9214
New Market,MD,39.3825,-77.2697
New Market,MN,44.5731,-93.3533
New Market,TN,36.0810,-83.5673
New Market,VA,38.6606,-78.6714
New Marshfield,OH,39.3383,-82.2225
New Martinsville,WV,39.6588,-80.8565
New Matamoras,OH,39.5288,-81.0940
New Meadows,ID,44.9940,-116.2874
New Melle,MO,38.7097,-90.8794
New Memphis,IL,38.4581,-89.6767
New Middletown,IN,38.1442,-86.0553
New Middletown,OH,40.9646,-80.5534
New Midway,MD,39.5669,-77.2911
New Milford,CT,41.5817,-73.4128
New Milford,NJ,40.9331,-74.0195
New Milford,NY,41.2344,-74.4142
New Milford,PA,41.8664,-75.7171
New Millport,PA,40.8853,-78.4945
New Milton,WV,39.1899,-80.7076
New Munich,MN,45.6303,-94.7533
New Munster,WI,42.5794,-88.2278
New Orleans,LA,29.9605,-90.0753
New Orleans,LA,29.9631,-90.1610
New Oxford,PA,39.8775,-77.0643
New Palestine,IN,39.7233,-85.9052
New Paltz,NY,41.7433,-74.0839
New Paris,IN,41.4917,-85.8338
New Paris,OH,39.8617,-84.7793
New Paris,PA,40.1189,-78.5886
New Park,PA,39.7600,-76.5042
New Philadelphia,OH,40.4845,-81.4358
New Philadelphia,PA,40.7227,-76.1135
New Pine Creek,OR,42.0278,-120.2894
New Plymouth,ID,43.9590,-116.8048
New Plymouth,OH,39.3884,-82.3892
New Point,IN,39.3097,-85.3292
New Point,VA,37.3493,-76.2835
New Port Richey,FL,28.2326,-82.7327
New Portland,ME,44.8856,-70.0929
New Prague,MN,44.5402,-93.5805
New Preston Marble Dale,CT,41.6894,-73.3493
New Providence,IA,42.2693,-93.1753
New Providence,NJ,40.7004,-74.4023
New Providence,PA,39.9098,-76.2243
New Raymer,CO,40.6851,-103.8390
New Richland,MN,43.8937,-93.4995
New Richmond,IN,40.1812,-86.9789
New Richmond,OH,38.9537,-84.2379
New Richmond,WI,45.1598,-92.5513
New Richmond,WV,37.5700,-81.4889
New Riegel,OH,41.0361,-83.2418
New Ringgold,PA,40.7149,-75.9484
New River,AZ,33.9059,-112.1345
New River,VA,37.1333,-80.5917
New Roads,LA,30.7014,-91.4421
New Rochelle,NY,40.9166,-73.7877
New Rockford,ND,47.6794,-99.0780
New Ross,IN,39.9883,-86.7528
New Rumley,OH,40.4017,-81.0311
New Russia,NY,44.1595,-73.6059
New Salem,IL,39.6996,-90.8440
New Salem,MA,42.5146,-72.3062
New Salem,ND,46.8512,-101.4245
New Salem,PA,39.9407,-79.8041
New Salisbury,IN,38.3399,-86.0887
New Sarpy,LA,29.9778,-90.3878
New Sharon,IA,41.4640,-92.6848
New Sharon,ME,44.6458,-70.0139
New Site,MS,34.5617,-88.4350
New Smyrna Beach,FL,29.0247,-80.9584
New Springfield,OH,40.9265,-80.5856
New Stanton,PA,40.2233,-79.6182
New Straitsville,OH,39.5869,-82.2488
New Stuyahok,AK,59.5935,-157.2972
New Suffolk,NY,40.9914,-72.4764
New Summerfield,TX,31.9806,-95.0936
New Sweden,ME,46.9559,-68.1154
New Tazewell,TN,36.4425,-83.5997
New Town,MA,42.3600,-71.1306
New Town,ND,47.9772,-102.4858
New Trenton,IN,39.3108,-84.9014
New Tripoli,PA,40.6545,-75.7417
New Troy,MI,41.8764,-86.5497
New Ulm,MN,44.3044,-94.4644
New Ulm,TX,29.8142,-96.5380
New Underwood,SD,44.0874,-102.8136
New Vernon,NJ,40.7347,-74.4845
New Vienna,IA,42.5678,-91.0976
New Vienna,OH,39.3321,-83.6882
New Vineyard,ME,44.7967,-70.1220
New Virginia,IA,41.1601,-93.7113
New Washington,IN,38.5575,-85.4599
New Washington,OH,40.9571,-82.8504
New Waterford,OH,40.8489,-80.6209
New Waverly,IN,40.7642,-86.1925
New Waverly,TX,30.5354,-95.4532
New Weston,OH,40.3349,-84.6308
New Wilmington,PA,41.1382,-80.3245
New Windsor,IL,41.1987,-90.4598
New Windsor,MD,39.5162,-77.1034
New Windsor,NY,41.4724,-74.0566
New Woodstock,NY,42.8441,-75.8635
New York,NY,40.7484,-73.9967
New York Mills,MN,46.5559,-95.4047
New York Mills,NY,43.1000,-75.2937
New Zion,SC,33.7957,-80.0148
Newalla,OK,35.3734,-97.1971
Newark,AR,35.7118,-91.4394
Newark,CA,37.5368,-122.0320
Newark,DE,39.6349,-75.6993
Newark,IL,41.5267,-88.5270
Newark,MD,38.2489,-75.2893
Newark,MO,39.9974,-91.9924
Newark,NJ,40.7308,-74.1744
Newark,NY,43.0519,-77.0946
Newark,OH,40.0724,-82.4046
Newark,TX,33.0071,-97.5107
Newark Valley,NY,42.2281,-76.1625
Newaygo,MI,43.4198,-85.7594
Newberg,OR,45.3099,-122.9685
Newbern,AL,32.5515,-87.5615
Newbern,TN,36.1009,-89.2514
Newbern,VA,37.0733,-80.6908
Newberry,FL,29.6609,-82.5852
Newberry,IN,38.9229,-87.0081
Newberry,MI,46.3438,-85.5150
Newberry,SC,34.2847,-81.6157
Newberry Springs,CA,34.8850,-116.7464
Newborn,GA,33.5169,-83.6961
Newburg,MD,38.3298,-76.9175
Newburg,MO,37.9008,-91.8807
Newburg,ND,48.6982,-100.9681
Newburg,PA,40.1333,-77.5669
Newburg,WI,43.4317,-88.0464
Newburg,WV,39.4027,-79.8280
Newburgh,IN,37.9444,-87.4053
Newburgh,NY,41.5178,-74.0360
Newbury,MA,42.7835,-70.8474
Newbury,NH,43.3406,-72.0714
Newbury,OH,41.4750,-81.2345
Newbury,VT,44.0966,-72.1072
Newbury Park,CA,34.1842,-118.9097
Newburyport,MA,42.8130,-70.8847
Newcastle,CA,38.8725,-121.1426
Newcastle,ME,44.0499,-69.5331
Newcastle,NE,42.6207,-96.8709
Newcastle,OK,35.2453,-97.6216
Newcastle,TX,33.1901,-98.7446
Newcastle,UT,37.7360,-113.6615
Newcastle,WY,43.8511,-104.2262
Newcomb,MD,38.7536,-76.1764
Newcomb,NM,36.2847,-108.7053
Newcomb,NY,43.9460,-74.1299
Newcomb,TN,36.5428,-84.1798
Newcomerstown,OH,40.2739,-81.5940
Newdale,ID,43.8881,-111.6042
Newell,IA,42.6157,-94.9946
Newell,NC,35.2794,-80.7358
Newell,PA,40.0756,-79.8983
Newell,SD,44.7410,-103.3914
Newell,WV,40.6140,-80.6011
Newellton,LA,32.0656,-91.2578
Newfane,NY,43.2724,-78.7070
Newfane,VT,42.9704,-72.6781
Newfield,ME,43.6481,-70.8475
Newfield,NJ,39.5553,-75.0276
Newfield,NY,42.3621,-76.5920
Newfields,NH,43.0369,-70.9389
Newfolden,MN,48.2895,-96.2550
Newfoundland,NJ,41.0647,-74.4359
Newfoundland,PA,41.3041,-75.3384
Newhall,CA,34.3795,-118.5230
Newhall,IA,41.9927,-91.9779
Newhall,WV,37.2636,-81.6189
Newhebron,MS,31.7300,-90.0153
Newhope,AR,34.2273,-93.8905
Newington,CT,41.6864,-72.7297
Newington,GA,32.5884,-81.5327
Newington,NH,43.2361,-70.8208
Newington,VA,38.7383,-77.1853
Newkirk,NM,35.0847,-104.2433
Newkirk,OK,36.8874,-97.0513
Newland,NC,36.0402,-81.9523
Newllano,LA,31.0694,-93.2879
Newman,CA,37.3176,-121.0259
Newman,IL,39.7848,-88.0001
Newman Grove,NE,41.7498,-97.7740
Newman Lake,WA,47.7274,-117.0640
Newmanstown,PA,40.3179,-76.2426
Newmarket,NH,43.0726,-70.9553
Newnan,GA,33.3894,-84.8170
Newport,AR,35.5988,-91.2571
Newport,IN,39.8842,-87.4086
Newport,KY,39.0828,-84.4865
Newport,ME,44.8393,-69.2675
Newport,MI,41.9766,-83.2804
Newport,MN,44.8725,-92.9986
Newport,NC,34.7551,-76.9069
Newport,NE,42.6001,-99.3359
Newport,NH,43.3532,-72.1838
Newport,NJ,39.2832,-75.1716
Newport,NY,43.1800,-74.9861
Newport,OH,39.3971,-81.2402
Newport,OR,44.6487,-124.0509
Newport,PA,40.4827,-77.1659
Newport,RI,41.5045,-71.3035
Newport,TN,35.9544,-83.2027
Newport,VA,37.3069,-80.5099
Newport,VT,44.9393,-72.2065
Newport,WA,48.1695,-117.1508
Newport Beach,CA,33.6398,-117.8643
Newport Center,VT,44.9442,-72.2974
Newport Coast,CA,33.5964,-117.8553
Newport News,VA,37.0580,-76.4607
Newry,ME,44.4079,-70.7926
Newry,PA,40.3936,-78.4358
Newry,SC,34.7250,-82.9100
Newsoms,VA,36.6148,-77.1069
Newton,AL,31.3311,-85.5992
Newton,GA,31.3128,-84.3358
Newton,IA,41.6992,-93.0455
Newton,IL,38.9847,-88.1704
Newton,KS,38.0451,-97.3435
Newton,MA,42.3545,-71.1877
Newton,MS,32.3244,-89.1840
Newton,NC,35.6498,-81.2425
Newton,NH,42.8678,-71.0420
Newton,NJ,41.0583,-74.7802
Newton,TX,30.8351,-93.7497
Newton,UT,41.8628,-111.9900
Newton,WI,43.9836,-87.7848
Newton,WV,38.6052,-81.1676
Newton Center,MA,42.3369,-71.2097
Newton Falls,NY,44.1986,-74.9846
Newton Falls,OH,41.1910,-80.9701
Newton Grove,NC,35.2213,-78.4260
Newton Hamilton,PA,40.3917,-77.8372
Newton Highlands,MA,42.3208,-71.2000
Newton Junction,NH,42.8672,-71.0664
Newton Lower Falls,MA,42.3292,-71.2542
Newton Upper Falls,MA,42.3139,-71.2200
Newtonia,MO,36.8767,-94.1853
Newtonsville,OH,39.1819,-84.0864
Newtonville,MA,42.3521,-71.2081
Newtonville,NJ,39.5645,-74.8590
Newtonville,NY,42.7244,-73.7589
Newtown,CT,41.3931,-73.3167
Newtown,IN,40.2042,-87.1478
Newtown,MO,40.3612,-93.3073
Newtown,PA,40.2458,-74.9431
Newtown,VA,37.8782,-77.1138
Newtown,WV,37.6278,-82.0858
Newtown Square,PA,39.9863,-75.4070
Newville,AL,31.4403,-85.3287
Newville,PA,40.1855,-77.4114
Ney,OH,41.3781,-84.5269
Nezperce,ID,46.2475,-116.2393
Niagara,ND,47.9848,-97.8334
Niagara,WI,45.7653,-88.0309
Niagara Falls,NY,43.0955,-79.0414
Niagara University,NY,43.1383,-79.0392
Niangua,MO,37.3985,-92.7763
Niantic,CT,41.3253,-72.2108
Niantic,IL,39.8582,-89.1701
Nicasio,CA,38.0546,-122.6964
Nice,CA,39.1223,-122.8424
Niceville,FL,30.4958,-86.4145
Nicholasville,KY,37.8806,-84.5731
Nicholls,GA,31.4498,-82.6032
Nichols,FL,27.8900,-82.0317
Nichols,IA,41.4766,-91.2931
Nichols,NY,42.0320,-76.3610
Nichols,SC,34.2426,-79.1625
Nichols,WI,44.5631,-88.4633
Nicholson,GA,34.0970,-83.4210
Nicholson,MS,30.4769,-89.6936
Nicholson,PA,41.6412,-75.7641
Nicholville,NY,44.7082,-74.6534
Nickelsville,VA,36.7502,-82.4202
Nickerson,KS,38.1412,-98.0674
Nickerson,NE,41.5233,-96.4904
Nicktown,PA,40.6016,-78.8114
Nicolaus,CA,38.8827,-121.5530
Nicollet,MN,44.2724,-94.1867
Nicoma Park,OK,35.4911,-97.3228
Nielsville,MN,47.5373,-96.7574
Nightmute,AK,60.4794,-164.7239
Nikiski,AK,60.6903,-151.2889
Nikolai,AK,63.0016,-154.3812
Nikolski,AK,52.9883,-168.7884
Niland,CA,33.3784,-115.6965
Niles,IL,42.0189,-87.8028
Niles,MI,41.8202,-86.2368
Niles,OH,41.1824,-80.7558
Nilwood,IL,39.3872,-89.7784
Nimitz,WV,37.6286,-80.9446
Nimrod,MN,46.6389,-94.8806
Ninde,VA,38.2711,-77.0564
Nine Mile Falls,WA,47.8019,-117.5894
Ninety Six,SC,34.1652,-82.0292
Nineveh,IN,39.3656,-86.0976
Nineveh,NY,42.1625,-75.5484
Nineveh,PA,39.9743,-80.3128
Ninilchik,AK,60.0108,-151.6396
Ninnekah,OK,34.9143,-97.9333
Ninole,HI,19.9044,-155.1599
Niobe,NY,42.0125,-79.4497
Niobrara,NE,42.7769,-97.9127
Niota,IL,40.5978,-91.2991
Niota,TN,35.5819,-84.5721
Niotaze,KS,37.0513,-96.0192
Nipomo,CA,35.0298,-120.4894
Nipton,CA,35.4676,-115.4814
Nisland,SD,44.6665,-103.5402
Nisswa,MN,46.4848,-94.2966
Nisula,MI,46.7695,-88.8340
Nitro,WV,38.4193,-81.8293
Niverville,NY,42.9276,-73.4856
Niwot,CO,40.1039,-105.1703
Nixa,MO,37.0512,-93.2972
Nixon,NV,39.8854,-119.4643
Nixon,TX,29.3016,-97.7529
Noatak,AK,66.9755,-160.5095
Noble,IL,38.7119,-88.2190
Noble,LA,31.6938,-93.7167
Noble,MO,36.7441,-92.5769
Noble,OK,35.1417,-97.3409
Nobleboro,ME,44.0943,-69.4828
Noblesville,IN,40.0563,-86.0163
Nobleton,FL,28.6453,-82.2642
Nocatee,FL,27.1600,-81.8825
Nocona,TX,33.7982,-97.7270
Nodaway,IA,40.9540,-94.8731
Noel,MO,36.5417,-94.4906
Nogal,NM,33.4996,-105.7036
Nogales,AZ,31.3770,-110.9435
Nokesville,VA,38.6953,-77.5755
Nokomis,FL,27.1189,-82.4444
Nokomis,IL,39.3036,-89.2853
Nolan,TX,32.2793,-100.2671
Nolanville,TX,31.0833,-97.5941
Nolensville,TN,35.9307,-86.6829
Noma,FL,30.9819,-85.6186
Nome,AK,64.5058,-165.3107
Nome,ND,46.6748,-97.7911
Nome,TX,30.0356,-94.4242
Nonantum,MA,42.3625,-71.2028
Nondalton,AK,60.0308,-154.7317
Nooksack,WA,48.9278,-122.3203
Noonan,ND,48.8856,-103.0098
Noorvik,AK,66.8364,-161.0441
Nora,IL,42.4558,-89.9453
Nora,VA,37.0182,-82.3500
Nora Springs,IA,43.1479,-93.0002
Norborne,MO,39.3299,-93.6761
Norcatur,KS,39.8447,-100.2007
Norco,CA,33.9400,-117.5533
Norco,LA,30.0057,-90.4198
Norcross,GA,33.9392,-84.2053
Norcross,MN,45.8858,-96.1342
Norden,CA,39.3196,-120.4009
Nordheim,TX,28.9142,-97.5946
Nordland,WA,48.0432,-122.6926
Nordman,ID,48.5669,-116.9213
Norene,TN,36.0567,-86.2425
Norfolk,CT,41.9854,-73.1992
Norfolk,MA,42.1177,-71.3269
Norfolk,NE,42.0329,-97.4229
Norfolk,NY,44.8424,-74.9577
Norfolk,VA,36.8466,-76.2855
Norfork,AR,36.2066,-92.2730
Norge,VA,37.3686,-76.7708
Norlina,NC,36.4754,-78.1895
Norma,NJ,39.4961,-75.0883
Normal,AL,34.7889,-86.5719
Normal,IL,40.5124,-88.9883
Normalville,PA,40.0418,-79.4151
Norman,AR,34.4596,-93.6743
Norman,IN,38.9300,-86.2079
Norman,NC,35.1703,-79.7231
Norman,OK,35.2212,-97.4448
Norman Park,GA,31.0691,-83.9404
Normandy,TN,35.4296,-86.2557
Normandy Beach,NJ,40.0025,-74.0608
Normangee,TX,31.0875,-96.1473
Normanna,TX,28.5294,-97.7819
Normantown,WV,38.8802,-80.9419
Norphlet,AR,33.3096,-92.6576
Norridgewock,ME,44.6899,-69.8306
Norris,IL,40.6258,-90.0319
Norris,MT,45.5323,-111.6943
Norris,SC,34.7655,-82.7555
Norris,SD,43.4662,-101.1517
Norris,TN,36.1956,-84.0681
Norris City,IL,37.9773,-88.3243
Norristown,GA,32.4989,-82.4939
Norristown,PA,40.0959,-75.3733
Norristown,PA,40.1245,-75.3304
North,SC,33.6211,-81.0601
North,VA,37.4771,-76.3707
North Adams,MA,42.6987,-73.1100
North Adams,MI,41.9715,-84.5208
North Amherst,MA,42.4102,-72.5313
North Andover,MA,42.6826,-71.1090
North Anson,ME,44.8797,-69.9119
North Apollo,PA,40.5961,-79.5558
North Arlington,NJ,40.7898,-74.1343
North Attleboro,MA,41.9775,-71.3298
North Augusta,SC,33.5178,-81.9348
North Aurora,IL,41.8089,-88.3274
North Babylon,NY,40.7321,-73.3236
North Baltimore,OH,41.1867,-83.6806
North Bangor,NY,44.8300,-74.4134
North Bay,NY,43.2300,-75.7486
North Beach,MD,38.7119,-76.5367
North Bend,NE,41.4689,-96.7813
North Bend,OH,39.1536,-84.7273
North Bend,OR,43.4327,-124.2131
North Bend,PA,41.3500,-77.7025
North Bend,WA,47.4755,-121.7571
North Bennington,VT,42.9239,-73.2375
North Benton,OH,40.9876,-81.0162
North Bergen,NJ,40.7930,-74.0177
North Berwick,ME,43.3254,-70.7212
North Billerica,MA,42.5757,-71.2902
North Blenheim,NY,42.4899,-74.4282
North Bloomfield,OH,41.4569,-80.8068
North Bonneville,WA,45.6375,-121.9750
North Boston,NY,42.6856,-78.7769
North Branch,MI,43.2069,-83.2267
North Branch,MN,45.5165,-92.9371
North Branch,NY,41.8142,-74.9824
North Branford,CT,41.3280,-72.7760
North Bridgton,ME,44.0986,-70.6992
North Brookfield,MA,42.2665,-72.0821
North Brookfield,NY,42.8501,-75.3815
North Brunswick,NJ,40.4538,-74.4823
North Buena Vista,IA,42.6711,-90.9588
North Canton,CT,41.9235,-72.9041
North Canton,OH,40.8899,-81.4135
North Carrollton,MS,33.5181,-89.9206
North Carver,MA,41.9203,-70.8000
North Charleston,SC,32.8512,-79.9764
North Charleston,SC,32.9331,-80.0865
North Charleston,SC,33.0562,-80.0759
North Chatham,MA,41.7030,-69.9666
North Chatham,NY,42.4719,-73.6322
North Chelmsford,MA,42.6347,-71.3908
North Chicago,IL,42.3189,-87.8478
North Chili,NY,43.1186,-77.8005
North Clarendon,VT,43.5522,-72.9561
North Collins,NY,42.5896,-78.9107
North Concord,VT,44.5501,-71.7867
North Conway,NH,44.0336,-71.1238
North Creek,NY,43.7138,-73.8928
North Dartmouth,MA,41.6338,-70.9958
North Dighton,MA,41.8529,-71.1485
North East,MD,39.6045,-75.9538
North East,PA,42.2008,-79.8332
North Eastham,MA,41.8650,-69.9917
North Easton,MA,42.0590,-71.1123
North Egremont,MA,42.1967,-73.4383
North English,IA,41.5241,-92.0893
North Evans,NY,42.6969,-78.9417
North Fairfield,OH,41.1030,-82.5998
North Falmouth,MA,41.6417,-70.6230
North Ferrisburgh,VT,44.2515,-73.2033
North Fork,CA,37.2125,-119.5143
North Fork,ID,45.3776,-113.8573
North Fort Myers,FL,26.6781,-81.9096
North Franklin,CT,41.6161,-72.1425
North Freedom,WI,43.4106,-89.8490
North Garden,VA,37.9620,-78.6954
North Georgetown,OH,40.8431,-80.9861
North Grafton,MA,42.2297,-71.7037
North Granby,CT,42.0219,-72.8409
North Granville,NY,43.5062,-73.3301
North Greece,NY,43.2536,-77.7328
North Grosvenordale,CT,41.9879,-71.9027
North Hampton,NH,42.9776,-70.8267
North Hampton,OH,39.9900,-83.9400
North Hartland,VT,43.5967,-72.3526
North Hatfield,MA,42.4111,-72.6228
North Haven,CT,41.3822,-72.8585
North Haven,ME,44.1436,-68.8667
North Haverhill,NH,44.0978,-72.0191
North Henderson,IL,41.1006,-90.4736
North Hero,VT,44.8294,-73.2842
North Highlands,CA,38.6885,-121.3749
North Hills,CA,34.2366,-118.4758
North Hollywood,CA,34.1687,-118.3713
North Hoosick,NY,42.9281,-73.3433
North Houston,TX,29.9253,-95.5150
North Hudson,NY,43.9869,-73.7121
North Hyde Park,VT,44.6706,-72.5986
North Jackson,OH,41.0880,-80.8623
North Java,NY,42.6776,-78.3380
North Jay,ME,44.5472,-70.2386
North Judson,IN,41.2244,-86.6966
North Kingstown,RI,41.5894,-71.4625
North Kingsville,OH,41.9058,-80.6906
North Lake,WI,43.1561,-88.3706
North Lakewood,WA,48.1519,-122.2075
North Las Vegas,NV,36.4475,-114.8514
North Lawrence,NY,44.7750,-74.6653
North Lawrence,OH,40.8387,-81.6299
North Lewisburg,OH,40.2229,-83.5615
North Liberty,IA,41.7443,-91.6061
North Liberty,IN,41.5425,-86.4133
North Lima,OH,40.9649,-80.6549
North Little Rock,AR,34.7670,-92.2654
North Loup,NE,41.4972,-98.7858
North Manchester,IN,40.9986,-85.7842
North Marshfield,MA,42.1431,-70.7708
North Matewan,WV,37.6264,-82.1483
North Metro,GA,33.9770,-84.1493
North Miami,OK,36.9172,-94.8794
North Miami Beach,FL,25.9361,-80.1351
North Middletown,KY,38.1450,-84.1114
North Monmouth,ME,44.2753,-70.0367
North Montpelier,VT,44.2566,-72.4821
North Myrtle Beach,SC,33.8228,-78.6779
North Newton,KS,38.1282,-97.3288
North Norwich,NY,42.6169,-75.5272
North Olmsted,OH,41.4201,-81.9131
North Oxford,MA,42.1655,-71.8860
North Palm Beach,FL,26.8289,-80.0603
North Palm Springs,CA,33.9003,-116.5272
North Pembroke,MA,42.0931,-70.7931
North Pitcher,NY,42.6372,-75.8164
North Plains,OR,45.5972,-122.9922
North Platte,NE,41.1326,-100.7746
North Pole,AK,64.7805,-147.3694
North Pomfret,VT,43.7204,-72.4943
North Port,FL,27.0781,-82.1735
North Powder,OR,45.0317,-117.9337
North Pownal,VT,42.8098,-73.2534
North Prairie,WI,42.9385,-88.3950
North Providence,RI,41.8534,-71.4741
North Reading,MA,42.5819,-71.0947
North Richland Hills,TX,32.8540,-97.2207
North Ridgeville,OH,41.3964,-82.0033
North Rim,AZ,36.9456,-112.5258
North River,NY,43.7386,-74.0492
North Robinson,OH,40.7925,-82.8572
North Rose,NY,43.1964,-76.9152
North Royalton,OH,41.3232,-81.7457
North Salem,IN,39.8671,-86.6388
North Salem,NH,42.8369,-71.2211
North Salem,NY,41.3414,-73.5929
North Salt Lake,UT,40.8441,-111.9041
North San Juan,CA,39.3540,-121.1350
North Sandwich,NH,43.8452,-71.3850
North Scituate,MA,42.2189,-70.7861
North Scituate,RI,41.8439,-71.6242
North Sioux City,SD,42.5327,-96.5076
North Smithfield,RI,41.9667,-71.5500
North Spring,WV,37.5180,-81.7973
North Springfield,PA,41.9944,-80.4253
North Springfield,VT,43.3355,-72.5291
North Star,MI,43.2483,-84.5433
North Star,OH,40.3247,-84.5706
North Stonington,CT,41.4531,-71.8727
North Stratford,NH,44.7149,-71.5644
North Street,MI,43.0269,-82.5383
North Sutton,NH,43.3639,-71.9400
North Tazewell,VA,37.1524,-81.5253
North Thetford,VT,43.8431,-72.1861
North Tonawanda,NY,43.0498,-78.8510
North Troy,VT,44.9619,-72.4572
North Truro,MA,42.0338,-70.0875
North Turner,ME,44.3350,-70.2561
North Uxbridge,MA,42.0875,-71.6417
North Vassalboro,ME,44.4777,-69.5781
North Vernon,IN,39.0018,-85.6272
North Versailles,PA,40.3762,-79.8124
North Wales,PA,40.2166,-75.2565
North Walpole,NH,43.1428,-72.4483
North Waltham,MA,42.3931,-71.2203
North Washington,IA,43.0592,-92.3175
North Washington,PA,41.0478,-79.8136
North Waterboro,ME,43.6400,-70.7298
North Waterford,ME,44.2065,-70.7174
North Webster,IN,41.3084,-85.7079
North Westchester,CT,41.5808,-72.4017
North Weymouth,MA,42.2436,-70.9443
North Wilkesboro,NC,36.1583,-81.1477
North Windham,CT,41.7451,-72.1601
North Woodstock,NH,44.0198,-71.6977
North Yarmouth,ME,43.8297,-70.2769
North Zulch,TX,30.9285,-96.0925
Northampton,MA,42.3247,-72.6542
Northampton,PA,40.6998,-75.4874
Northboro,IA,40.6127,-95.3096
Northborough,MA,42.3182,-71.6464
Northbridge,MA,42.1494,-71.6564
Northbrook,IL,42.1254,-87.8465
Northeast Harbor,ME,44.2942,-68.2903
Northern Cambria,PA,40.6733,-78.7771
Northfield,CT,41.7074,-73.1321
Northfield,MA,42.6887,-72.4510
Northfield,MN,44.4587,-93.1668
Northfield,NJ,39.3703,-74.5552
Northfield,OH,41.3208,-81.5429
Northfield,VT,44.1500,-72.6598
Northfield Falls,VT,44.1719,-72.6514
Northford,CT,41.3962,-72.7809
Northfork,WV,37.3953,-81.4158
Northome,MN,47.8440,-94.2043
Northpoint,PA,40.9037,-79.1257
Northport,AL,33.2605,-87.5872
Northport,MI,45.1157,-85.6173
Northport,NY,40.9051,-73.3309
Northport,WA,48.9247,-117.7931
Northridge,CA,34.2367,-118.5466
Northrop,MN,43.7212,-94.4350
Northumberland,NH,44.5984,-71.5064
Northumberland,PA,40.9044,-76.7908
Northvale,NJ,41.0112,-73.9524
Northville,MI,42.4262,-83.4794
Northville,NY,43.2371,-74.1684
Northville,SD,45.1611,-98.6589
Northway,AK,62.9642,-141.9086
Northwood,IA,43.4506,-93.2419
Northwood,ND,47.7418,-97.5631
Northwood,NH,43.2070,-71.2004
Northwood,OH,41.6080,-83.4806
Norton,KS,39.8407,-99.8878
Norton,MA,41.9718,-71.1894
Norton,TX,31.8795,-100.1315
Norton,VA,36.9378,-82.6249
Norton,VT,44.9888,-71.7884
Norton,WV,38.9317,-79.9658
Nortonville,KS,39.4095,-95.3236
Nortonville,KY,37.1834,-87.4605
Norvell,MI,42.1575,-84.1842
Norvelt,PA,40.2081,-79.4978
Norwalk,CA,33.9056,-118.0818
Norwalk,CT,41.1222,-73.4358
Norwalk,IA,41.4861,-93.6573
Norwalk,OH,41.2403,-82.6078
Norwalk,WI,43.8128,-90.6801
Norway,IA,41.8992,-91.8920
Norway,KS,39.6953,-97.8119
Norway,ME,44.2127,-70.5601
Norway,MI,45.7862,-87.9047
Norway,SC,33.4534,-81.1097
Norwell,MA,42.1596,-70.8217
Norwich,CT,41.5371,-72.0849
Norwich,KS,37.4501,-97.8662
Norwich,ND,48.2491,-100.9712
Norwich,NY,42.5414,-75.5274
Norwich,OH,39.9934,-81.8024
Norwich,VT,43.7404,-72.3016
Norwood,CO,38.1104,-108.2845
Norwood,GA,33.4789,-82.7356
Norwood,LA,30.9518,-91.0629
Norwood,MA,42.1868,-71.2033
Norwood,MN,44.7680,-93.9272
Norwood,MO,37.0687,-92.4082
Norwood,NC,35.2275,-80.1433
Norwood,NJ,40.9952,-73.9582
Norwood,NY,44.7472,-74.9992
Norwood,PA,39.8870,-75.2972
Norwood,VA,37.6431,-78.8092
Norwood Young America,MN,44.7668,-93.9301
Notasulga,AL,32.5437,-85.6871
Noti,OR,44.1195,-123.4570
Notre Dame,IN,41.7006,-86.2429
Notrees,TX,31.9172,-102.7553
Nottawa,MI,41.9189,-85.4489
Nottingham,MD,39.3914,-76.4871
Nottingham,NH,43.1196,-71.1110
Nottingham,PA,39.7441,-76.0356
Nottoway,VA,37.1283,-78.0783
Notus,ID,43.7256,-116.8003
Nova,OH,41.0282,-82.3384
Novato,CA,38.1163,-122.5714
Novelty,MO,40.0360,-92.2438
Novelty,OH,41.4763,-81.3342
Novi,MI,42.4735,-83.5224
Novice,TX,32.0009,-99.5935
Novinger,MO,40.2685,-92.7172
Nowata,OK,36.6946,-95.6404
Noxapater,MS,32.9789,-89.1221
Noxen,PA,41.4181,-76.0460
Noxon,MT,48.0302,-115.7807
Noyes,MN,48.9692,-97.1490
Nu Mine,PA,40.7961,-79.2833
Nubieber,CA,41.0958,-121.1819
Nucla,CO,38.2682,-108.5476
Nuevo,CA,33.8077,-117.1187
Nuiqsut,AK,70.1927,-150.9971
Nulato,AK,64.7780,-157.9914
Numidia,PA,40.8806,-76.4025
Nunam Iqua,AK,62.5092,-164.4533
Nunapitchuk,AK,60.8969,-162.4594
Nunda,NY,42.5867,-77.9180
Nunda,SD,44.1525,-96.9942
Nunez,GA,32.4911,-82.3472
Nunica,MI,43.0883,-86.1028
Nunn,CO,40.7265,-104.7850
Nunnelly,TN,35.8763,-87.5067
Nuremberg,PA,40.9381,-76.1700
Nursery,TX,28.9233,-97.0983
Nutley,NJ,40.8185,-74.1589
Nutrioso,AZ,33.9531,-109.2086
Nutting Lake,MA,42.5378,-71.2694
Nuttsville,VA,37.7933,-76.5511
Nyack,NY,41.0914,-73.9252
Nye,MT,45.4410,-109.8271
Nyssa,OR,43.8604,-117.0251
O Brien,FL,30.0381,-82.9300
O Brien,OR,42.0688,-123.7209
O Brien,TX,33.3749,-99.8473
O Fallon,IL,38.5905,-89.9093
O Fallon,MO,38.8001,-90.7202
O Kean,AR,36.1797,-90.8241
O Neals,CA,37.0869,-119.7454
Oacoma,SD,43.7950,-99.3967
Oak,NE,40.2605,-97.8841
Oak Bluffs,MA,41.4542,-70.5625
Oak Brook,IL,41.8392,-87.9554
Oak City,NC,35.9597,-77.3004
Oak City,UT,39.3750,-112.3347
Oak Creek,CO,40.2567,-106.9296
Oak Creek,WI,42.8892,-87.9027
Oak Forest,IL,41.6077,-87.7542
Oak Grove,AR,36.4613,-93.4321
Oak Grove,KY,36.6652,-87.4255
Oak Grove,LA,32.8723,-91.4129
Oak Grove,MO,38.9985,-94.1399
Oak Hall,VA,37.9332,-75.5624
Oak Harbor,OH,41.5236,-83.1278
Oak Harbor,WA,48.3151,-122.6374
Oak Hill,AL,31.9250,-87.0825
Oak Hill,FL,28.8700,-80.8551
Oak Hill,NY,42.4069,-74.1528
Oak Hill,OH,38.8916,-82.5883
Oak Island,MN,49.3135,-94.8492
Oak Island,NC,33.9161,-78.1255
Oak Lawn,IL,41.7143,-87.7516
Oak Park,CA,34.1364,-118.7736
Oak Park,IL,41.8886,-87.7986
Oak Park,MI,42.4662,-83.1840
Oak Park,MN,45.6714,-93.9214
Oak Ridge,LA,32.6243,-91.7618
Oak Ridge,MO,37.5258,-89.7508
Oak Ridge,NC,36.1673,-79.9804
Oak Ridge,NJ,41.0284,-74.5088
Oak Ridge,PA,41.0075,-79.2961
Oak Ridge,TN,36.0159,-84.2623
Oak Run,CA,40.6863,-122.0409
Oak Vale,MS,31.4420,-89.9827
Oak View,CA,34.4020,-119.2982
Oakboro,NC,35.2460,-80.3413
Oakdale,CA,37.7753,-120.8495
Oakdale,CT,41.4706,-72.1904
Oakdale,IA,41.7064,-91.6028
Oakdale,IL,38.2573,-89.5960
Oakdale,LA,30.8172,-92.6640
Oakdale,NE,42.0536,-97.9186
Oakdale,NY,40.7382,-73.1297
Oakdale,PA,40.4287,-80.2026
Oakdale,TN,36.0100,-84.5753
Oakdale,WI,43.9597,-90.3817
Oakes,ND,46.1288,-98.0993
Oakesdale,WA,47.0806,-117.2803
Oakfield,GA,31.7798,-83.9706
Oakfield,ME,46.1088,-68.1298
Oakfield,NY,43.0717,-78.2702
Oakfield,TN,35.7548,-88.8021
Oakfield,WI,43.6864,-88.5569
Oakford,IL,40.0994,-89.9601
Oakford,IN,40.4192,-86.1042
Oakham,MA,42.3480,-72.0513
Oakhurst,CA,37.3476,-119.6449
Oakhurst,NJ,40.2648,-74.0184
Oakhurst,OK,36.0753,-96.0642
Oakhurst,TX,30.7126,-95.3095
Oakland,AR,36.4442,-92.5832
Oakland,CA,37.7806,-122.2166
Oakland,FL,28.5547,-81.6333
Oakland,IA,41.3120,-95.3790
Oakland,IL,39.6516,-88.0253
Oakland,KY,37.0076,-86.2859
Oakland,MD,39.4000,-79.3897
Oakland,ME,44.5173,-69.7401
Oakland,MI,42.7732,-83.1711
Oakland,MS,34.0756,-89.8877
Oakland,NE,41.8384,-96.4671
Oakland,NJ,41.0294,-74.2338
Oakland,OR,43.4530,-123.3558
Oakland,RI,41.9636,-71.6429
Oakland,TN,35.2229,-89.5518
Oakland,TX,29.6014,-96.8297
Oakland City,IN,38.3361,-87.3519
Oakland Gardens,NY,40.7458,-73.7586
Oakland Mills,PA,40.6147,-77.3192
Oakley,CA,37.9940,-121.7036
Oakley,ID,42.3476,-113.9069
Oakley,KS,39.1121,-100.8580
Oakley,MI,43.1505,-84.2094
Oakley,UT,40.7147,-111.3000
Oakman,AL,33.7002,-87.3686
Oakman,GA,34.5664,-84.7083
Oakmont,PA,40.5196,-79.8369
Oakpark,VA,38.3667,-78.1603
Oakridge,OR,43.7498,-122.4577
Oaks,OK,36.1687,-94.8502
Oaks,PA,40.1317,-75.4600
Oaks Corners,NY,42.9322,-77.0128
Oakton,VA,38.8852,-77.3233
Oaktown,IN,38.8579,-87.3879
Oakvale,WV,37.3342,-80.9628
Oakville,CA,38.4369,-122.4011
Oakville,CT,41.5909,-73.0873
Oakville,IA,41.1003,-91.0439
Oakville,IN,40.0792,-85.3906
Oakville,TX,28.4644,-98.0554
Oakville,WA,46.8434,-123.2493
Oakwood,GA,34.2372,-83.8940
Oakwood,IL,40.1167,-87.7825
Oakwood,OH,41.0908,-84.3969
Oakwood,OK,35.9214,-98.7081
Oakwood,TX,31.6023,-95.9022
Oakwood,VA,37.1841,-81.9916
Oark,AR,35.7095,-93.5585
Oatman,AZ,35.0264,-114.3828
Oberlin,KS,39.8275,-100.5314
Oberlin,LA,30.6162,-92.7527
Oberlin,OH,41.2899,-82.2229
Obernburg,NY,41.8447,-75.0075
Oberon,ND,47.9487,-99.1401
Obion,TN,36.2657,-89.2805
Oblong,IL,39.0010,-87.8950
Obrien,CA,40.8122,-122.3231
Ocala,FL,29.1981,-82.0974
Ocate,NM,36.1037,-105.0660
Occidental,CA,38.3969,-122.9882
Occoquan,VA,38.6836,-77.2606
Ocean Beach,NY,40.6467,-73.1575
Ocean Bluff,MA,42.0972,-70.6542
Ocean City,MD,38.3792,-75.0810
Ocean City,NJ,39.2709,-74.5875
Ocean Gate,NJ,39.9260,-74.1351
Ocean Grove,NJ,40.2116,-74.0093
Ocean Isle Beach,NC,33.8913,-78.4298
Ocean Park,ME,43.5006,-70.3867
Ocean Park,WA,46.5029,-124.0436
Ocean Shores,WA,46.9829,-124.1532
Ocean Springs,MS,30.4404,-88.7801
Ocean View,DE,38.5555,-75.0965
Ocean View,HI,19.4961,-155.9217
Ocean View,NJ,39.2154,-74.7075
Oceana,WV,37.7039,-81.6216
Oceano,CA,35.1019,-120.6080
Oceanport,NJ,40.3157,-74.0164
Oceanside,CA,33.1951,-117.3776
Oceanside,NY,40.6362,-73.6375
Oceanside,OR,45.4611,-123.9667
Oceanville,NJ,39.4711,-74.4608
Oceola,OH,40.8447,-83.0939
Ochelata,OK,36.5947,-95.9691
Ocheyedan,IA,43.3910,-95.5204
Ochlocknee,GA,30.9594,-84.0326
Ochopee,FL,25.9811,-81.1211
Ocilla,GA,31.5929,-83.2565
Ocklawaha,FL,29.0643,-81.8857
Ocoee,FL,28.5837,-81.5326
Ocoee,TN,35.1025,-84.7136
Oconee,GA,32.8553,-82.9500
Oconee,IL,39.2884,-89.0836
Oconomowoc,WI,43.1095,-88.4862
Oconto,NE,41.1381,-99.6951
Oconto,WI,44.8914,-87.8917
Oconto Falls,WI,44.8755,-88.1555
Ocotillo,CA,32.7386,-115.9933
Ocracoke,NC,35.1144,-75.9814
Odanah,WI,46.6083,-90.6967
Odd,WV,37.5930,-81.1872
Odebolt,IA,42.3095,-95.2501
Odell,IL,41.0238,-88.5156
Odell,NE,40.0451,-96.8019
Odell,OR,45.6232,-121.4401
Odell,TX,34.3458,-99.4186
Odem,TX,27.9403,-97.5838
Oden,AR,34.6113,-93.8211
Oden,MI,45.4236,-84.8281
Odenton,MD,39.0762,-76.6996
Odenville,AL,33.6756,-86.4090
Odessa,DE,39.4572,-75.6617
Odessa,FL,28.1421,-82.5905
Odessa,MN,45.2998,-96.3102
Odessa,MO,38.9829,-93.9757
Odessa,NE,40.7097,-99.2541
Odessa,NY,42.3609,-76.7717
Odessa,TX,31.8465,-102.3663
Odessa,WA,47.3395,-118.6983
Odin,IL,38.6088,-89.0552
Odin,MN,43.8824,-94.7740
Odon,IN,38.8187,-86.9752
Odonnell,TX,32.9773,-101.8271
Odum,GA,31.6999,-81.9943
Oelrichs,SD,43.1551,-103.2162
Oelwein,IA,42.6811,-91.9131
Offerle,KS,37.8828,-99.5498
Offerman,GA,31.4094,-82.1119
Offutt A F B,NE,41.1148,-95.9076
Ogallah,KS,38.9323,-99.6811
Ogallala,NE,41.1275,-101.7107
Ogden,AR,33.5857,-94.0278
Ogden,IA,42.0351,-94.0063
Ogden,IL,40.1401,-87.9665
Ogden,KS,39.1192,-96.7001
Ogden,UT,41.2443,-112.0072
Ogdensburg,NJ,41.0767,-74.5982
Ogdensburg,NY,44.6902,-75.4774
Ogdensburg,WI,44.4678,-89.0119
Ogema,MN,47.1029,-95.9151
Ogema,WI,45.4392,-90.2565
Ogilvie,MN,45.8476,-93.4359
Oglala,SD,43.1886,-102.7392
Oglesby,IL,41.2928,-89.0553
Oglesby,TX,31.4438,-97.5501
Oglethorpe,GA,32.2842,-84.0830
Ogunquit,ME,43.2285,-70.5972
Ohatchee,AL,33.7788,-86.0254
Ohio,IL,41.5371,-89.4574
Ohio City,CO,38.5456,-106.5889
Ohio City,OH,40.7854,-84.6731
Ohiopyle,PA,39.8732,-79.4885
Ohiowa,NE,40.4065,-97.4427
Ohlman,IL,39.3450,-89.2186
Oil City,LA,32.7451,-93.9838
Oil City,PA,41.4319,-79.6916
Oil Springs,KY,37.8264,-82.9281
Oil Trough,AR,35.6131,-91.4703
Oilmont,MT,48.7400,-111.8400
Oilton,OK,36.0844,-96.5833
Oilton,TX,27.4656,-98.9739
Oilville,VA,37.7089,-77.7700
Ojai,CA,34.4451,-119.2565
Ojibwa,WI,45.7854,-91.1109
Ojo Caliente,NM,36.4099,-105.9155
Ojo Feliz,NM,36.0089,-104.7061
Okabena,MN,43.7230,-95.3381
Okahumpka,FL,28.7373,-81.8839
Okanogan,WA,48.3513,-119.6046
Okarche,OK,35.7502,-97.9300
Okatie,SC,32.3278,-80.8478
Okaton,SD,43.9342,-100.9351
Okauchee,WI,43.1130,-88.4323
Okawville,IL,38.4319,-89.5230
Okay,OK,35.8506,-95.3181
Okeana,OH,39.3537,-84.7761
Okeechobee,FL,27.3115,-80.8479
Okeene,OK,36.1165,-98.3254
Okemah,OK,35.4475,-96.3068
Okemos,MI,42.7222,-84.4275
Oketo,KS,39.9598,-96.6235
Oklahoma City,OK,35.3337,-97.4922
Oklahoma City,OK,35.4730,-97.5177
Oklaunion,TX,34.1204,-99.1602
Oklee,MN,47.8286,-95.8617
Okmulgee,OK,35.6288,-95.9697
Okoboji,IA,43.3794,-95.1530
Okolona,AR,34.0551,-93.2897
Okolona,MS,33.9890,-88.7598
Okolona,OH,41.3922,-84.1253
Okreek,SD,43.3617,-100.3867
Oktaha,OK,35.6250,-95.4856
Ola,AR,35.0309,-93.2136
Ola,ID,44.2350,-116.2909
Olalla,WA,47.4241,-122.5745
Olamon,ME,45.1208,-68.6111
Olancha,CA,36.3208,-118.0256
Olanta,PA,40.9056,-78.5001
Olanta,SC,33.9285,-79.9153
Olar,SC,33.1836,-81.1640
Olathe,CO,38.5976,-107.9921
Olathe,KS,38.8822,-94.8178
Olaton,KY,37.4987,-86.7282
Olcott,NY,43.3378,-78.7150
Old Appleton,MO,37.5830,-89.7071
Old Bethpage,NY,40.7650,-73.4575
Old Bridge,NJ,40.3980,-74.3236
Old Chatham,NY,42.4357,-73.5545
Old Fields,WV,39.1502,-78.9509
Old Forge,NY,43.7435,-74.8935
Old Forge,PA,41.3701,-75.7391
Old Fort,NC,35.6169,-82.1686
Old Fort,OH,41.2400,-83.1500
Old Glory,TX,33.1842,-100.1532
Old Greenwich,CT,41.0354,-73.5673
Old Harbor,AK,57.2028,-153.3039
Old Hickory,TN,36.2416,-86.6117
Old Lyme,CT,41.3347,-72.3086
Old Mission,MI,44.9622,-85.4853
Old Monroe,MO,38.9346,-90.7782
Old Mystic,CT,41.3914,-71.9622
Old Ocean,TX,29.0797,-95.7494
Old Orchard Beach,ME,43.5174,-70.3921
Old Saybrook,CT,41.2913,-72.3850
Old Station,CA,40.6256,-121.4585
Old Town,FL,29.6246,-83.0574
Old Town,ME,44.9430,-68.6750
Old Washington,OH,40.0386,-81.4447
Old Westbury,NY,40.7882,-73.5875
Old Zionsville,PA,40.4864,-75.5206
Olden,TX,32.4189,-98.7506
Oldenburg,IN,39.3598,-85.2222
Oldfield,MO,36.9704,-93.0325
Oldfort,TN,35.0365,-84.7219
Oldham,SD,44.2457,-97.2696
Oldhams,VA,38.0025,-76.6692
Olds,IA,41.1206,-91.5484
Oldsmar,FL,28.0460,-82.6848
Oldtown,ID,48.1880,-116.9274
Oldtown,MD,39.5846,-78.6044
Oldwick,NJ,40.6725,-74.7478
Olean,MO,38.4001,-92.5303
Olean,NY,42.0787,-78.4233
Olema,CA,38.0408,-122.7869
Oley,PA,40.3833,-75.7706
Olga,WA,48.6555,-122.8362
Olin,IA,41.9954,-91.1409
Olin,NC,35.9593,-80.8511
Olive,MT,45.5466,-105.6687
Olive Branch,IL,37.1686,-89.3517
Olive Branch,MS,34.9441,-89.8544
Olive Hill,KY,38.3363,-83.1690
Olivebridge,NY,41.8959,-74.2470
Oliveburg,PA,40.9964,-79.0382
Olivehill,TN,35.2667,-88.0390
Olivehurst,CA,39.0895,-121.5501
Oliver,GA,32.5214,-81.5333
Oliver,PA,39.9117,-79.7156
Oliver Springs,TN,36.0366,-84.3486
Olivet,MI,42.4459,-84.8973
Olivet,SD,43.2928,-97.7184
Olivia,MN,44.7706,-94.9727
Olivia,NC,35.3594,-79.1100
Olla,LA,31.8734,-92.2214
Ollie,IA,41.2001,-92.1354
Olmito,TX,26.0392,-97.5561
Olmitz,KS,38.5670,-98.9290
Olmstead,KY,36.7846,-86.9818
Olmsted,IL,37.1935,-89.0933
Olmsted Falls,OH,41.3734,-81.9158
Olmstedville,NY,43.7799,-73.9335
Olney,IL,38.7334,-88.0809
Olney,MD,39.1531,-77.0672
Olney,MO,39.0875,-91.2113
Olney,MT,48.5486,-114.5772
Olney,TX,33.3601,-98.7427
Olney Springs,CO,38.2019,-103.9410
Olpe,KS,38.2578,-96.1891
Olsburg,KS,39.4125,-96.6002
Olton,TX,34.1844,-102.1414
Olustee,FL,30.2039,-82.4289
Olustee,OK,34.5496,-99.4287
Olympia,KY,38.0611,-83.7585
Olympia,WA,47.0129,-122.8763
Olympia Fields,IL,41.5156,-87.6900
Olympic Valley,CA,39.1556,-120.2150
Olyphant,PA,41.4677,-75.6015
Omaha,AR,36.4612,-93.1888
Omaha,GA,32.1652,-84.9008
Omaha,IL,37.8904,-88.2865
Omaha,NE,41.1683,-96.2096
Omaha,NE,41.2610,-95.9376
Omaha,TX,33.1808,-94.7639
Omak,WA,48.4143,-119.5272
Omar,WV,37.7224,-82.0049
Omega,GA,31.3604,-83.5939
Omega,OK,35.8507,-98.1863
Omena,MI,45.0556,-85.5889
Omer,MI,44.0499,-83.8430
Omro,WI,44.0357,-88.7519
Ona,FL,27.4127,-81.9280
Ona,WV,38.4529,-82.2181
Onaga,KS,39.4730,-96.1761
Onaka,SD,45.1965,-99.4551
Onalaska,TX,30.8056,-95.1161
Onalaska,WA,46.5730,-122.7075
Onalaska,WI,43.8974,-91.2314
Onamia,MN,46.0902,-93.6867
Onancock,VA,37.7102,-75.7528
Onarga,IL,40.7120,-87.9958
Onawa,IA,42.0370,-96.1072
Onaway,MI,45.3365,-84.2123
Oneco,CT,41.6936,-71.8089
Oneco,FL,27.4472,-82.5464
Onego,WV,38.8017,-79.4507
Oneida,AR,34.4053,-90.8260
Oneida,IL,41.0832,-90.2391
Oneida,KS,39.8661,-95.9581
Oneida,KY,37.2677,-83.6555
Oneida,NY,43.0862,-75.6508
Oneida,PA,40.9075,-76.1258
Oneida,TN,36.5053,-84.5293
Oneida,WI,44.5166,-88.1859
Oneill,NE,42.4857,-98.6456
Onekama,MI,44.3646,-86.2100
Onemo,VA,37.3985,-76.2941
Oneonta,AL,33.9259,-86.4741
Oneonta,NY,42.4625,-75.0491
Ong,NE,40.3968,-97.8610
Onia,AR,35.9403,-92.3459
Onida,SD,44.7125,-100.0957
Onley,VA,37.6704,-75.6992
Only,TN,35.8679,-87.6655
Ono,PA,40.4028,-76.5350
Onondaga,MI,42.4487,-84.5535
Onset,MA,41.7417,-70.6583
Onslow,IA,42.1235,-90.9731
Onsted,MI,42.0295,-84.1839
Ontario,CA,34.0631,-117.6197
Ontario,NY,43.2291,-77.3088
Ontario,OH,40.7594,-82.5903
Ontario,OR,44.0416,-116.9783
Ontario,WI,43.7172,-90.6205
Ontario Center,NY,43.2258,-77.3061
Ontonagon,MI,46.8275,-89.3485
Onward,IN,40.6947,-86.1950
Onyx,CA,35.7136,-118.1902
Ookala,HI,20.0119,-155.2747
Oolitic,IN,38.8938,-86.5246
Oologah,OK,36.4437,-95.7290
Ooltewah,TN,35.0781,-85.0635
Oostburg,WI,43.6229,-87.7970
Opa Locka,FL,25.9097,-80.2470
Opal,WY,41.7692,-110.3253
Opdyke,IL,38.2750,-88.7750
Opelika,AL,32.6278,-85.3586
Opelousas,LA,30.5144,-92.0897
Opheim,MT,48.8702,-106.3658
Ophelia,VA,37.9100,-76.2839
Ophiem,IL,41.2525,-90.3875
Ophir,CO,37.8562,-107.8520
Ophir,KY,37.9072,-83.0144
Ophir,OR,42.5633,-124.3817
Opolis,KS,37.3444,-94.6208
Opp,AL,31.2799,-86.2571
Oquawka,IL,40.9442,-90.9302
Oquossoc,ME,44.9664,-70.7742
Ora,IN,41.1739,-86.5531
Oracle,AZ,32.6005,-110.7961
Oradell,NJ,40.9535,-74.0335
Oral,SD,43.3876,-103.1832
Oran,IA,42.7014,-92.0744
Oran,MO,37.0870,-89.6734
Orange,CA,33.7877,-117.8755
Orange,CT,41.2815,-73.0287
Orange,MA,42.5912,-72.3059
Orange,NJ,40.7692,-74.2355
Orange,TX,30.1252,-93.7719
Orange,VA,38.2339,-78.0912
Orange Beach,AL,30.2906,-87.5559
Orange City,FL,28.9453,-81.2995
Orange City,IA,43.0185,-96.0565
Orange Cove,CA,36.6243,-119.3135
Orange Grove,TX,27.9487,-97.9838
Orange Lake,FL,29.4250,-82.2167
Orange Park,FL,30.1044,-81.7145
Orange Springs,FL,29.5058,-81.9456
Orangeburg,NY,41.0442,-73.9609
Orangeburg,SC,33.5025,-80.8593
Orangefield,TX,30.0747,-93.8556
Orangevale,CA,38.6824,-121.2229
Orangeville,IL,42.4728,-89.6448
Orangeville,OH,41.3392,-80.5192
Orangeville,PA,41.1016,-76.3810
Orangeville,UT,39.2272,-111.0528
Oraville,IL,37.8650,-89.3833
Orbisonia,PA,40.2389,-77.9069
Orcas,WA,48.5981,-122.9433
Orchard,CO,40.3639,-104.0973
Orchard,IA,43.2355,-92.7200
Orchard,NE,42.3399,-98.2409
Orchard,TX,29.6039,-95.9694
Orchard Hill,GA,33.1864,-84.2114
Orchard Park,NY,42.7639,-78.7518
Ord,NE,41.5962,-98.9418
Orderville,UT,37.2744,-112.6420
Ordinary,VA,37.3153,-76.5136
Ordway,CO,38.2095,-103.8003
Ore City,TX,32.7856,-94.7514
Oreana,IL,39.9351,-88.8547
Orefield,PA,40.6248,-75.5974
Oregon,IL,42.0095,-89.3444
Oregon,MO,39.9809,-95.1234
Oregon,OH,41.6418,-83.4714
Oregon,WI,42.9295,-89.3870
Oregon City,OR,45.3377,-122.5700
Oregon House,CA,39.3144,-121.2092
Oregonia,OH,39.4145,-84.0511
Oreland,PA,40.1132,-75.1869
Orem,UT,40.3134,-111.6953
Orestes,IN,40.2694,-85.7281
Orford,NH,43.8941,-72.0978
Orfordville,WI,42.6278,-89.2533
Organ,NM,32.4256,-106.5961
Orgas,WV,38.0736,-81.5738
Orick,CA,41.3072,-124.0503
Orient,IA,41.2192,-94.3705
Orient,IL,37.9183,-88.9775
Orient,ME,45.8056,-67.8377
Orient,NY,41.1437,-72.2879
Orient,OH,39.7954,-83.1543
Orient,SD,44.8343,-99.1058
Orient,WA,48.8661,-118.2017
Oriental,NC,35.0364,-76.7015
Orinda,CA,37.8787,-122.1728
Orion,IL,41.3634,-90.3849
Oriska,ND,46.9433,-97.7853
Oriskany,NY,43.1524,-75.3434
Oriskany,VA,37.6164,-79.9839
Oriskany Falls,NY,42.9576,-75.4838
Orkney Springs,VA,38.7937,-78.8111
Orla,TX,31.8250,-103.9083
Orland,CA,39.7446,-122.1579
Orland,IN,41.7309,-85.1465
Orland,ME,44.5458,-68.7313
Orland Park,IL,41.6194,-87.8423
Orlando,FL,28.4988,-80.5825
Orlando,FL,28.5399,-81.3727
Orlando,KY,37.3734,-84.2528
Orlando,OK,36.1420,-97.3960
Orlando,WV,38.8853,-80.5601
Orlean,VA,38.7497,-77.9622
Orleans,CA,41.3181,-123.5296
Orleans,IN,38.6535,-86.4532
Orleans,MA,41.7792,-69.9822
Orleans,MI,43.0895,-85.1165
Orleans,NE,40.1484,-99.4572
Orleans,VT,44.8054,-72.1653
Orlinda,TN,36.6110,-86.6990
Orma,WV,38.7360,-81.0961
Ormond Beach,FL,29.2855,-81.0561
Ormsby,MN,43.8616,-94.6873
Oro Grande,CA,34.6178,-117.3327
Orocovis,PR,18.2289,-66.3914
Orofino,ID,46.4952,-116.2404
Orogrande,NM,32.3933,-106.0900
Orondo,WA,47.6969,-120.1721
Orono,ME,44.8831,-68.6725
Oronoco,MN,44.1489,-92.4850
Oronogo,MO,37.2433,-94.4462
Orosi,CA,36.5464,-119.2815
Orovada,NV,41.8220,-117.7755
Oroville,CA,39.5330,-121.5784
Oroville,WA,48.9397,-119.4032
Orr,MN,47.9339,-92.8456
Orrick,MO,39.2116,-94.1239
Orrington,ME,44.7263,-68.7876
Orrs Island,ME,43.7727,-69.9668
Orrstown,PA,40.0731,-77.6398
Orrtanna,PA,39.8810,-77.3806
Orrum,NC,34.4473,-79.0310
Orrville,AL,32.2949,-87.2214
Orrville,OH,40.8458,-81.7741
Orson,PA,41.8136,-75.4483
Orting,WA,47.0822,-122.1860
Ortley,SD,45.3406,-97.1770
Ortonville,MI,42.8409,-83.4288
Ortonville,MN,45.3296,-96.4596
Orviston,PA,41.0754,-77.6203
Orwell,NY,43.5747,-75.9967
Orwell,OH,41.5335,-80.8397
Orwell,VT,43.7837,-73.2949
Orwigsburg,PA,40.6431,-76.0840
Osage,IA,43.2872,-92.8144
Osage,MN,46.9329,-95.2353
Osage,OK,36.2832,-96.3774
Osage,WV,39.6567,-80.0117
Osage,WY,43.9990,-104.4226
Osage Beach,MO,38.1380,-92.6664
Osage City,KS,38.6269,-95.8303
Osakis,MN,45.8768,-95.1332
Osawatomie,KS,38.4888,-94.9620
Osborn,MO,39.7684,-94.2477
Osborne,KS,39.4194,-98.6961
Osburn,ID,47.5061,-115.9983
Oscar,LA,30.5988,-91.4846
Oscar,OK,33.9732,-97.7614
Osceola,AR,35.7019,-89.9798
Osceola,IA,41.0295,-93.7712
Osceola,IN,41.6741,-86.0789
Osceola,MO,38.0286,-93.7536
Osceola,NE,41.1966,-97.5571
Osceola,PA,41.9848,-77.3540
Osceola,WI,45.3218,-92.6971
Osceola Mills,PA,40.8722,-78.2757
Osco,IL,41.3637,-90.2681
Oscoda,MI,44.4465,-83.3619
Osgood,IN,39.1573,-85.2938
Osgood,OH,40.3397,-84.4953
Oshkosh,NE,41.4451,-102.3457
Oshkosh,WI,44.0220,-88.5436
Oshtemo,MI,42.2589,-85.6775
Oskaloosa,IA,41.2942,-92.6439
Oskaloosa,KS,39.2152,-95.3135
Oslo,MN,48.2066,-97.1163
Osmond,NE,42.3539,-97.5820
Osnabrock,ND,48.6419,-98.2327
Osprey,FL,27.1838,-82.4853
Osseo,MI,41.8384,-84.5974
Osseo,MN,45.0994,-93.4878
Osseo,WI,44.5599,-91.2191
Ossian,IA,43.1379,-91.7734
Ossian,IN,40.8806,-85.1570
Ossineke,MI,44.9104,-83.4592
Ossining,NY,41.1673,-73.8538
Ossipee,NH,43.6945,-71.1129
Osteen,FL,28.8426,-81.1562
Osterville,MA,41.6300,-70.3837
Ostrander,MN,43.5972,-92.4157
Ostrander,OH,40.2740,-83.1978
Oswegatchie,NY,44.1933,-75.0659
Oswego,IL,41.6849,-88.3453
Oswego,KS,37.1823,-95.1335
Oswego,NY,43.4438,-76.4975
Osyka,MS,31.0217,-90.4790
Otego,NY,42.4133,-75.2079
Othello,WA,46.7925,-119.3164
Otho,IA,42.4328,-94.1708
Otis,CO,40.2030,-102.9392
Otis,KS,38.5092,-99.0656
Otis,LA,31.2264,-92.7445
Otis,MA,42.1899,-73.0821
Otis,OR,45.0138,-123.9332
Otis Orchards,WA,47.7027,-117.1121
Otisco,IN,38.5423,-85.6647
Otisville,MI,43.1706,-83.5172
Otisville,NY,41.4818,-74.5294
Otley,IA,41.4518,-93.0348
Oto,IA,42.2646,-95.8616
Otoe,NE,40.7355,-96.1329
Otsego,MI,42.4723,-85.7035
Ottawa,IL,41.3526,-88.8416
Ottawa,KS,38.6142,-95.2745
Ottawa,OH,41.0297,-84.0473
Ottawa,WV,37.9586,-81.8167
Ottawa Lake,MI,41.7683,-83.6856
Otter,MT,45.4458,-106.0087
Otter Creek,FL,29.3247,-82.7719
Otter Lake,MI,43.2183,-83.4242
Otter Rock,OR,44.7472,-124.0603
Otterbein,IN,40.5170,-87.1225
Ottertail,MN,46.4177,-95.5436
Otterville,MO,38.7161,-93.0108
Ottine,TX,29.5978,-97.5839
Otto,NC,35.0627,-83.3848
Otto,NY,42.3561,-78.8319
Otto,WY,44.4056,-108.3047
Ottosen,IA,42.8764,-94.3786
Ottoville,OH,40.9372,-84.3474
Ottsville,PA,40.4592,-75.1570
Ottumwa,IA,41.0151,-92.4134
Otway,OH,38.8520,-83.2222
Otwell,IN,38.4662,-87.0985
Ouaquaga,NY,42.1193,-75.6474
Ouray,CO,38.0258,-107.6726
Outing,MN,46.8375,-93.9443
Outlook,MT,48.8817,-104.7415
Outlook,WA,46.3525,-120.0970
Ouzinkie,AK,57.9250,-152.4917
Ovalo,TX,32.1553,-99.8229
Ovando,MT,47.0067,-113.0905
Overbrook,KS,38.7922,-95.5616
Overbrook,OK,34.0539,-97.1324
Overgaard,AZ,34.3908,-110.5525
Overland Park,KS,38.9925,-94.6748
Overpeck,OH,39.4508,-84.5144
Overton,NE,40.7519,-99.5278
Overton,NV,36.6372,-114.3782
Overton,TX,32.2690,-94.9529
Ovett,MS,31.4738,-89.0396
Ovid,CO,40.9459,-102.3874
Ovid,MI,42.9969,-84.3649
Ovid,NY,42.6770,-76.8216
Oviedo,FL,28.6697,-81.2083
Owaneco,IL,39.4775,-89.1951
Owanka,SD,44.0631,-102.5628
Owasso,OK,36.2863,-95.8222
Owatonna,MN,44.0805,-93.2191
Owego,NY,42.1138,-76.2528
Owen,WI,44.9578,-90.5469
Owendale,MI,43.7206,-83.2307
Owens Cross Roads,AL,34.6129,-86.4666
Owensboro,KY,37.7513,-87.1554
Owensburg,IN,38.9522,-86.7441
Owensville,IN,38.2744,-87.7091
Owensville,MO,38.3511,-91.4867
Owensville,OH,39.1225,-84.1358
Owenton,KY,38.4986,-84.8086
Owings,MD,38.6955,-76.6061
Owings Mills,MD,39.4269,-76.7769
Owingsville,KY,38.1532,-83.7564
Owls Head,ME,44.0732,-69.0894
Owls Head,NY,44.7308,-74.1342
Owosso,MI,42.9934,-84.1595
Owyhee,NV,41.9478,-116.0978
Oxbow,ME,46.4020,-68.5218
Oxbow,NY,44.2872,-75.6233
Oxbow,OR,44.9750,-116.8619
Oxford,AL,33.5968,-85.8335
Oxford,AR,36.2114,-91.9258
Oxford,CT,41.4202,-73.1296
Oxford,FL,28.9272,-82.0375
Oxford,GA,33.6189,-83.8675
Oxford,IA,41.6507,-91.7724
Oxford,IN,40.5217,-87.2526
Oxford,KS,37.2653,-97.1761
Oxford,MA,42.1129,-71.8687
Oxford,MD,38.6864,-76.1538
Oxford,ME,44.1118,-70.5098
Oxford,MI,42.8265,-83.2005
Oxford,MS,34.3544,-89.4969
Oxford,NC,36.3313,-78.6134
Oxford,NE,40.2560,-99.6302
Oxford,NJ,40.8105,-75.0019
Oxford,NY,42.4434,-75.6063
Oxford,OH,39.5038,-84.7385
Oxford,PA,39.7827,-75.9815
Oxford,WI,43.7799,-89.5632
Oxford Junction,IA,41.9854,-90.9543
Oxly,MO,36.5874,-90.6920
Oxnard,CA,34.2141,-119.1750
Oxon Hill,MD,38.8108,-76.9898
Oyens,IA,42.8203,-96.0575
Oyster,VA,37.2864,-75.9228
Oyster Bay,NY,40.8660,-73.5272
Oysterville,WA,46.5492,-124.0269
Ozan,AR,33.9028,-93.7714
Ozark,AL,31.4391,-85.6436
Ozark,AR,35.5246,-93.8374
Ozark,IL,37.5367,-88.7688
Ozark,MO,37.0169,-93.2022
Ozawkie,KS,39.2136,-95.4404
Ozona,FL,28.0692,-82.7758
Ozona,TX,30.7164,-101.2388
Ozone,AR,35.6575,-93.4311
Ozone Park,NY,40.6838,-73.8514
Paauilo,HI,20.0271,-155.3697
Pablo,MT,47.6003,-114.1181
Pace,MS,33.7914,-90.8569
Pachuta,MS,32.0081,-88.8653
Pacific,MO,38.4922,-90.7480
Pacific,WA,47.2666,-122.2435
Pacific Beach,WA,47.1981,-124.1588
Pacific City,OR,45.2025,-123.9617
Pacific Grove,CA,36.6167,-121.9220
Pacific Junction,IA,41.0271,-95.8046
Pacific Palisades,CA,34.0541,-118.5369
Pacifica,CA,37.6196,-122.4816
Packwaukee,WI,43.7633,-89.4583
Packwood,IA,41.1228,-92.0664
Packwood,WA,46.6500,-121.6553
Pacoima,CA,34.2581,-118.4207
Pacolet,SC,34.9017,-81.7587
Pacolet Mills,SC,34.9225,-81.7428
Paden,OK,35.5182,-96.5719
Paden City,WV,39.6044,-80.9265
Padroni,CO,40.9549,-103.3582
Paducah,KY,37.0634,-88.6632
Paducah,TX,34.0192,-100.3059
Paeonian Springs,VA,39.1492,-77.6194
Page,AZ,36.8966,-111.4385
Page,ND,47.1515,-97.5967
Page,NE,42.4119,-98.3964
Page,WV,38.0528,-81.2700
Pageland,SC,34.7722,-80.3966
Pageton,WV,37.3492,-81.4656
Pagosa Springs,CO,37.2523,-107.0385
Paguate,NM,35.1386,-107.3783
Pahala,HI,19.2079,-155.4815
Pahoa,HI,19.5089,-154.9231
Pahokee,FL,26.8142,-80.6629
Pahrump,NV,36.2040,-116.0147
Paia,HI,20.9154,-156.3802
Paicines,CA,36.4948,-121.0329
Paige,TX,30.1858,-97.1198
Paincourtville,LA,29.9900,-91.0550
Painesdale,MI,47.0433,-88.6722
Painesville,OH,41.7140,-81.2437
Paint Bank,VA,37.5745,-80.2544
Paint Lick,KY,37.6092,-84.4269
Paint Rock,AL,34.6671,-86.3326
Paint Rock,TX,31.5048,-99.9139
Painted Post,NY,42.1710,-77.1194
Painter,VA,37.5828,-75.8066
Paintsville,KY,37.8193,-82.8052
Paisley,FL,28.9993,-81.5030
Paisley,OR,42.7031,-120.5532
Pala,CA,33.3777,-117.0717
Palacios,TX,28.7150,-96.2154
Palatine,IL,42.1258,-88.0764
Palatine Bridge,NY,42.9221,-74.5708
Palatka,FL,29.6577,-81.6595
Palco,KS,39.2531,-99.5593
Palenville,NY,42.1729,-74.0167
Palermo,CA,39.4361,-121.5454
Palermo,ME,44.3843,-69.4334
Palermo,ND,48.3396,-102.2400
Palestine,AR,34.9663,-90.9049
Palestine,IL,39.0028,-87.6157
Palestine,OH,40.0494,-84.7433
Palestine,TX,31.7588,-95.6342
Palestine,WV,38.9741,-81.4280
Palisade,CO,39.1032,-108.3680
Palisade,MN,46.6895,-93.5627
Palisade,NE,40.3387,-101.1295
Palisades,NY,41.0103,-73.9250
Palisades,WA,47.4694,-119.8023
Palisades Park,NJ,40.8462,-73.9954
Pall Mall,TN,36.5781,-85.0384
Palm,PA,40.4317,-75.5331
Palm Bay,FL,28.0146,-80.5991
Palm Beach,FL,26.7206,-80.0388
Palm Beach Gardens,FL,26.8444,-80.0873
Palm City,FL,27.1656,-80.2916
Palm Coast,FL,29.5847,-81.2080
Palm Desert,CA,33.7611,-116.3249
Palm Harbor,FL,28.0778,-82.7639
Palm Springs,CA,33.8414,-116.5347
Palmdale,CA,34.5715,-118.0613
Palmdale,FL,26.9450,-81.3164
Palmer,AK,61.6138,-149.0653
Palmer,IA,42.6419,-94.5432
Palmer,IL,39.4708,-89.4256
Palmer,KS,39.6192,-97.1122
Palmer,MA,42.1762,-72.3288
Palmer,MI,46.4408,-87.5931
Palmer,NE,41.1788,-98.2411
Palmer,PR,18.3725,-65.7744
Palmer,TN,35.3741,-85.5643
Palmer,TX,32.4387,-96.6794
Palmer Lake,CO,39.1205,-104.9148
Palmerdale,AL,33.7386,-86.6461
Palmersville,TN,36.3948,-88.6142
Palmerton,PA,40.8170,-75.6011
Palmetto,FL,27.5211,-82.5725
Palmetto,GA,33.5242,-84.6790
Palmetto,LA,30.7065,-91.9114
Palms,MI,43.6257,-82.7017
Palmyra,IL,39.4165,-89.9567
Palmyra,IN,38.4105,-86.0888
Palmyra,ME,44.8576,-69.3811
Palmyra,MI,41.8730,-83.9657
Palmyra,MO,39.7913,-91.5368
Palmyra,NE,40.7050,-96.3999
Palmyra,NJ,40.0037,-75.0257
Palmyra,NY,43.0622,-77.2218
Palmyra,PA,40.3011,-76.5886
Palmyra,TN,36.4176,-87.4914
Palmyra,VA,37.8818,-78.2980
Palmyra,WI,42.8793,-88.5903
Palo,IA,42.0365,-91.7877
Palo,MI,43.1125,-84.9856
Palo Alto,CA,37.4443,-122.1497
Palo Cedro,CA,40.5767,-122.2398
Palo Pinto,TX,32.7253,-98.2703
Palo Verde,AZ,33.3485,-112.6467
Palo Verde,CA,33.4328,-114.7314
Paloma,IL,40.0366,-91.2053
Palomar Mountain,CA,33.3228,-116.8778
Palos Heights,IL,41.6621,-87.7927
Palos Hills,IL,41.7004,-87.8263
Palos Park,IL,41.6624,-87.8521
Palos Verdes Peninsula,CA,33.7701,-118.3748
Palouse,WA,46.9076,-117.0855
Paluxy,TX,32.2706,-97.9072
Pampa,TX,35.5380,-100.9579
Pamplico,SC,33.9922,-79.5929
Pamplin,VA,37.2653,-78.6517
Pana,IL,39.3881,-89.0782
Panaca,NV,37.7906,-114.3886
Panacea,FL,30.0153,-84.3912
Panama,IA,41.7288,-95.4870
Panama,IL,39.0303,-89.5233
Panama,NE,40.5978,-96.5106
Panama,NY,42.0570,-79.4815
Panama,OK,35.1672,-94.6722
Panama City,FL,30.1606,-85.6494
Panama City Beach,FL,30.1946,-85.7920
Pandora,OH,40.9509,-83.9521
Pandora,TX,29.2500,-97.8375
Pangburn,AR,35.4216,-91.7960
Panguitch,UT,37.8078,-112.4369
Panhandle,TX,35.3808,-101.4304
Panna Maria,TX,28.9581,-97.8972
Panola,AL,32.9506,-88.2689
Panola,OK,34.9286,-95.2131
Panola,TX,32.3578,-94.0911
Panora,IA,41.6967,-94.3606
Panorama City,CA,34.2262,-118.4470
Pansey,AL,31.1318,-85.2385
Pantego,NC,35.6201,-76.6988
Panther,WV,37.4833,-81.8961
Panther Burn,MS,33.0661,-90.8683
Paola,KS,38.5720,-94.8937
Paoli,CO,40.6122,-102.4722
Paoli,IN,38.5507,-86.4490
Paoli,OK,34.8285,-97.2608
Paoli,PA,40.0426,-75.4827
Paonia,CO,38.8650,-107.5985
Papaaloa,HI,19.9048,-155.2184
Papaikou,HI,19.7916,-155.0984
Papillion,NE,41.1523,-96.0371
Papineau,IL,40.9692,-87.7164
Parachute,CO,39.4407,-108.0380
Paradis,LA,29.8770,-90.4352
Paradise,CA,39.7464,-121.6361
Paradise,KS,39.0756,-98.9207
Paradise,MI,46.5983,-85.0562
Paradise,MT,47.3894,-114.8011
Paradise,PA,39.9852,-76.1081
Paradise,TX,33.0826,-97.6974
Paradise,UT,41.5600,-111.8297
Paradise Inn,WA,46.7183,-121.6706
Paradise Valley,AZ,33.5494,-111.9565
Paradise Valley,NV,41.5057,-117.5728
Paradox,CO,38.3683,-108.9617
Paradox,NY,43.8914,-73.6450
Paragon,IN,39.4042,-86.5779
Paragonah,UT,37.8917,-112.7740
Paragould,AR,36.0600,-90.5251
Paramount,CA,33.8969,-118.1632
Paramus,NJ,40.9477,-74.0672
Parchman,MS,33.9178,-90.4964
Pardeeville,WI,43.5340,-89.3265
Paris,AR,35.2941,-93.7265
Paris,ID,42.2071,-111.4029
Paris,IL,39.6132,-87.6976
Paris,KY,38.2083,-84.2450
Paris,ME,44.2597,-70.5011
Paris,MI,43.7677,-85.5213
Paris,MO,39.4932,-92.0113
Paris,MS,34.1768,-89.4214
Paris,OH,40.8014,-81.1540
Paris,TN,36.3005,-88.3093
Paris,TX,33.6581,-95.5379
Paris,VA,39.0044,-77.9517
Paris Crossing,IN,38.8558,-85.7487
Parish,NY,43.4153,-76.1000
Parishville,NY,44.5927,-74.7941
Park,KS,39.0788,-100.3469
Park City,KY,37.0579,-86.0776
Park City,MT,45.6329,-108.9293
Park City,UT,40.6957,-111.5280
Park Falls,WI,45.9363,-90.4246
Park Forest,IL,41.4741,-87.6829
Park Hall,MD,38.2244,-76.4415
Park Hill,OK,35.7977,-94.9822
Park Hills,MO,37.8556,-90.5273
Park Rapids,MN,46.9377,-95.0383
Park Ridge,IL,42.0122,-87.8417
Park Ridge,NJ,41.0343,-74.0396
Park River,ND,48.4039,-97.7439
Park Valley,UT,41.8551,-113.3478
Parkdale,AR,33.1213,-91.5428
Parker,AZ,34.0254,-114.2663
Parker,CO,39.5055,-104.7349
Parker,ID,43.9594,-111.7569
Parker,KS,38.3303,-94.9871
Parker,PA,41.1009,-79.6889
Parker,SD,43.4020,-97.1333
Parker,WA,46.5011,-120.4642
Parker City,IN,40.1938,-85.1963
Parker Dam,CA,34.2980,-114.1560
Parker Ford,PA,40.1994,-75.5842
Parkers Lake,KY,36.8347,-84.4436
Parkers Prairie,MN,46.1769,-95.3608
Parkersburg,IA,42.5714,-92.7688
Parkersburg,IL,38.5900,-88.0647
Parkersburg,WV,39.2644,-81.5354
Parkesburg,PA,39.9654,-75.9260
Parkhill,PA,40.3594,-78.8694
Parkin,AR,35.2586,-90.5564
Parkman,OH,41.3706,-81.0653
Parkman,WY,44.9650,-107.3254
Parks,AR,34.8003,-93.9509
Parks,AZ,35.1898,-112.0187
Parks,NE,40.1398,-101.7399
Parksley,VA,37.7744,-75.6386
Parkston,SD,43.3978,-97.9678
Parksville,KY,37.5778,-84.9281
Parksville,NY,41.8517,-74.7359
Parksville,SC,33.7861,-82.2197
Parkton,MD,39.6499,-76.6776
Parkton,NC,34.9006,-78.9969
Parkville,MD,39.3876,-76.5418
Parlier,CA,36.6103,-119.5375
Parlin,CO,38.5088,-106.6780
Parlin,NJ,40.4587,-74.3050
Parma,ID,43.7896,-116.9401
Parma,MI,42.2739,-84.5999
Parma,MO,36.5856,-89.8190
Parmele,NC,35.8164,-77.3144
Parmelee,SD,43.3117,-101.0081
Parnell,IA,41.5702,-92.0052
Parnell,MO,40.4723,-94.6595
Paron,AR,34.7853,-92.7482
Parowan,UT,37.8449,-112.8323
Parrish,AL,33.7213,-87.2658
Parrish,FL,27.5572,-82.3960
Parrott,GA,31.8933,-84.5133
Parrott,VA,37.2050,-80.6158
Parrottsville,TN,35.9983,-83.0736
Parryville,PA,40.8181,-75.6731
Parshall,CO,40.0538,-106.2255
Parshall,ND,47.9560,-102.1427
Parsippany,NJ,40.8621,-74.4117
Parsons,KS,37.3389,-95.2693
Parsons,TN,35.6664,-88.1195
Parsons,WV,39.1059,-79.6734
Parsonsburg,MD,38.3914,-75.4737
Parsonsfield,ME,43.7854,-70.8927
Parthenon,AR,35.9408,-93.2678
Partlow,VA,38.0641,-77.6586
Partridge,KS,37.9671,-98.0798
Partridge,KY,37.0129,-82.8772
Pasadena,CA,34.1468,-118.1391
Pasadena,MD,39.1293,-76.5162
Pasadena,TX,29.6920,-95.2005
Pascagoula,MS,30.5303,-88.5165
Pasco,WA,46.2492,-119.1044
Pascoag,RI,41.9627,-71.7099
Paskenta,CA,39.8847,-122.5447
Paso Robles,CA,35.6352,-120.6707
Pass Christian,MS,30.3989,-89.2843
Passadumkeag,ME,45.1837,-68.6043
Passaic,NJ,40.8601,-74.1283
Passumpsic,VT,44.3767,-72.0281
Patagonia,AZ,31.5353,-110.6968
Pataskala,OH,40.0009,-82.6687
Patch Grove,WI,42.9403,-90.9719
Patchogue,NY,40.7735,-72.9981
Pateros,WA,48.0591,-119.9133
Paterson,NJ,40.9143,-74.1671
Paterson,WA,45.9911,-119.7559
Pathfork,KY,36.7521,-83.4629
Patillas,PR,18.0083,-66.0133
Patoka,IL,38.7549,-89.0942
Patoka,IN,38.4143,-87.5958
Paton,IA,42.1658,-94.2730
Patrick,SC,34.5598,-80.0650
Patrick Afb,FL,28.2599,-80.6071
Patrick Springs,VA,36.6744,-80.1388
Patricksburg,IN,39.3156,-86.9592
Patriot,IN,38.8537,-84.8515
Patriot,OH,38.7770,-82.4275
Patten,ME,46.0132,-68.4647
Patterson,AR,35.2567,-91.2350
Patterson,CA,37.4906,-121.1407
Patterson,GA,31.3903,-82.1274
Patterson,IA,41.3539,-93.8782
Patterson,IL,39.4806,-90.4828
Patterson,LA,29.6967,-91.2812
Patterson,MO,37.1960,-90.5772
Patterson,NC,35.9992,-81.5642
Patterson,NY,41.4888,-73.5815
Pattersonville,NY,42.8499,-74.1231
Pattison,MS,31.8510,-90.8283
Pattison,TX,29.8250,-95.9947
Patton,CA,34.1358,-117.2231
Patton,MO,37.4733,-90.0500
Patton,PA,40.6230,-78.6350
Pattonsburg,MO,40.0428,-94.1343
Pattonville,TX,33.5702,-95.3908
Patuxent River,MD,38.2791,-76.4381
Paul,ID,42.6240,-113.7971
Paul Smiths,NY,44.4450,-74.2664
Paulden,AZ,35.0313,-112.5441
Paulding,MS,32.0167,-89.0584
Paulding,OH,41.1410,-84.5722
Paulina,LA,30.0352,-90.7374
Paulina,OR,44.2102,-119.7828
Pauline,SC,34.7748,-81.8579
Paullina,IA,42.9703,-95.7083
Pauls Valley,OK,34.7385,-97.2195
Paulsboro,NJ,39.8312,-75.2242
Pauma Valley,CA,33.3063,-116.9596
Paupack,PA,41.3812,-75.2303
Pavilion,NY,42.8801,-78.0147
Pavillion,WY,43.1985,-108.6044
Pavo,GA,30.9401,-83.7409
Paw Creek,NC,35.2747,-80.9386
Paw Paw,IL,41.6852,-88.9674
Paw Paw,MI,42.2349,-85.9005
Paw Paw,WV,39.4923,-78.4586
Pawcatuck,CT,41.3735,-71.8478
Pawhuska,OK,36.6904,-96.3121
Pawlet,VT,43.3587,-73.1444
Pawleys Island,SC,33.4508,-79.1341
Pawling,NY,41.5749,-73.5948
Pawnee,IL,39.5910,-89.5790
Pawnee,OK,36.3362,-96.7923
Pawnee,TX,28.6525,-98.0025
Pawnee City,NE,40.1093,-96.1509
Pawnee Rock,KS,38.2782,-98.9814
Pawtucket,RI,41.8729,-71.3907
Pax,WV,37.9097,-81.2644
Paxico,KS,39.0803,-96.1818
Paxinos,PA,40.8448,-76.6350
Paxton,FL,30.9814,-86.3075
Paxton,IL,40.4565,-88.0990
Paxton,IN,39.0211,-87.3886
Paxton,MA,42.3066,-71.9202
Paxton,NE,41.1268,-101.3585
Paxtonville,PA,40.7703,-77.0839
Payette,ID,44.0782,-116.9203
Payne,OH,41.0807,-84.7341
Paynes Creek,CA,40.3514,-121.7650
Paynesville,MN,45.3988,-94.7157
Paynesville,WV,37.3653,-81.6845
Payneville,KY,38.0301,-86.4082
Payson,AZ,34.2198,-111.2878
Payson,IL,39.8153,-91.2627
Payson,UT,40.0449,-111.7321
Pe Ell,WA,46.5656,-123.2852
Pea Ridge,AR,36.4539,-94.1180
Peabody,KS,38.1737,-97.1184
Peabody,MA,42.5326,-70.9612
Peace Dale,RI,41.4516,-71.5001
Peace Valley,MO,36.8380,-91.7696
Peach Bottom,PA,39.7705,-76.1791
Peach Creek,WV,37.8744,-81.9850
Peach Glen,PA,40.0231,-77.2303
Peach Orchard,AR,36.2830,-90.6702
Peach Springs,AZ,35.5378,-113.4202
Peacham,VT,44.3356,-72.1770
Peachland,NC,35.0054,-80.2829
Peachtree City,GA,33.3915,-84.5635
Peak,SC,34.2406,-81.3236
Peaks Island,ME,43.6589,-70.1940
Peapack,NJ,40.7167,-74.6569
Pearblossom,CA,34.4911,-117.9029
Pearce,AZ,31.9666,-109.7950
Pearces,MI,42.6323,-83.9167
Pearcy,AR,34.4351,-93.2420
Pearisburg,VA,37.3041,-80.7267
Pearl,IL,39.4441,-90.6380
Pearl,MS,32.2768,-90.1027
Pearl City,HI,21.4084,-157.9652
Pearl City,IL,42.2610,-89.8393
Pearl Harbor,HI,21.3550,-157.9719
Pearl River,LA,30.3944,-89.7732
Pearl River,NY,41.0629,-74.0159
Pearland,TX,29.5617,-95.2721
Pearlington,MS,30.2464,-89.6111
Pearsall,TX,28.8923,-99.0944
Pearson,GA,31.3106,-82.8591
Pearson,WI,45.3881,-89.0758
Pease,MN,45.6979,-93.6492
Peaster,TX,32.8719,-97.8664
Pebble Beach,CA,36.5907,-121.9420
Pecan Gap,TX,33.4196,-95.8262
Pecatonica,IL,42.3051,-89.3472
Peck,ID,46.4807,-116.4114
Peck,KS,37.4724,-97.3116
Peck,MI,43.2694,-82.8193
Pecks Mill,WV,37.9298,-81.9654
Peckville,PA,41.4821,-75.5899
Peconic,NY,41.0478,-72.4636
Pecos,NM,35.5710,-105.6701
Pecos,TX,31.4144,-103.5081
Peculiar,MO,38.7165,-94.4405
Pedricktown,NJ,39.7435,-75.4120
Pedro,OH,38.6503,-82.6477
Pedro Bay,AK,59.9224,-153.8219
Peebles,OH,38.9869,-83.3687
Peekskill,NY,41.2937,-73.9026
Peel,AR,36.4444,-92.7761
Peerless,MT,48.7808,-105.8006
Peetz,CO,40.9519,-103.1166
Peever,SD,45.5206,-97.0012
Peggs,OK,36.0591,-94.9919
Peggy,TX,28.7394,-98.1783
Pegram,TN,36.1129,-87.0316
Pekin,IL,40.5674,-89.6243
Pekin,IN,38.4931,-86.0170
Pekin,ND,47.7696,-98.3260
Pelahatchie,MS,32.3180,-89.7913
Pelham,AL,33.3105,-86.8062
Pelham,GA,31.1272,-84.1564
Pelham,NC,36.4899,-79.4736
Pelham,NH,42.7288,-71.3046
Pelham,NY,40.9045,-73.8073
Pelham,TN,35.3140,-85.8441
Pelican,AK,57.9608,-136.2275
Pelican,LA,31.8966,-93.5634
Pelican Lake,WI,45.5049,-89.1817
Pelican Rapids,MN,46.5994,-96.0662
Pelion,SC,33.7766,-81.2502
Pelkie,MI,46.7949,-88.6251
Pell City,AL,33.5979,-86.3432
Pell Lake,WI,42.5381,-88.3508
Pella,IA,41.4082,-92.9172
Pellston,MI,45.5703,-84.8425
Pellville,KY,37.7522,-86.8136
Pelsor,AR,35.6912,-93.0161
Pelzer,SC,34.6461,-82.4673
Pemaquid,ME,43.8924,-69.5289
Pemberton,MN,43.9600,-93.8184
Pemberton,NJ,39.9712,-74.6676
Pemberton,OH,40.2947,-84.0325
Pemberville,OH,41.4023,-83.4736
Pembina,ND,48.9361,-97.2756
Pembine,WI,45.6074,-87.9704
Pembroke,GA,32.1571,-81.5533
Pembroke,KY,36.7982,-87.3319
Pembroke,MA,42.0621,-70.8044
Pembroke,ME,44.9654,-67.2002
Pembroke,NC,34.6902,-79.1834
Pembroke,VA,37.3303,-80.6155
Pembroke Pines,FL,26.0229,-80.2974
Pen Argyl,PA,40.8518,-75.2701
Pena Blanca,NM,35.6031,-106.3435
Penasco,NM,36.1760,-105.7342
Pence Springs,WV,37.6767,-80.7092
Pencil Bluff,AR,34.6399,-93.7429
Pender,NE,42.1177,-96.7189
Pendergrass,GA,34.1796,-83.6634
Pendleton,IN,39.9792,-85.7946
Pendleton,KY,38.4809,-85.3170
Pendleton,NC,36.4937,-77.1911
Pendleton,OR,45.6605,-118.7831
Pendleton,SC,34.6369,-82.7406
Pendleton,TX,31.1950,-97.3483
Pendroy,MT,48.0879,-112.3261
Penelope,TX,31.8551,-96.9372
Penfield,IL,40.3101,-87.9570
Penfield,NY,43.1396,-77.4560
Penfield,PA,41.2085,-78.5791
Pengilly,MN,47.3151,-93.1937
Penhook,VA,36.9201,-79.6645
Peninsula,OH,41.2256,-81.5400
Penitas,TX,26.2303,-98.4444
Penland,NC,35.9300,-82.1122
Penn,ND,48.2271,-99.0655
Penn,PA,40.3301,-79.6413
Penn Laird,VA,38.3697,-78.7979
Penn Run,PA,40.6268,-78.9716
Penn Valley,CA,39.2188,-121.1935
Penn Yan,NY,42.6645,-77.0569
Pennellville,NY,43.2609,-76.2395
Penney Farms,FL,29.9794,-81.8106
Penngrove,CA,38.3159,-122.6718
Pennington,AL,32.2262,-88.0931
Pennington,MN,47.4651,-94.4834
Pennington,NJ,40.3339,-74.7944
Pennington,TX,31.1618,-95.1587
Pennington Gap,VA,36.7508,-83.0223
Pennock,MN,45.1310,-95.1753
Penns Creek,PA,40.8597,-77.0556
Penns Grove,NJ,39.7179,-75.4656
Penns Park,PA,40.2658,-74.9983
Pennsauken,NJ,39.9627,-75.0634
Pennsboro,WV,39.2921,-80.9585
Pennsburg,PA,40.3911,-75.4866
Pennsville,NJ,39.6491,-75.5155
Pennsylvania Furnace,PA,40.7282,-77.9541
Pennville,IN,40.5082,-85.1492
Penobscot,ME,44.4344,-68.7574
Penokee,KS,39.3917,-99.9196
Penrose,CO,38.4336,-105.0113
Penrose,NC,35.2524,-82.6222
Penryn,CA,38.8567,-121.1791
Penryn,PA,40.2050,-76.3686
Pensacola,FL,30.4223,-87.2248
Pentress,WV,39.7103,-80.1606
Pentwater,MI,43.8237,-86.3868
Penuelas,PR,18.0583,-66.7219
Penwell,TX,31.7397,-102.5911
Peoa,UT,40.7209,-111.3025
Peoria,AZ,33.5761,-112.2344
Peoria,IL,40.6854,-89.5953
Peoria Heights,IL,40.7437,-89.5757
Peosta,IA,42.4435,-90.8094
Peotone,IL,41.3361,-87.7897
Pep,NM,33.8970,-103.3272
Pep,TX,33.8104,-102.5656
Pepeekeo,HI,19.8353,-155.1130
Pepin,WI,44.4587,-92.1394
Pepperell,MA,42.6689,-71.5934
Pequabuck,CT,41.6728,-72.9936
Pequannock,NJ,40.9473,-74.2960
Pequea,PA,39.9058,-76.3209
Pequot Lakes,MN,46.6257,-94.2684
Peralta,NM,34.8332,-106.6872
Percival,IA,40.7401,-95.8093
Percy,IL,38.0126,-89.6170
Perdido,AL,30.9806,-87.6284
Perdue Hill,AL,31.5139,-87.4933
Perham,ME,46.8442,-68.1978
Perham,MN,46.6031,-95.5818
Peridot,AZ,33.4789,-110.3725
Perkasie,PA,40.3765,-75.2648
Perkins,GA,32.9057,-81.8696
Perkins,MI,45.9778,-87.0717
Perkins,MO,37.0947,-89.7753
Perkins,OK,35.9768,-97.0441
Perkinston,MS,30.7669,-89.1400
Perkinsville,NY,42.5397,-77.6286
Perkinsville,VT,43.3879,-72.5038
Perkiomenville,PA,40.3157,-75.5022
Perks,IL,37.3097,-89.0808
Perley,MN,47.1831,-96.7777
Perote,AL,32.0035,-85.7477
Perrin,TX,33.0585,-98.0440
Perrinton,MI,43.1649,-84.6660
Perris,CA,33.7975,-117.2800
Perronville,MI,45.8264,-87.3989
Perry,AR,35.0427,-92.7880
Perry,FL,30.0975,-83.5850
Perry,GA,32.4605,-83.7283
Perry,IA,41.8397,-94.1022
Perry,IL,39.7870,-90.7461
Perry,KS,39.0875,-95.3731
Perry,LA,29.9483,-92.1569
Perry,ME,44.9888,-67.0929
Perry,MI,42.8200,-84.2313
Perry,MO,39.4207,-91.6641
Perry,NY,42.7229,-78.0059
Perry,OH,41.7679,-81.1433
Perry,OK,36.2875,-97.2842
Perry Hall,MD,39.4010,-76.4510
Perry Park,KY,38.5481,-84.9997
Perry Point,MD,39.5542,-76.0722
Perryman,MD,39.4694,-76.2047
Perryopolis,PA,40.0857,-79.7544
Perrysburg,NY,42.4723,-78.9981
Perrysburg,OH,41.5429,-83.5927
Perrysville,IN,40.0737,-87.4648
Perrysville,OH,40.6606,-82.3213
Perryton,TX,36.3748,-100.8156
Perryville,AK,55.9453,-159.2593
Perryville,AR,34.9701,-92.8472
Perryville,KY,37.6375,-84.9665
Perryville,MD,39.5649,-76.0592
Perryville,MO,37.7174,-89.8737
Pershing,IN,39.8128,-85.1636
Persia,IA,41.5647,-95.5658
Perth,ND,48.6816,-99.3831
Perth Amboy,NJ,40.5176,-74.2754
Peru,IA,41.2145,-93.9437
Peru,IL,41.3330,-89.1265
Peru,IN,40.7492,-86.0680
Peru,KS,37.0568,-96.1404
Peru,ME,44.4944,-70.4435
Peru,NE,40.4766,-95.7312
Peru,NY,44.5851,-73.5293
Peru,VT,43.2565,-72.8868
Pescadero,CA,37.2065,-122.3649
Peshastin,WA,47.5813,-120.6139
Peshtigo,WI,45.0458,-87.7298
Pesotum,IL,39.9151,-88.2743
Petaca,NM,36.5083,-106.0100
Petal,MS,31.3472,-89.2222
Petaluma,CA,38.2403,-122.6777
Peterboro,NY,42.9672,-75.6883
Peterborough,NH,42.8856,-71.9470
Peterman,AL,31.5900,-87.2600
Petersburg,AK,56.8271,-133.1607
Petersburg,IL,40.0115,-89.8479
Petersburg,IN,38.4789,-87.2883
Petersburg,KY,39.0416,-84.8371
Petersburg,MI,41.8757,-83.6877
Petersburg,ND,47.9980,-97.9840
Petersburg,NE,41.8590,-98.0848
Petersburg,NY,42.7364,-73.3710
Petersburg,OH,40.9049,-80.5400
Petersburg,PA,40.6030,-77.9984
Petersburg,TN,35.2924,-86.6447
Petersburg,TX,33.8768,-101.6046
Petersburg,VA,37.2200,-77.4326
Petersburg,WV,38.9766,-79.1307
Petersham,MA,42.4898,-72.1893
Peterson,AL,33.2325,-87.4236
Peterson,IA,42.9328,-95.3377
Peterson,MN,43.7769,-91.8443
Peterstown,WV,37.4147,-80.7686
Petoskey,MI,45.3613,-84.9403
Petrey,AL,31.8486,-86.2078
Petrified Forest Natl Pk,AZ,34.7739,-109.8878
Petroleum,IN,40.6114,-85.1508
Petroleum,WV,39.1741,-81.2406
Petrolia,CA,40.3006,-124.2512
Petrolia,PA,41.0442,-79.7711
Petrolia,TX,34.0273,-98.2692
Petros,TN,36.0559,-84.4399
Pettibone,ND,47.1200,-99.5279
Pettigrew,AR,35.8346,-93.6181
Pettisville,OH,41.5306,-84.2297
Pettus,TX,28.6178,-97.8019
Petty,TX,33.6098,-95.7891
Pevely,MO,38.2799,-90.4111
Pewamo,MI,43.0007,-84.8492
Pewaukee,WI,43.0788,-88.2729
Pewee Valley,KY,38.3039,-85.4834
Peyton,CO,38.9541,-104.5472
Peytona,WV,38.1250,-81.7018
Pfafftown,NC,36.1669,-80.3798
Pfeifer,KS,38.7299,-99.1412
Pflugerville,TX,30.4421,-97.6299
Pharr,TX,26.1771,-98.1870
Pheba,MS,33.5961,-88.9518
Phelan,CA,34.4261,-117.5714
Phelps,KY,37.4987,-82.1584
Phelps,NY,42.9582,-77.0473
Phelps,WI,46.0645,-89.0815
Phenix,VA,37.0925,-78.7912
Phenix City,AL,32.4078,-85.0951
Phenix City,AL,32.4840,-85.0911
Phil Campbell,AL,34.3470,-87.7154
Philadelphia,MO,39.8359,-91.7538
Philadelphia,MS,32.7572,-89.1154
Philadelphia,NY,44.1589,-75.7099
Philadelphia,PA,39.8650,-75.2752
Philadelphia,PA,40.1162,-75.0141
Philadelphia,TN,35.6642,-84.4502
Philip,SD,44.0550,-101.6876
Philipp,MS,33.7574,-90.2091
Philippi,WV,39.1508,-80.0385
Philipsburg,MT,46.3189,-113.3126
Philipsburg,PA,40.8863,-78.2190
Phillips,ME,44.8375,-70.3601
Phillips,NE,40.8982,-98.2129
Phillips,WI,45.6975,-90.4041
Phillipsburg,KS,39.7623,-99.3328
Phillipsburg,MO,37.5832,-92.7416
Phillipsburg,NJ,40.6928,-75.1741
Phillipsburg,OH,39.9044,-84.4017
Phillipsport,NY,41.6392,-74.4461
Phillipsville,CA,40.2092,-123.7847
Philmont,NY,42.2483,-73.6536
Philo,CA,39.1200,-123.5382
Philo,IL,40.0052,-88.1595
Philo,OH,39.8458,-81.9175
Philomath,OR,44.5488,-123.3923
Philomont,VA,39.0561,-77.7406
Philpot,KY,37.7183,-86.9372
Phippsburg,CO,40.2322,-106.9431
Phippsburg,ME,43.7688,-69.8150
Phlox,WI,45.0511,-89.0142
Phoenicia,NY,42.0544,-74.3393
Phoenix,AZ,33.4510,-112.0685
Phoenix,MD,39.5070,-76.5646
Phoenix,NY,43.2468,-76.3064
Phoenix,OR,42.2766,-122.8227
Phoenixville,PA,40.1267,-75.5272
Phyllis,KY,37.4222,-82.2668
Piasa,IL,39.1517,-90.1311
Picabo,ID,43.3101,-114.0861
Picacho,AZ,32.7161,-111.4947
Picacho,NM,33.3456,-105.0834
Picatinny Arsenal,NJ,40.8866,-74.5809
Picayune,MS,30.5418,-89.6910
Picher,OK,36.9800,-94.8173
Pickens,AR,33.8079,-91.3916
Pickens,MS,32.8905,-89.9737
Pickens,OK,34.3964,-95.0117
Pickens,SC,34.9024,-82.7058
Pickens,WV,38.6842,-80.2098
Pickerel,WI,45.3567,-88.9137
Pickering,MO,40.4591,-94.8411
Pickerington,OH,39.9061,-82.7563
Pickett,WI,43.9009,-88.7135
Pickford,MI,46.1559,-84.3663
Pickrell,NE,40.3821,-96.7344
Pickstown,SD,43.0650,-98.5317
Pickton,TX,33.0424,-95.4630
Pickwick Dam,TN,35.0519,-88.2417
Pico Rivera,CA,33.9886,-118.0883
Picture Rocks,PA,41.2797,-76.7133
Pie Town,NM,34.3243,-108.3682
Piedmont,AL,33.8389,-85.6460
Piedmont,CA,37.8276,-122.2507
Piedmont,KS,37.6372,-96.3695
Piedmont,MO,37.1573,-90.6990
Piedmont,OH,40.1507,-81.2145
Piedmont,OK,35.6695,-97.7431
Piedmont,SC,34.7244,-82.4702
Piedmont,SD,44.2287,-103.3688
Piedmont,WV,39.4799,-79.0489
Piedra,CA,36.8103,-119.3811
Pierce,CO,40.6359,-104.7638
Pierce,ID,46.4924,-115.8071
Pierce,NE,42.1943,-97.5256
Pierce,TX,29.2389,-96.1997
Pierce City,MO,36.9730,-94.0024
Piercefield,NY,44.2340,-74.5732
Pierceton,IN,41.2124,-85.7061
Pierceville,IN,39.1333,-85.1797
Pierceville,KS,37.9077,-100.7118
Piercy,CA,39.9664,-123.7942
Piermont,NH,43.9906,-72.0813
Piermont,NY,41.0395,-73.9192
Pierpont,OH,41.7677,-80.5741
Pierpont,SD,45.4960,-97.8128
Pierre,SD,44.3695,-100.3211
Pierre Part,LA,29.9550,-91.2002
Pierrepont Manor,NY,43.7350,-76.0592
Pierron,IL,38.7764,-89.5203
Pierson,FL,29.2226,-81.4353
Pierson,IA,42.5335,-95.8922
Pierson,MI,43.3355,-85.5134
Pierz,MN,46.0081,-94.0853
Piffard,NY,42.8427,-77.8825
Pigeon,MI,43.8179,-83.2755
Pigeon Falls,WI,44.4264,-91.2103
Pigeon Forge,TN,35.7922,-83.5638
Piggott,AR,36.3870,-90.1926
Pike,NH,44.0255,-72.0096
Pike,NY,42.5564,-78.1531
Pike Road,AL,32.3357,-86.0959
Pikesville,MD,39.3764,-76.7290
Piketon,OH,39.0402,-83.0767
Pikeville,KY,37.5068,-82.5202
Pikeville,NC,35.4929,-77.9578
Pikeville,TN,35.6408,-85.2077
Pilger,NE,42.0404,-97.2685
Pilgrim,KY,37.7638,-82.4488
Pilgrims Knob,VA,37.2989,-81.9119
Pillager,MN,46.3984,-94.3923
Pillow,PA,40.6408,-76.8028
Pillsbury,ND,47.2069,-97.7903
Pilot,VA,37.0565,-80.3229
Pilot Grove,IA,40.7628,-91.5367
Pilot Grove,MO,38.8712,-92.9305
Pilot Hill,CA,38.8263,-121.0298
Pilot Knob,MO,37.6211,-90.6403
Pilot Mound,IA,42.1604,-94.0102
Pilot Mountain,NC,36.4109,-80.4921
Pilot Point,AK,57.5952,-157.4493
Pilot Point,TX,33.3710,-96.9446
Pilot Rock,OR,45.4227,-118.8483
Pilot Station,AK,61.9462,-162.8747
Pilottown,LA,29.1814,-89.2575
Pima,AZ,32.9097,-109.8560
Pimento,IN,39.2898,-87.3792
Pinch,WV,38.4086,-81.4819
Pinckard,AL,31.3114,-85.5531
Pinckney,MI,42.4596,-83.9099
Pinckneyville,IL,38.0903,-89.3858
Pinconning,MI,43.8491,-84.0082
Pindall,AR,36.0675,-92.8864
Pine,AZ,34.3909,-111.4735
Pine,CO,39.4667,-105.3741
Pine Apple,AL,31.9265,-87.0047
Pine Beach,NJ,39.9347,-74.1680
Pine Bluff,AR,34.2154,-91.9958
Pine Bluffs,WY,41.1788,-104.0666
Pine Brook,NJ,40.8742,-74.3500
Pine Bush,NY,41.6178,-74.3263
Pine City,MN,45.8323,-92.9826
Pine City,NY,42.0419,-76.8815
Pine Forge,PA,40.2828,-75.6911
Pine Grove,CA,38.3968,-120.6437
Pine Grove,LA,30.7032,-90.7672
Pine Grove,PA,40.5671,-76.3269
Pine Grove,WV,39.5651,-80.6772
Pine Grove Mills,PA,40.7336,-77.8858
Pine Hall,NC,36.3482,-80.0495
Pine Hill,AL,31.9735,-87.5771
Pine Hill,NY,42.1340,-74.4876
Pine Island,MN,44.2110,-92.6613
Pine Island,NY,41.3238,-74.3795
Pine Knot,KY,36.6637,-84.4127
Pine Lake,GA,33.7936,-84.2061
Pine Level,AL,32.0678,-86.0597
Pine Level,NC,35.5131,-78.2447
Pine Meadow,CT,41.8764,-72.9675
Pine Mountain,GA,32.8735,-84.8960
Pine Mountain Valley,GA,32.7918,-84.8239
Pine Plains,NY,41.9896,-73.6602
Pine Prairie,LA,30.7836,-92.4253
Pine Ridge,KY,37.7749,-83.6321
Pine Ridge,SD,43.1124,-102.5984
Pine River,MN,46.6938,-94.4477
Pine River,WI,44.1604,-89.0404
Pine Top,KY,37.3115,-82.8304
Pine Valley,CA,32.8350,-116.5127
Pine Valley,NY,42.2348,-76.8652
Pine Valley,UT,37.3898,-113.5177
Pine Village,IN,40.4328,-87.2317
Pinebluff,NC,35.1097,-79.4725
Pinecliffe,CO,39.9429,-105.3540
Pinecrest,CA,38.3411,-119.8652
Pinedale,AZ,34.3075,-110.2508
Pinedale,WY,42.8543,-109.8561
Pinehill,NM,34.9992,-108.4106
Pinehurst,GA,32.1967,-83.7209
Pinehurst,ID,47.5018,-116.2647
Pinehurst,MA,42.5292,-71.2286
Pinehurst,NC,35.1953,-79.4697
Pinehurst,TX,30.1581,-95.6814
Pineland,FL,26.6603,-82.1536
Pineland,SC,32.6021,-81.1761
Pineland,TX,31.2418,-93.9754
Pinellas Park,FL,27.8387,-82.7151
Pineola,NC,36.0283,-81.8917
Pinesdale,MT,46.3294,-114.2158
Pinetop,AZ,34.1175,-109.9197
Pinetops,NC,35.8196,-77.6920
Pinetown,NC,35.5758,-76.8076
Pinetta,FL,30.5997,-83.3405
Pineview,GA,32.0907,-83.5158
Pineville,AR,36.1677,-92.1073
Pineville,KY,36.7513,-83.6985
Pineville,LA,31.3238,-92.4246
Pineville,MO,36.5802,-94.3515
Pineville,NC,35.0709,-80.8859
Pineville,PA,40.2961,-75.0061
Pineville,SC,33.4199,-80.0932
Pineville,WV,37.5840,-81.5336
Pinewood,SC,33.7642,-80.4978
Piney Creek,NC,36.5503,-81.2889
Piney Flats,TN,36.4461,-82.3340
Piney Fork,OH,40.2078,-80.7606
Piney Point,MD,38.1397,-76.5047
Piney River,VA,37.7158,-79.0206
Piney View,WV,37.8361,-81.1350
Piney Woods,MS,32.0625,-89.9928
Pingree,ID,43.1956,-112.4490
Pingree,ND,47.1657,-99.0020
Pink Hill,NC,35.0664,-77.7121
Pinnacle,NC,36.3339,-80.4391
Pinola,MS,31.8277,-90.0088
Pinole,CA,37.9969,-122.2875
Pinon,AZ,36.1002,-110.2211
Pinon,NM,32.6396,-105.4157
Pinon Hills,CA,34.4429,-117.6403
Pinopolis,SC,33.2241,-80.0398
Pinos Altos,NM,32.8633,-108.2208
Pinson,AL,33.7081,-86.6565
Pinson,TN,35.4781,-88.7304
Pinsonfork,KY,37.5651,-82.1954
Pinto,MD,39.5697,-78.8394
Pioche,NV,37.8981,-114.3968
Pioneer,CA,38.4603,-120.5318
Pioneer,LA,32.7154,-91.4648
Pioneer,OH,41.6656,-84.5363
Pioneer,TN,36.4695,-84.2907
Pioneertown,CA,34.1567,-116.4953
Piper City,IL,40.7556,-88.1873
Pipersville,PA,40.4262,-75.1074
Pipestem,WV,37.5303,-80.9463
Pipestone,MN,44.0095,-96.3228
Pippa Passes,KY,37.3633,-82.8292
Piqua,KS,37.8728,-95.5900
Piqua,OH,40.1486,-84.2531
Pirtleville,AZ,31.3569,-109.5611
Piru,CA,34.4153,-118.7931
Piscataway,NJ,40.5515,-74.4590
Piseco,NY,43.4481,-74.5263
Pisek,ND,48.2971,-97.7029
Pisgah,AL,34.6886,-85.8030
Pisgah,IA,41.8214,-95.9192
Pisgah Forest,NC,35.2599,-82.6695
Pismo Beach,CA,35.1428,-120.6403
Pitcairn,PA,40.4048,-79.7770
Pitcher,NY,42.5969,-75.8465
Pitkin,CO,38.6085,-106.5168
Pitkin,LA,30.9330,-92.9548
Pitman,NJ,39.7312,-75.1297
Pitman,PA,40.7049,-76.5233
Pitsburg,OH,39.9875,-84.4875
Pitts,GA,31.9425,-83.5579
Pittsboro,IN,39.8615,-86.4645
Pittsboro,MS,33.9443,-89.3376
Pittsboro,NC,35.7694,-79.1755
Pittsburg,CA,38.0169,-121.9082
Pittsburg,IL,37.7839,-88.8704
Pittsburg,KS,37.4132,-94.7023
Pittsburg,KY,37.1600,-84.1042
Pittsburg,MO,37.8442,-93.3356
Pittsburg,NH,45.0866,-71.3636
Pittsburg,OK,34.6975,-95.8439
Pittsburg,TX,32.9623,-94.9603
Pittsburgh,PA,40.4745,-79.9525
Pittsfield,IL,39.6013,-90.8073
Pittsfield,MA,42.4531,-73.2471
Pittsfield,ME,44.7871,-69.4022
Pittsfield,NH,43.2874,-71.3330
Pittsfield,PA,41.8366,-79.4196
Pittsfield,VT,43.7538,-72.8534
Pittsford,MI,41.8963,-84.4440
Pittsford,NY,43.0695,-77.5141
Pittsford,VT,43.7152,-73.0135
Pittston,PA,41.3175,-75.7885
Pittstown,NJ,40.5992,-74.9576
Pittsview,AL,32.1733,-85.1312
Pittsville,MD,38.3755,-75.4076
Pittsville,VA,36.9716,-79.4794
Pittsville,WI,44.4375,-90.1892
Pixley,CA,35.9553,-119.2564
Placedo,TX,28.6911,-96.8278
Placentia,CA,33.8810,-117.8553
Placerville,CA,38.7195,-120.8046
Placerville,CO,38.0088,-108.0248
Placerville,ID,43.9433,-115.9461
Placida,FL,26.8193,-82.2616
Placitas,NM,35.3092,-106.5293
Plain,WI,43.2927,-90.0558
Plain City,OH,40.0974,-83.2690
Plain Dealing,LA,32.9074,-93.6905
Plainfield,CT,41.6775,-71.9220
Plainfield,IA,42.8503,-92.5116
Plainfield,IL,41.6009,-88.1994
Plainfield,IN,39.7160,-86.3951
Plainfield,MA,42.5144,-72.9183
Plainfield,NH,43.5519,-72.2704
Plainfield,NJ,40.6198,-74.4253
Plainfield,OH,40.2094,-81.7197
Plainfield,PA,40.2031,-77.2903
Plainfield,VT,44.2622,-72.4224
Plainfield,WI,44.2091,-89.4559
Plains,GA,32.0339,-84.3586
Plains,KS,37.2701,-100.5732
Plains,MT,47.4734,-114.8930
Plains,TX,33.1894,-102.8294
Plainsboro,NJ,40.3324,-74.5688
Plainview,AR,34.9668,-93.3099
Plainview,MN,44.1637,-92.1621
Plainview,NE,42.3467,-97.7786
Plainview,NY,40.7781,-73.4816
Plainview,TX,34.1962,-101.7259
Plainville,CT,41.6727,-72.8644
Plainville,GA,34.4145,-85.0312
Plainville,IL,39.8004,-91.1436
Plainville,IN,38.7915,-87.1578
Plainville,KS,39.2308,-99.3008
Plainville,MA,42.0124,-71.3275
Plainville,NY,43.1592,-76.4475
Plainwell,MI,42.4544,-85.5994
Plaistow,NH,42.8356,-71.0934
Planada,CA,37.2908,-120.3175
Plankinton,SD,43.7373,-98.4694
Plano,IA,40.7751,-93.0386
Plano,IL,41.6670,-88.5384
Plano,TX,33.0550,-96.7365
Plant City,FL,28.0168,-82.1289
Plantersville,AL,32.6176,-86.9475
Plantersville,MS,34.2011,-88.6335
Plantersville,TX,30.2969,-95.8498
Plantsville,CT,41.5797,-72.8990
Plaquemine,LA,30.2684,-91.2524
Platina,CA,40.3165,-122.9180
Platinum,AK,58.6336,-162.0432
Plato,MN,44.7657,-94.0506
Plato,MO,37.5122,-92.1709
Plato Center,IL,42.0267,-88.4300
Platte,SD,43.4024,-98.8897
Platte Center,NE,41.5241,-97.4576
Platte City,MO,39.3602,-94.7890
Plattekill,NY,41.6175,-74.0764
Plattenville,LA,29.9886,-91.0219
Platter,OK,33.9069,-96.5347
Platteville,CO,40.2131,-104.8028
Platteville,WI,42.7393,-90.4854
Plattsburg,MO,39.5705,-94.4338
Plattsburgh,NY,44.6927,-73.4660
Plattsmouth,NE,40.9992,-95.9139
Plaucheville,LA,30.9365,-91.9847
Playa Del Rey,CA,33.9577,-118.4373
Playas,NM,32.0277,-108.6805
Plaza,ND,48.0242,-101.9643
Pleasant City,OH,39.9095,-81.5580
Pleasant Dale,NE,40.8133,-96.9513
Pleasant Garden,NC,35.9522,-79.7549
Pleasant Grove,AL,33.4883,-86.9766
Pleasant Grove,AR,35.8423,-91.9319
Pleasant Grove,CA,38.7878,-121.5080
Pleasant Grove,UT,40.3720,-111.7333
Pleasant Hall,PA,40.0414,-77.7031
Pleasant Hill,CA,37.9540,-122.0737
Pleasant Hill,IL,39.4467,-90.8770
Pleasant Hill,LA,31.8086,-93.5136
Pleasant Hill,MO,38.7859,-94.2440
Pleasant Hill,NC,36.5212,-77.5192
Pleasant Hill,OH,40.0531,-84.3436
Pleasant Hill,OR,43.9458,-122.9285
Pleasant Hill,TN,36.0112,-85.1669
Pleasant Hope,MO,37.4615,-93.2617
Pleasant Lake,IN,41.5843,-85.0213
Pleasant Lake,MI,42.3903,-84.3428
Pleasant Mills,IN,40.7778,-84.8422
Pleasant Mount,PA,41.7322,-75.3989
Pleasant Plain,OH,39.2884,-84.0967
Pleasant Plains,AR,35.5893,-91.6320
Pleasant Plains,IL,39.8498,-89.8384
Pleasant Prairie,WI,42.5277,-87.8857
Pleasant Ridge,MI,42.4710,-83.1438
Pleasant Shade,TN,36.3489,-85.9081
Pleasant Unity,PA,40.2394,-79.4511
Pleasant Valley,IA,41.5697,-90.4231
Pleasant Valley,NY,41.7470,-73.8143
Pleasant Valley,VA,38.3847,-78.8975
Pleasant View,CO,37.5888,-108.8095
Pleasant View,TN,36.3783,-87.0395
Pleasanton,CA,37.6658,-121.8755
Pleasanton,KS,38.1823,-94.7057
Pleasanton,NE,40.9818,-99.1283
Pleasanton,TX,28.9924,-98.4831
Pleasantville,IA,41.3738,-93.2712
Pleasantville,NJ,39.4015,-74.5524
Pleasantville,NY,41.1350,-73.7845
Pleasantville,OH,39.8227,-82.5043
Pleasantville,PA,41.5867,-79.5685
Pleasureville,KY,38.3587,-85.0872
Pledger,TX,29.1792,-95.8986
Plentywood,MT,48.7788,-104.5600
Plessis,NY,44.2774,-75.8496
Plevna,KS,37.9658,-98.2988
Plevna,MO,39.9926,-92.1117
Plevna,MT,46.4112,-104.5713
Plover,IA,42.8691,-94.6225
Plover,WI,44.4507,-89.5428
Pluckemin,NJ,40.6456,-74.6394
Plum,TX,29.9347,-96.9672
Plum Branch,SC,33.8329,-82.2480
Plum City,WI,44.6360,-92.1837
Plumerville,AR,35.1575,-92.6204
Plummer,ID,47.3278,-116.8662
Plummer,MN,47.9113,-95.9646
Plummers Landing,KY,38.3189,-83.5611
Plumsteadville,PA,40.3872,-75.1469
Plumtree,NC,36.0269,-82.0081
Plumville,PA,40.7931,-79.1808
Plush,OR,42.5035,-119.8947
Plymouth,CA,38.4881,-120.8703
Plymouth,CT,41.6611,-73.0449
Plymouth,FL,28.6919,-81.5475
Plymouth,IA,43.2460,-93.1226
Plymouth,IL,40.2885,-90.8738
Plymouth,IN,41.3339,-86.3241
Plymouth,MA,41.9104,-70.6420
Plymouth,ME,44.7699,-69.2266
Plymouth,MI,42.3688,-83.4799
Plymouth,NC,35.8508,-76.7431
Plymouth,NE,40.3039,-97.0012
Plymouth,NH,43.7635,-71.6847
Plymouth,NY,42.6336,-75.6172
Plymouth,OH,41.0003,-82.6635
Plymouth,PA,41.2458,-75.9481
Plymouth,UT,41.8756,-112.1433
Plymouth,VT,43.4987,-72.7107
Plymouth,WA,46.0382,-119.5030
Plymouth,WI,43.7526,-87.9779
Plymouth Meeting,PA,40.1077,-75.2796
Plympton,MA,41.9655,-70.8046
Poca,WV,38.4883,-81.8051
Pocahontas,AR,36.2829,-90.9968
Pocahontas,IA,42.7296,-94.6737
Pocahontas,IL,38.7846,-89.5247
Pocahontas,MO,37.5011,-89.6389
Pocahontas,MS,32.4742,-90.2861
Pocahontas,TN,35.0315,-88.8116
Pocahontas,VA,37.3036,-81.3397
Pocasset,MA,41.6881,-70.6105
Pocasset,OK,35.1544,-97.9790
Pocatello,ID,42.8876,-112.4381
Pocola,OK,35.2436,-94.4760
Pocomoke City,MD,38.0714,-75.5550
Pocono Lake,PA,41.1187,-75.5559
Pocono Lake Preserve,PA,41.1053,-75.4764
Pocono Manor,PA,41.1000,-75.3592
Pocono Pines,PA,41.1054,-75.4760
Pocono Summit,PA,41.1040,-75.4136
Pocopson,PA,39.9003,-75.6261
Poestenkill,NY,42.6795,-73.5888
Point,TX,32.9007,-95.8903
Point Arena,CA,38.9153,-123.6608
Point Baker,AK,56.3079,-133.3764
Point Clear,AL,30.4739,-87.9192
Point Comfort,TX,28.6794,-96.5600
Point Harbor,NC,36.0781,-75.7983
Point Hope,AK,68.3121,-166.7262
Point Lay,AK,69.7056,-162.9061
Point Lookout,MO,36.6172,-93.2392
Point Lookout,NY,40.5922,-73.5811
Point Marion,PA,39.7351,-79.8990
Point Mugu Nawc,CA,34.1234,-119.0993
Point Of Rocks,MD,39.2791,-77.5328
Point Of Rocks,WY,41.6803,-108.7850
Point Pleasant,PA,40.4225,-75.0667
Point Pleasant,WV,38.8632,-82.1132
Point Pleasant Beach,NJ,40.0802,-74.0657
Point Reyes Station,CA,38.0648,-122.8162
Point Roberts,WA,48.9879,-123.0555
Point Washington,FL,30.3700,-86.1150
Pointblank,TX,30.7593,-95.2295
Pointe A La Hache,LA,29.6083,-89.8483
Pointe Aux Pins,MI,45.7549,-84.4470
Points,WV,39.4572,-78.5641
Polacca,AZ,35.8118,-110.5111
Poland,IN,39.4462,-86.9631
Poland,ME,44.0212,-70.3797
Poland,NY,43.2115,-75.0731
Polaris,MT,45.3697,-113.1186
Polebridge,MT,48.8206,-114.3836
Polk,MO,37.7529,-93.2941
Polk,NE,41.1177,-97.7524
Polk,OH,40.9343,-82.2126
Polk,PA,41.3583,-79.9346
Polk City,FL,28.1987,-81.8083
Polk City,IA,41.7549,-93.6893
Polkton,NC,34.9823,-80.1538
Polkville,NC,35.4175,-81.6431
Pollard,AR,36.4317,-90.2751
Pollock,ID,45.3068,-116.3517
Pollock,LA,31.5000,-92.4005
Pollock,MO,40.3385,-93.1115
Pollock,SD,45.8890,-100.2875
Pollock Pines,CA,38.7456,-120.5851
Pollocksville,NC,35.0151,-77.2287
Pollok,TX,31.4291,-94.8254
Polo,IL,41.9890,-89.5984
Polo,MO,39.5647,-94.0743
Polson,MT,47.6876,-114.1404
Polvadera,NM,34.1347,-106.8975
Pomaria,SC,34.3063,-81.4500
Pomerene,AZ,31.9994,-110.2856
Pomeroy,IA,42.5326,-94.6638
Pomeroy,OH,39.0607,-82.0331
Pomeroy,PA,39.9642,-75.8869
Pomeroy,WA,46.4698,-117.5993
Pomfret,CT,41.8975,-71.9631
Pomfret,MD,38.5855,-77.0093
Pomfret Center,CT,41.8697,-71.9820
Pomona,CA,34.0433,-117.7521
Pomona,IL,37.6411,-89.3363
Pomona,KS,38.6153,-95.4489
Pomona,MO,36.8441,-91.9137
Pomona,NJ,39.4783,-74.5756
Pomona,NY,41.1901,-74.0436
Pomona Park,FL,29.5021,-81.6307
Pompano Beach,FL,26.2315,-80.1235
Pompeii,MI,43.1839,-84.6008
Pompey,NY,42.8989,-76.0164
Pompeys Pillar,MT,45.9838,-107.9154
Pompton Lakes,NJ,40.9993,-74.2876
Pompton Plains,NJ,40.9655,-74.3016
Ponca,AR,36.0662,-93.4020
Ponca,NE,42.5693,-96.7128
Ponca City,OK,36.7031,-97.0784
Ponce,PR,18.0156,-66.5800
Ponce De Leon,FL,30.7041,-85.9546
Ponce De Leon,MO,36.8905,-93.3671
Poncha Springs,CO,38.5128,-106.0767
Ponchatoula,LA,30.4406,-90.4422
Pond Creek,OK,36.6643,-97.8019
Pond Eddy,NY,41.4511,-74.8410
Pond Gap,WV,38.2904,-81.2866
Ponder,TX,33.1774,-97.2848
Ponderay,ID,48.3056,-116.5328
Ponderosa,NM,35.7976,-106.6544
Ponemah,MN,48.0372,-94.9170
Poneto,IN,40.6419,-85.2562
Ponsford,MN,47.0133,-95.3197
Ponte Vedra,FL,30.0980,-81.4395
Ponte Vedra Beach,FL,30.2394,-81.3858
Pontiac,IL,40.8764,-88.6328
Pontiac,MI,42.6680,-83.2893
Pontiac,MO,36.5248,-92.5612
Pontotoc,MS,34.2170,-88.9868
Pontotoc,TX,30.8906,-99.0212
Pony,MT,45.5745,-111.9619
Pool,WV,38.1460,-80.8859
Poole,KY,37.6403,-87.6442
Pooler,GA,32.1149,-81.2520
Poolesville,MD,39.1386,-77.4067
Poolville,TX,32.9680,-97.8472
Pope,MS,34.1906,-90.0027
Pope A F B,NC,35.1767,-79.0114
Pope Valley,CA,38.6782,-122.4722
Popejoy,IA,42.5956,-93.4309
Poplar,MT,48.1307,-105.1870
Poplar,WI,46.5771,-91.8253
Poplar Bluff,MO,36.7662,-90.4166
Poplar Branch,NC,36.2570,-75.8830
Poplar Grove,AR,34.5394,-90.8813
Poplar Grove,IL,42.3594,-88.8428
Poplar Ridge,NY,42.7383,-76.6183
Poplarville,MS,30.8524,-89.5648
Poquonock,CT,41.9047,-72.6792
Poquoson,VA,37.1313,-76.3807
Porcupine,SD,43.2940,-102.2234
Port Alexander,AK,57.0500,-135.3333
Port Allegany,PA,41.8169,-78.2799
Port Allen,LA,30.4720,-91.2541
Port Alsworth,AK,60.6364,-154.4338
Port Angeles,WA,48.1065,-123.4384
Port Aransas,TX,27.8336,-97.0608
Port Arthur,TX,29.8826,-93.9626
Port Austin,MI,44.0223,-82.9984
Port Barre,LA,30.5478,-91.9286
Port Bolivar,TX,29.4598,-94.6117
Port Byron,IL,41.6013,-90.3263
Port Byron,NY,43.0427,-76.6449
Port Carbon,PA,40.6977,-76.1660
Port Charlotte,FL,26.9827,-82.1412
Port Chester,NY,41.0078,-73.6720
Port Clinton,OH,41.5215,-82.9094
Port Clinton,PA,40.5818,-76.0267
Port Clyde,ME,43.9272,-69.2533
Port Costa,CA,38.0460,-122.1866
Port Crane,NY,42.1957,-75.7910
Port Deposit,MD,39.6223,-76.0837
Port Edwards,WI,44.3497,-89.8652
Port Elizabeth,NJ,39.3133,-74.9814
Port Ewen,NY,41.9131,-73.9872
Port Gamble,WA,47.8544,-122.5825
Port Gibson,MS,31.9266,-91.0230
Port Gibson,NY,43.0344,-77.1578
Port Hadlock,WA,48.0345,-122.7682
Port Haywood,VA,37.3743,-76.3045
Port Heiden,AK,56.9643,-158.5664
Port Henry,NY,44.0465,-73.4705
Port Hope,MI,43.9280,-82.7529
Port Hueneme,CA,34.1626,-119.1973
Port Hueneme Cbc Base,CA,34.1621,-119.2060
Port Huron,MI,42.9958,-82.4599
Port Isabel,TX,26.0876,-97.2544
Port Jefferson,NY,40.9457,-73.0611
Port Jefferson,OH,40.3286,-84.0944
Port Jefferson Station,NY,40.9117,-73.0521
Port Jervis,NY,41.3786,-74.6691
Port Kent,NY,44.5281,-73.4075
Port Lavaca,TX,28.6011,-96.6259
Port Leyden,NY,43.5802,-75.3263
Port Lions,AK,57.8667,-152.8833
Port Ludlow,WA,47.9222,-122.6896
Port Mansfield,TX,26.5552,-97.4280
Port Matilda,PA,40.8018,-78.0788
Port Monmouth,NJ,40.4289,-74.1083
Port Murray,NJ,40.7906,-74.9167
Port Neches,TX,29.9770,-93.9626
Port Norris,NJ,39.2563,-75.0506
Port O Connor,TX,28.1400,-96.7751
Port Orange,FL,29.1214,-80.9767
Port Orchard,WA,47.5048,-122.6153
Port Orford,OR,42.7572,-124.4913
Port Penn,DE,39.5167,-75.5769
Port Reading,NJ,40.5709,-74.2466
Port Republic,MD,38.4952,-76.5349
Port Republic,NJ,39.5272,-74.4903
Port Republic,VA,38.3172,-78.8104
Port Richey,FL,28.3011,-82.6927
Port Royal,KY,38.5553,-85.0803
Port Royal,PA,40.5107,-77.4310
Port Royal,SC,32.3842,-80.6928
Port Royal,VA,38.1621,-77.1837
Port Saint Joe,FL,29.8354,-85.2988
Port Saint Lucie,FL,27.2889,-80.2980
Port Salerno,FL,27.1439,-80.2008
Port Sanilac,MI,43.4329,-82.5468
Port Sulphur,LA,29.4700,-89.6847
Port Tobacco,MD,38.4994,-77.0419
Port Townsend,WA,48.1040,-122.7945
Port Trevorton,PA,40.6996,-76.9082
Port Washington,NY,40.8350,-73.6964
Port Washington,OH,40.3404,-81.5215
Port Washington,WI,43.3955,-87.8797
Port William,OH,39.5519,-83.7864
Port Wing,WI,46.7620,-91.3920
Portage,IN,41.5672,-87.1757
Portage,ME,46.7753,-68.4877
Portage,MI,42.2075,-85.5957
Portage,OH,41.3127,-83.6143
Portage,PA,40.3842,-78.6718
Portage,UT,41.9758,-112.2386
Portage,WI,43.5501,-89.4714
Portage Des Sioux,MO,38.9276,-90.3531
Portageville,MO,36.4279,-89.7002
Portageville,NY,42.5570,-78.0856
Portal,GA,32.5550,-81.9123
Portal,ND,48.9758,-102.5480
Portales,NM,34.1799,-103.3363
Porter,ME,43.8262,-70.9243
Porter,MN,44.6565,-96.1581
Porter,OK,35.8567,-95.5082
Porter,TX,30.1237,-95.2686
Porter Corners,NY,43.1724,-73.8839
Porter Ranch,CA,34.2742,-118.5412
Porterdale,GA,33.5750,-83.8939
Porterfield,WI,45.1934,-87.8062
Porters Falls,WV,39.5797,-80.7764
Porters Sideling,PA,39.8253,-76.8950
Portersville,PA,40.9487,-80.1730
Porterville,CA,36.0686,-119.0315
Porterville,MS,32.6368,-88.4984
Porthill,ID,48.9920,-116.4775
Portia,AR,36.0807,-91.0680
Portis,KS,39.5455,-98.6904
Portland,AR,33.2318,-91.5139
Portland,CT,41.5852,-72.6128
Portland,IN,40.4306,-84.9928
Portland,ME,43.6606,-70.2589
Portland,MI,42.8624,-84.9139
Portland,MO,38.7847,-91.7006
Portland,ND,47.5015,-97.3843
Portland,NY,42.3858,-79.4589
Portland,OH,38.9999,-81.8135
Portland,OR,45.4429,-122.6151
Portland,OR,45.4433,-122.7760
Portland,OR,45.4988,-122.6903
Portland,PA,40.9231,-75.0969
Portland,TN,36.5673,-86.5059
Portland,TX,27.8935,-97.3169
Portlandville,NY,42.5103,-74.9761
Portola,CA,39.8109,-120.4669
Portola Vally,CA,37.3789,-122.2081
Portsmouth,IA,41.6484,-95.5108
Portsmouth,NH,43.0665,-70.7804
Portsmouth,OH,38.7573,-82.9486
Portsmouth,RI,41.5944,-71.2520
Portsmouth,VA,36.8089,-76.3671
Portville,NY,42.0273,-78.3314
Porum,OK,35.3631,-95.2607
Posen,IL,41.6277,-87.6872
Posen,MI,45.2233,-83.6393
Posey,CA,35.8135,-118.6643
Poseyville,IN,38.1720,-87.8027
Post,OR,44.0793,-120.2998
Post,TX,33.2017,-101.3922
Post Falls,ID,47.7205,-116.9353
Post Mills,VT,43.8933,-72.2620
Poston,AZ,33.9906,-114.3956
Postville,IA,43.0036,-91.5478
Poteau,OK,35.0606,-94.6096
Potecasi,NC,36.3631,-77.2394
Poteet,TX,29.0994,-98.6241
Poth,TX,29.0619,-98.0825
Potlatch,ID,46.9448,-116.9141
Potomac,IL,40.3090,-87.8232
Potomac,MD,39.0388,-77.1922
Potosi,MO,37.9549,-90.8415
Potosi,WI,42.6884,-90.7002
Potrero,CA,32.6205,-116.6037
Potsdam,NY,44.6592,-74.9681
Potsdam,OH,39.9633,-84.4175
Potter,KS,39.4258,-95.1417
Potter,NE,41.2347,-103.3061
Potter,WI,44.1206,-88.0992
Potter Valley,CA,39.3296,-123.1042
Pottersdale,PA,41.1868,-78.0341
Pottersville,MO,36.7068,-92.0440
Pottersville,NJ,40.6611,-74.8214
Pottersville,NY,43.6930,-73.7564
Potterville,MI,42.6398,-84.7346
Potts Camp,MS,34.6047,-89.3151
Potts Grove,PA,40.9936,-76.7894
Pottsboro,TX,33.8095,-96.6906
Pottstown,PA,40.2430,-75.6393
Pottstown,PA,40.2453,-75.6500
Pottsville,AR,35.2398,-93.0564
Pottsville,PA,40.6840,-76.2123
Pottsville,TX,31.6837,-98.3561
Potwin,KS,37.9719,-97.0006
Poughkeepsie,AR,36.0715,-91.4516
Poughkeepsie,NY,41.7021,-73.9218
Poughquag,NY,41.6194,-73.6783
Poulan,GA,31.4672,-83.7616
Poulsbo,WA,47.7423,-122.6277
Poultney,VT,43.5332,-73.2253
Pound,VA,37.0927,-82.6016
Pound,WI,45.1273,-88.1396
Pound Ridge,NY,41.2042,-73.5732
Pounding Mill,VA,37.0596,-81.7301
Poway,CA,32.9756,-117.0402
Powder River,WY,43.0322,-106.9867
Powder Springs,GA,33.8594,-84.6839
Powder Springs,TN,36.2549,-83.6729
Powderhorn,CO,38.2822,-107.1084
Powderly,KY,37.2369,-87.1592
Powderly,TX,33.7779,-95.5307
Powderville,MT,45.7392,-105.2761
Powell,MO,36.5563,-94.1675
Powell,OH,40.1527,-83.0749
Powell,TN,36.0435,-84.0400
Powell,TX,32.1196,-96.3327
Powell,WY,44.7561,-108.7773
Powell Butte,OR,44.2415,-121.0113
Powells Point,NC,36.1207,-75.8273
Powellsville,NC,36.2256,-76.9333
Powellton,WV,38.0992,-81.3179
Powellville,MD,38.3286,-75.3758
Power,MT,47.6798,-111.7169
Powers,MI,45.6792,-87.5319
Powers,OR,42.8910,-124.0664
Powers Lake,ND,48.5898,-102.6446
Powers Lake,WI,42.5536,-88.2944
Powersite,MO,36.6307,-93.0900
Powersville,MO,40.5272,-93.2844
Powhatan,AR,36.0800,-91.1482
Powhatan,LA,31.8728,-93.2011
Powhatan,VA,37.5564,-77.8798
Powhatan Point,OH,39.8679,-80.8168
Powhattan,KS,39.7177,-95.6751
Pownal,ME,43.8900,-70.1955
Pownal,VT,42.7880,-73.2162
Poy Sippi,WI,44.1101,-88.9268
Poyen,AR,34.3508,-92.5990
Poynette,WI,43.4013,-89.4189
Poynor,TX,32.0742,-95.5981
Poyntelle,PA,41.8206,-75.4203
Prague,NE,41.3036,-96.8301
Prague,OK,35.5105,-96.7009
Prairie,MS,33.7951,-88.6335
Prairie City,IA,41.5854,-93.2410
Prairie City,IL,40.6180,-90.4727
Prairie City,OR,44.4570,-118.6952
Prairie City,SD,45.5813,-102.8085
Prairie Creek,IN,39.2750,-87.4972
Prairie Du Chien,WI,43.0426,-91.1193
Prairie Du Rocher,IL,38.0855,-90.0901
Prairie Du Sac,WI,43.2956,-89.7452
Prairie Farm,WI,45.2462,-91.9742
Prairie Grove,AR,35.9918,-94.3169
Prairie Hill,TX,31.6591,-96.8094
Prairie Home,MO,38.8253,-92.5974
Prairie Lea,TX,29.7322,-97.7533
Prairie View,KS,39.8370,-99.5683
Prairie View,TX,30.0931,-95.9875
Prairie Village,KS,38.9968,-94.6315
Prairieburg,IA,42.2383,-91.4222
Prairieton,IN,39.3700,-87.4744
Prairieville,LA,30.3156,-90.9299
Prather,CA,36.9938,-119.5268
Pratt,KS,37.6502,-98.7300
Pratt,WV,38.2100,-81.3842
Pratts,VA,38.3492,-78.2722
Prattsburgh,NY,42.5269,-77.2825
Prattsville,AR,34.3079,-92.5131
Prattsville,NY,42.2979,-74.3895
Prattville,AL,32.4787,-86.4300
Pray,MT,45.4193,-110.6864
Preble,IN,40.8322,-85.0147
Preble,NY,42.7950,-76.2141
Preemption,IL,41.3128,-90.5844
Premier,WV,37.4222,-81.6439
Premium,KY,37.0686,-82.9581
Premont,TX,27.3544,-98.1330
Prentice,WI,45.5482,-90.2942
Prentiss,MS,31.6057,-89.8735
Prescott,AR,33.8040,-93.3725
Prescott,AZ,34.6299,-113.0225
Prescott,IA,41.0248,-94.5249
Prescott,KS,38.0718,-94.7008
Prescott,MI,44.2100,-84.0212
Prescott,WA,46.3539,-118.4097
Prescott,WI,44.7476,-92.7535
Prescott Valley,AZ,34.6100,-112.3150
Presho,SD,43.8995,-100.0746
Presidio,TX,29.5573,-104.3551
Presque Isle,ME,46.6842,-68.0118
Presque Isle,MI,45.3042,-83.4769
Presque Isle,WI,46.2217,-89.7728
Presto,PA,40.3847,-80.1209
Preston,CT,41.5221,-72.0211
Preston,GA,32.0740,-84.5489
Preston,IA,42.0539,-90.3954
Preston,ID,42.1109,-111.8565
Preston,KY,38.0856,-83.7533
Preston,MD,38.7465,-75.9163
Preston,MN,43.6641,-92.0960
Preston,MO,37.9390,-93.1713
Preston,MS,32.8537,-88.8130
Preston,OK,35.7114,-95.9914
Preston,WA,47.5239,-121.9258
Preston Hollow,NY,42.4563,-74.2420
Preston Park,PA,41.8673,-75.3831
Prestonsburg,KY,37.6495,-82.7881
Pretty Prairie,KS,37.7783,-97.9886
Prewitt,NM,35.3547,-108.1038
Price,MD,39.0975,-75.9592
Price,TX,32.1008,-94.9415
Price,UT,39.6020,-110.8081
Pricedale,PA,40.1314,-79.8444
Prichard,WV,38.2300,-82.5753
Priddy,TX,31.6874,-98.5015
Pride,LA,30.6133,-90.9943
Prides Crossing,MA,42.5597,-70.8250
Priest River,ID,48.1664,-116.9066
Prim,AR,35.6857,-92.1346
Primghar,IA,43.0759,-95.6533
Primm Springs,TN,35.8104,-87.2530
Primrose,KY,37.6022,-83.6086
Primrose,NE,41.6405,-98.2355
Prince,WV,37.8589,-81.0539
Prince Frederick,MD,38.5336,-76.5955
Prince George,VA,37.2333,-77.2747
Princess Anne,MD,38.1919,-75.7072
Princeton,AL,34.8402,-86.2501
Princeton,CA,39.4283,-122.0302
Princeton,IA,41.6858,-90.3706
Princeton,ID,46.8996,-116.8287
Princeton,IL,41.3629,-89.4270
Princeton,IN,38.3525,-87.5691
Princeton,KS,38.4847,-95.2764
Princeton,KY,37.1151,-87.8632
Princeton,LA,32.5791,-93.5226
Princeton,MA,42.4508,-71.8762
Princeton,ME,45.2131,-67.6008
Princeton,MN,45.5851,-93.5961
Princeton,MO,40.3855,-93.5774
Princeton,NC,35.4558,-78.1674
Princeton,NJ,40.3666,-74.6408
Princeton,OR,43.2467,-118.5767
Princeton,TX,33.1555,-96.4981
Princeton,WI,43.8438,-89.1249
Princeton,WV,37.3668,-81.0864
Princeville,HI,22.2159,-159.4626
Princeville,IL,40.9093,-89.7723
Princewick,WV,37.6435,-81.2310
Prineville,OR,44.3045,-120.8336
Pringle,SD,43.6083,-103.5917
Prinsburg,MN,44.9371,-95.1865
Printer,KY,37.5055,-82.7060
Prior Lake,MN,44.7107,-93.4101
Pritchett,CO,37.3559,-102.8931
Proberta,CA,40.0817,-122.1694
Procious,WV,38.4722,-81.2263
Proctor,AR,35.0834,-90.2550
Proctor,MT,47.9404,-114.3832
Proctor,OK,35.9671,-94.7442
Proctor,TX,31.9872,-98.4294
Proctor,VT,43.6580,-73.0348
Proctor,WV,39.7207,-80.7618
Proctorsville,VT,43.4005,-72.6196
Proctorville,NC,34.4764,-79.0367
Proctorville,OH,38.4635,-82.3523
Progreso,TX,26.0919,-97.9569
Prole,IA,41.3830,-93.7344
Promise City,IA,40.7585,-93.1527
Prompton,PA,41.5820,-75.3207
Prophetstown,IL,41.6312,-89.9467
Prospect,CT,41.5022,-72.9788
Prospect,KY,38.3560,-85.6083
Prospect,NY,43.3042,-75.1525
Prospect,OH,40.4727,-83.1763
Prospect,OR,42.7544,-122.5090
Prospect,PA,40.9049,-80.0679
Prospect,TN,35.0666,-87.0174
Prospect,VA,37.3058,-78.5462
Prospect Harbor,ME,44.4195,-68.0279
Prospect Heights,IL,42.1033,-87.9149
Prospect Hill,NC,36.2932,-79.2156
Prospect Park,PA,39.8857,-75.3082
Prosper,TX,33.2362,-96.7954
Prosperity,PA,40.0224,-80.2613
Prosperity,SC,34.1832,-81.5324
Prosperity,WV,37.8364,-81.2019
Prosser,WA,46.2232,-119.7710
Protection,KS,37.1968,-99.4816
Protem,MO,36.5463,-92.8297
Protivin,IA,43.2161,-92.0908
Provencal,LA,31.5801,-93.1401
Providence,KY,37.4050,-87.7505
Providence,NC,36.4831,-79.3631
Providence,RI,41.8255,-71.4114
Providence,UT,41.6952,-111.8244
Providence Forge,VA,37.4259,-77.0711
Provincetown,MA,42.0534,-70.1865
Provo,UT,40.2319,-111.6755
Pruden,TN,36.5861,-83.9011
Prudence Island,RI,41.6136,-71.3118
Prudenville,MI,44.2974,-84.6627
Prudhoe Bay,AK,70.0701,-148.5596
Prue,OK,36.2501,-96.2701
Pryor,MT,45.4297,-108.5325
Pryor,OK,36.2921,-95.3129
Puckett,MS,32.0808,-89.7758
Pueblo,CO,38.2879,-104.5848
Pueblo Of Acoma,NM,34.9008,-107.5864
Puerto Real,PR,18.0792,-67.1856
Pukalani,HI,20.8367,-156.3367
Pukwana,SD,43.7783,-99.1779
Pulaski,GA,32.3900,-81.9569
Pulaski,IA,40.6941,-92.2580
Pulaski,IL,37.2146,-89.1968
Pulaski,MS,32.2708,-89.6505
Pulaski,NY,43.5562,-76.1252
Pulaski,PA,41.0942,-80.4685
Pulaski,TN,35.2093,-87.0393
Pulaski,VA,37.0567,-80.7710
Pulaski,WI,44.6611,-88.2634
Pullman,MI,42.4651,-86.0799
Pullman,WA,46.7352,-117.1729
Pullman,WV,39.1900,-80.9347
Pulteney,NY,42.5233,-77.1691
Pultneyville,NY,43.2797,-77.1864
Pungoteague,VA,37.6303,-75.8139
Punta Gorda,FL,26.9152,-82.0532
Punta Santiago,PR,18.1683,-65.7486
Punxsutawney,PA,40.9479,-78.9681
Puposky,MN,47.7436,-94.9803
Purcell,MO,37.2422,-94.4350
Purcell,OK,35.0103,-97.4255
Purcellville,VA,39.1545,-77.7186
Purchase,NY,41.0384,-73.7156
Purdin,MO,39.9529,-93.1700
Purdon,TX,31.9483,-96.5856
Purdum,NE,41.9665,-100.1569
Purdy,MO,36.8069,-93.9164
Purdys,NY,41.3224,-73.6543
Purgitsville,WV,39.2681,-78.9060
Purlear,NC,36.1964,-81.3528
Purling,NY,42.2755,-74.0114
Purmela,TX,31.4726,-97.8889
Pursglove,WV,39.6995,-80.0618
Purvis,MS,31.1496,-89.4623
Puryear,TN,36.4456,-88.3472
Put In Bay,OH,41.6514,-82.8226
Putnam,CT,41.9185,-71.8968
Putnam,IL,41.1949,-89.4409
Putnam,OK,35.8539,-98.9638
Putnam,TX,32.3708,-99.1922
Putnam Hall,FL,29.7364,-81.9594
Putnam Station,NY,43.7560,-73.4123
Putnam Valley,NY,41.3728,-73.8502
Putnamville,IN,39.5742,-86.8653
Putney,GA,31.4700,-84.1178
Putney,KY,36.9259,-83.2608
Putney,VT,43.0356,-72.5123
Puunene,HI,20.8636,-156.4531
Puxico,MO,36.9422,-90.1623
Puyallup,WA,47.1991,-122.3151
Pyatt,AR,36.2458,-92.8447
Pylesville,MD,39.6959,-76.4113
Pyote,TX,31.5395,-103.1397
Pyrites,NY,44.5147,-75.1861
Quail,TX,34.9180,-100.4252
Quakake,PA,40.8493,-75.9825
Quaker City,OH,39.9866,-81.2899
Quaker Hill,CT,41.4032,-72.1172
Quaker Street,NY,42.7347,-74.1867
Quakertown,NJ,40.5656,-74.9419
Quakertown,PA,40.4411,-75.3507
Quanah,TX,34.2955,-99.7494
Quantico,MD,38.3339,-75.7851
Quantico,VA,38.5222,-77.2939
Quantico,VA,38.5310,-77.3358
Quapaw,OK,36.9282,-94.7430
Quarryville,PA,39.8949,-76.1465
Quartzsite,AZ,33.5675,-114.2731
Quasqueton,IA,42.3956,-91.7679
Quay,NM,34.9299,-103.7818
Quebeck,TN,35.8254,-85.5382
Quebradillas,PR,18.4758,-66.9389
Quechee,VT,43.6461,-72.4189
Quecreek,PA,40.0897,-79.0794
Queen,PA,40.2592,-78.5078
Queen Anne,MD,38.9456,-75.9777
Queen City,MO,40.4152,-92.5663
Queen City,TX,33.1874,-94.1548
Queen Creek,AZ,33.1511,-111.5111
Queen Creek,AZ,33.2386,-111.6436
Queens Village,NY,40.7277,-73.7489
Queensbury,NY,43.3290,-73.6818
Queenstown,MD,38.9562,-76.1526
Quemado,NM,34.2652,-108.7578
Quemado,TX,28.9427,-100.5742
Quenemo,KS,38.5785,-95.5362
Quentin,PA,40.2794,-76.4386
Questa,NM,36.7257,-105.5610
Quicksburg,VA,38.7144,-78.6989
Quilcene,WA,47.8324,-122.8583
Quimby,IA,42.6287,-95.6812
Quinault,WA,47.4485,-123.8037
Quinby,VA,37.5536,-75.7342
Quincy,CA,39.9405,-120.9285
Quincy,FL,30.5867,-84.6094
Quincy,IL,39.9307,-91.3763
Quincy,IN,39.4395,-86.8025
Quincy,KY,38.6271,-83.1056
Quincy,MA,42.2491,-70.9978
Quincy,MI,41.9707,-84.8493
Quincy,MO,38.0029,-93.4713
Quincy,OH,40.2876,-83.9744
Quincy,PA,39.8033,-77.5747
Quincy,WA,47.1976,-119.8459
Quinebaug,CT,42.0217,-71.9391
Quinhagak,AK,59.7381,-161.8749
Quinlan,TX,32.8983,-96.1261
Quinn,SD,44.0772,-102.0697
Quinnesec,MI,45.7999,-87.9922
Quinque,VA,38.2500,-78.3981
Quinter,KS,39.0363,-100.2337
Quinton,AL,33.6561,-87.1007
Quinton,NJ,39.5458,-75.4128
Quinton,OK,35.1547,-95.4671
Quinton,VA,37.5185,-77.1486
Quinwood,WV,38.0519,-80.7173
Quitaque,TX,34.3796,-101.0465
Quitman,AR,35.4050,-92.1333
Quitman,GA,30.7797,-83.5567
Quitman,LA,32.3564,-92.7085
Quitman,MS,32.0668,-88.6788
Quitman,TX,32.8049,-95.4302
Qulin,MO,36.5818,-90.2617
Quogue,NY,40.8231,-72.6100
Rabun Gap,GA,34.9576,-83.3901
Raccoon,KY,37.5241,-82.4263
Raceland,LA,29.7178,-90.5999
Rachel,WV,39.5225,-80.2957
Racine,MN,43.7900,-92.5310
Racine,MO,36.8961,-94.5272
Racine,OH,38.9786,-81.9258
Racine,WI,42.6868,-87.8378
Racine,WI,42.7260,-87.7825
Racine,WV,38.1495,-81.6557
Rackerby,CA,39.4059,-121.3362
Radcliff,KY,37.8403,-85.9492
Radcliffe,IA,42.3241,-93.4234
Radersburg,MT,46.0793,-111.5722
Radford,VA,37.1358,-80.5717
Radiant,VA,38.3227,-78.1798
Radisson,WI,45.7734,-91.2262
Radium Springs,NM,32.5011,-106.9275
Radnor,OH,40.3918,-83.1781
Radom,IL,38.2819,-89.1922
Raeford,NC,34.9890,-79.2228
Ragan,NE,40.3096,-99.2489
Ragland,AL,33.7367,-86.1619
Ragland,WV,37.7025,-82.1275
Ragley,LA,30.4703,-93.2337
Ragsdale,IN,38.7458,-87.3250
Rahway,NJ,40.6087,-74.2819
Raiford,FL,30.0636,-82.2367
Rail Road Flat,CA,38.3433,-120.5111
Railroad,PA,39.7606,-76.6986
Rainbow,TX,32.2812,-97.7065
Rainbow Lake,NY,44.4669,-74.1733
Rainelle,WV,37.9661,-80.7821
Rainier,OR,46.0646,-122.9671
Rainier,WA,46.8829,-122.6795
Rains,SC,34.0975,-79.3158
Rainsville,AL,34.4989,-85.8446
Rainsville,NM,35.9786,-105.2086
Raisin City,CA,36.5989,-119.9032
Rake,IA,43.4767,-93.9171
Raleigh,IL,37.8256,-88.5324
Raleigh,MS,32.0508,-89.5088
Raleigh,NC,35.7727,-78.6324
Raleigh,ND,46.3352,-101.2827
Raleigh,WV,37.7567,-81.1744
Ralls,TX,33.6790,-101.3827
Ralph,AL,33.0629,-87.7450
Ralph,MI,46.1086,-87.7836
Ralph,SD,45.8554,-103.0356
Ralston,IA,42.0757,-94.5698
Ralston,OK,36.4992,-96.7755
Ralston,PA,41.5038,-76.9583
Ralston,WY,44.7161,-108.8639
Ramah,CO,39.0736,-104.1247
Ramah,NM,35.1324,-108.4920
Ramer,AL,32.0677,-86.2463
Ramer,TN,35.0642,-88.6017
Ramey,PA,40.8015,-78.3998
Ramona,CA,33.0293,-116.8535
Ramona,KS,38.5777,-97.0759
Ramona,OK,36.5752,-95.8962
Ramona,SD,44.1229,-97.2349
Rampart,AK,65.3836,-150.0112
Ramsay,MI,46.4703,-89.9964
Ramsay,MT,46.1196,-112.6196
Ramseur,NC,35.7083,-79.6351
Ramsey,IL,39.0781,-89.1051
Ramsey,IN,38.3354,-86.1308
Ramsey,NJ,41.0577,-74.1445
Ranburne,AL,33.5616,-85.3786
Ranchester,WY,44.9048,-107.1598
Ranchita,CA,33.2405,-116.5391
Rancho Cordova,CA,38.6019,-121.2894
Rancho Cucamonga,CA,34.1339,-117.5991
Rancho Mirage,CA,33.7643,-116.4225
Rancho Palos Verdes,CA,33.7878,-118.3572
Rancho Santa Fe,CA,33.0231,-117.1996
Rancho Santa Margarita,CA,33.6518,-117.5884
Ranchos De Taos,NM,36.3357,-105.6086
Rancocas,NJ,40.0106,-74.8672
Rand,CO,40.4539,-106.1808
Randalia,IA,42.8626,-91.8846
Randall,IA,42.2475,-93.6211
Randall,KS,39.6286,-98.0661
Randall,MN,46.0734,-94.5005
Randallstown,MD,39.3746,-76.8002
Randle,WA,46.5492,-121.8555
Randleman,NC,35.8488,-79.8018
Randlett,OK,34.1740,-98.4600
Randlett,UT,40.2186,-109.7301
Randolph,AL,32.8888,-86.9070
Randolph,IA,40.8704,-95.5624
Randolph,KS,39.4879,-96.7828
Randolph,MA,42.1736,-71.0514
Randolph,ME,44.2287,-69.7749
Randolph,MN,44.5274,-93.0196
Randolph,MS,34.1789,-89.1636
Randolph,NE,42.3798,-97.3464
Randolph,NH,44.3753,-71.2803
Randolph,NJ,40.8456,-74.5725
Randolph,NY,42.1631,-78.9600
Randolph,OH,41.0328,-81.2486
Randolph,TX,33.4839,-96.2522
Randolph,UT,41.6563,-111.1856
Randolph,VA,36.9631,-78.6992
Randolph,VT,43.9444,-72.6726
Randolph,WI,43.5392,-89.0067
Randolph,WI,43.5397,-89.0030
Randolph Center,VT,43.9379,-72.5970
Random Lake,WI,43.5672,-87.9816
Randsburg,CA,35.3522,-117.7264
Range,AL,31.3017,-87.3197
Rangeley,ME,44.9631,-70.6658
Rangely,CO,40.0828,-108.7991
Ranger,GA,34.5404,-84.7270
Ranger,TX,32.4681,-98.6747
Ranger,WV,38.1556,-82.1908
Ranier,MN,48.6118,-93.3125
Rankin,IL,40.4559,-87.8884
Rankin,TX,31.2225,-101.9375
Ransom,IL,41.1530,-88.6502
Ransom,KS,38.6400,-99.9267
Ransom,KY,37.5664,-82.1883
Ransom,PA,41.3942,-75.8222
Ransom Canyon,TX,33.5330,-101.6908
Ransomville,NY,43.2286,-78.8982
Ranson,WV,39.2995,-77.8606
Rantoul,IL,40.3107,-88.1462
Rantoul,KS,38.5666,-95.1234
Rapelje,MT,45.9795,-109.2761
Raphine,VA,37.9374,-79.2219
Rapid City,MI,44.8449,-85.2943
Rapid City,SD,44.0770,-103.2003
Rapid River,MI,45.9107,-86.8845
Rapidan,VA,38.3392,-78.0476
Rapids City,IL,41.5817,-90.3433
Rappahannock Academy,VA,38.2018,-77.2874
Raquette Lake,NY,43.8662,-74.5380
Rarden,OH,38.9434,-83.2373
Raritan,IL,40.6878,-90.8319
Raritan,NJ,40.5711,-74.6377
Ratcliff,AR,35.2760,-93.8421
Ratcliff,TX,31.3914,-95.1394
Rathdrum,ID,47.8241,-116.8873
Ratliff City,OK,34.4489,-97.5092
Raton,NM,36.8952,-104.4349
Rattan,OK,34.2454,-95.3442
Ravalli,MT,47.2772,-114.1797
Raven,KY,37.4043,-82.8261
Raven,VA,37.1481,-81.8896
Ravena,NY,42.4754,-73.8220
Ravencliff,WV,37.6980,-81.4967
Ravendale,CA,40.8317,-120.1600
Ravenden,AR,36.2029,-91.2593
Ravenden Springs,AR,36.3104,-91.2094
Ravenel,SC,32.7881,-80.2223
Ravenna,KY,37.6867,-83.9387
Ravenna,MI,43.2091,-85.9648
Ravenna,NE,41.0233,-98.9041
Ravenna,OH,41.1649,-81.2337
Ravenna,TX,33.7098,-96.1452
Ravensdale,WA,47.4155,-121.9879
Ravenswood,WV,38.9468,-81.7524
Ravenwood,MO,40.3579,-94.6805
Ravia,OK,34.2417,-96.7511
Ravine,PA,40.5744,-76.4042
Rawl,WV,37.6497,-82.2197
Rawlings,MD,39.5214,-78.9062
Rawlings,VA,36.9530,-77.8237
Rawlins,WY,41.7951,-107.2349
Rawson,OH,41.0001,-83.8070
Ray,MI,42.7853,-82.9319
Ray,ND,48.3323,-103.1837
Ray,OH,39.2077,-82.6908
Ray Brook,NY,44.3000,-74.0858
Ray City,GA,31.0825,-83.2143
Rayland,OH,40.2083,-80.7125
Rayle,GA,33.7836,-82.9100
Raymond,CA,37.2790,-119.8766
Raymond,IA,42.4672,-92.2162
Raymond,IL,39.3106,-89.5851
Raymond,KS,38.2877,-98.4119
Raymond,ME,43.9219,-70.4498
Raymond,MN,45.0181,-95.2208
Raymond,MS,32.2392,-90.4241
Raymond,MT,48.9686,-104.6298
Raymond,NE,40.9853,-96.7829
Raymond,NH,43.0325,-71.1912
Raymond,OH,40.2473,-83.3649
Raymond,SD,44.8637,-97.9168
Raymond,WA,46.6710,-123.6929
Raymondville,MO,37.3569,-91.8131
Raymondville,NY,44.8381,-74.9783
Raymondville,TX,26.4792,-97.7967
Raymore,MO,38.8019,-94.4529
Rayne,LA,30.2045,-92.2486
Raynesford,MT,47.2604,-110.7047
Raynham,MA,41.9324,-71.0469
Raynham Center,MA,41.9236,-71.0528
Raysal,WV,37.3431,-81.7825
Rayville,LA,32.4689,-91.7643
Rayville,MO,39.3853,-94.0284
Raywick,KY,37.5380,-85.4300
Raywood,TX,30.0417,-94.6719
Rea,MO,40.0593,-94.7002
Reader,WV,39.5836,-80.7516
Readfield,ME,44.4032,-69.9506
Readfield,WI,44.2725,-88.7697
Reading,KS,38.5290,-95.9895
Reading,MA,42.5280,-71.1090
Reading,MI,41.8442,-84.7648
Reading,MN,43.7136,-95.7389
Reading,PA,40.3466,-75.9351
Reading,VT,43.4793,-72.5704
Reading Center,NY,42.4303,-76.9331
Readington,NJ,40.5686,-74.7381
Readlyn,IA,42.6929,-92.2154
Reads Landing,MN,44.4022,-92.0789
Readsboro,VT,42.7837,-72.9609
Readstown,WI,43.4508,-90.7579
Readville,MA,42.2492,-71.2292
Readyville,TN,35.7989,-86.2415
Reagan,TN,35.5096,-88.3508
Reagan,TX,31.2297,-96.7419
Realitos,TX,27.4163,-98.5355
Reamstown,PA,40.2114,-76.1236
Reardan,WA,47.7054,-117.8663
Reasnor,IA,41.5798,-93.0198
Rebecca,GA,31.7979,-83.5235
Rebersburg,PA,40.9549,-77.4053
Rebuck,PA,40.7125,-76.7406
Recluse,WY,44.7861,-105.7760
Rector,AR,36.2672,-90.2702
Rector,PA,40.1864,-79.2473
Rectortown,VA,38.9211,-77.8617
Red Ash,VA,37.1133,-81.8711
Red Bank,NJ,40.3541,-74.0800
Red Banks,MS,34.8750,-89.5198
Red Bay,AL,34.4513,-88.1129
Red Bluff,CA,40.1795,-122.2383
Red Boiling Springs,TN,36.5313,-85.8463
Red Bud,IL,38.1907,-89.9884
Red Cliff,CO,39.5122,-106.3675
Red Cloud,NE,40.0952,-98.5187
Red Creek,NY,43.2291,-76.7146
Red Creek,WV,39.0196,-79.5301
Red Devil,AK,61.7354,-157.1960
Red Feather Lakes,CO,40.7965,-105.6245
Red Hill,PA,40.3758,-75.4846
Red Hook,NY,42.0064,-73.8546
Red House,VA,37.1914,-78.8145
Red House,WV,38.5463,-81.9045
Red Jacket,WV,37.6483,-82.1403
Red Lake Falls,MN,47.8823,-96.2681
Red Level,AL,31.4399,-86.6121
Red Lion,PA,39.9026,-76.6081
Red Lodge,MT,45.1965,-109.2688
Red Mountain,CA,35.3728,-117.6339
Red Oak,GA,33.6247,-84.4986
Red Oak,IA,41.0079,-95.2269
Red Oak,NC,36.0383,-77.9067
Red Oak,OK,34.9422,-95.0904
Red Oak,TX,32.5161,-96.8203
Red Oak,VA,36.7724,-78.6321
Red River,NM,36.7081,-105.4056
Red Rock,AZ,32.5761,-111.3250
Red Rock,OK,36.4748,-97.1640
Red Rock,TX,29.9906,-97.4081
Red Springs,NC,34.8083,-79.1636
Red Valley,AZ,35.9156,-109.0292
Red Wing,MN,44.5528,-92.5486
Redan,GA,33.7453,-84.1317
Redbird,OK,35.8856,-95.5886
Redby,MN,47.8689,-94.9404
Redcrest,CA,40.4065,-123.9420
Reddell,LA,30.6739,-92.4261
Reddick,FL,29.3754,-82.2440
Reddick,IL,41.1005,-88.2089
Redding,CA,40.5605,-122.4116
Redding,CT,41.3069,-73.3935
Redding,IA,40.6053,-94.3595
Redding Center,CT,41.3044,-73.3808
Redding Ridge,CT,41.3139,-73.3508
Redfield,AR,34.4526,-92.1758
Redfield,IA,41.5873,-94.1897
Redfield,KS,37.8560,-94.8290
Redfield,NY,43.5658,-75.8242
Redfield,SD,44.8719,-98.5112
Redford,MI,42.3756,-83.2889
Redford,MO,37.3235,-90.9220
Redford,NY,44.6069,-73.8019
Redford,TX,29.5606,-104.3717
Redfox,KY,37.2531,-82.8719
Redgranite,WI,44.0438,-89.0981
Redig,SD,45.2711,-103.5478
Redkey,IN,40.3265,-85.1620
Redlake,MN,47.8654,-95.0643
Redlands,CA,34.0397,-117.1804
Redmon,IL,39.6453,-87.8617
Redmond,OR,44.2767,-121.1896
Redmond,UT,39.0061,-111.8611
Redmond,WA,47.6718,-122.1232
Redondo,WA,47.3486,-122.3222
Redondo Beach,CA,33.8307,-118.3832
Redrock,NM,32.6861,-108.7375
Redstar,WV,37.9849,-81.1344
Redstone,MT,48.8355,-104.9353
Redvale,CO,38.1865,-108.3895
Redwater,TX,33.3581,-94.2542
Redway,CA,40.1101,-123.8442
Redwood,MS,32.4867,-90.7859
Redwood,NY,44.3211,-75.8150
Redwood,VA,37.0197,-79.8122
Redwood City,CA,37.4647,-122.2304
Redwood Estates,CA,37.1564,-121.9856
Redwood Falls,MN,44.5318,-95.1071
Redwood Valley,CA,39.2694,-123.2133
Ree Heights,SD,44.5603,-99.2286
Reed,KY,37.8588,-87.3704
Reed City,MI,43.8868,-85.5130
Reed Point,MT,45.6485,-109.4689
Reeder,ND,46.1116,-102.9405
Reeders,PA,40.9895,-75.2781
Reedley,CA,36.6044,-119.4378
Reeds,MO,37.1225,-94.1613
Reeds Spring,MO,36.6947,-93.3722
Reedsburg,WI,43.5325,-90.0025
Reedsport,OR,43.6957,-124.1055
Reedsville,OH,39.1490,-81.7924
Reedsville,PA,40.6722,-77.6116
Reedsville,WI,44.1576,-87.9660
Reedsville,WV,39.5182,-79.8101
Reedville,VA,37.8570,-76.2829
Reedy,WV,38.8371,-81.4198
Reelsville,IN,39.5464,-86.9500
Reese,MI,43.4531,-83.7015
Reeseville,WI,43.3013,-88.8571
Reesville,OH,39.4822,-83.6769
Reeves,LA,30.4967,-93.0368
Reevesville,SC,33.1872,-80.6672
Reform,AL,33.3959,-88.0203
Refton,PA,39.9472,-76.2331
Refugio,TX,28.3169,-97.2767
Regan,ND,47.1527,-100.5224
Regent,ND,46.4235,-102.5684
Regina,KY,37.3597,-82.3737
Regina,NM,36.2028,-107.0719
Register,GA,32.3382,-81.8728
Rego Park,NY,40.7278,-73.8602
Rehobeth,MD,38.0389,-75.6633
Rehoboth,MA,41.8515,-71.2545
Rehoboth,NM,35.5289,-108.6542
Rehoboth Beach,DE,38.7147,-75.1073
Rehrersburg,PA,40.4575,-76.2447
Reidsville,GA,32.0548,-82.1478
Reidsville,NC,36.3432,-79.6642
Reidville,SC,34.8628,-82.1144
Reinbeck,IA,42.3131,-92.5948
Reinholds,PA,40.2688,-76.1013
Reisterstown,MD,39.4600,-76.8135
Reklaw,TX,31.8859,-95.0118
Reliance,SD,43.8302,-99.4857
Reliance,TN,35.1807,-84.5410
Reliance,WY,41.6692,-109.1964
Rembert,SC,34.1085,-80.4945
Rembrandt,IA,42.8260,-95.1652
Remer,MN,47.0874,-93.9196
Remington,IN,40.7667,-87.1599
Remington,VA,38.5351,-77.7614
Remlap,AL,33.8462,-86.6417
Remsen,IA,42.8149,-95.9544
Remsen,NY,43.3385,-75.1616
Remsenburg,NY,40.8075,-72.7092
Remus,MI,43.6032,-85.1574
Rena Lara,MS,34.1497,-90.7803
Renault,IL,38.1704,-90.0950
Renfrew,PA,40.8100,-79.9770
Renfro Valley,KY,37.3878,-84.3317
Renick,MO,39.3428,-92.4136
Renick,WV,37.9922,-80.3653
Renner,SD,43.6366,-96.7119
Reno,NV,39.5268,-119.8113
Reno,OH,39.3784,-81.3804
Reno,PA,41.4097,-79.7525
Renovo,PA,41.3334,-77.7448
Rensselaer,IN,40.9477,-87.1337
Rensselaer,NY,42.6359,-73.7219
Rensselaer Falls,NY,44.5906,-75.3226
Rensselaerville,NY,42.5133,-74.1474
Rentiesville,OK,35.5214,-95.4947
Renton,WA,47.4648,-122.2075
Rentz,GA,32.3638,-82.9140
Renville,MN,44.7776,-95.1989
Renwick,IA,42.8491,-94.0074
Represa,CA,38.6883,-121.4478
Repton,AL,31.4256,-87.1720
Republic,KS,39.9376,-97.8435
Republic,MI,46.3680,-87.9938
Republic,MO,37.1230,-93.4800
Republic,OH,41.1259,-83.0194
Republic,PA,39.9614,-79.9029
Republic,WA,48.6704,-118.6999
Republican City,NE,40.1034,-99.2322
Resaca,GA,34.5920,-84.9163
Rescue,CA,38.7194,-120.9945
Rescue,VA,36.9958,-76.5608
Research Triangle Park,NC,35.9148,-78.8657
Reseda,CA,34.2007,-118.5391
Reserve,LA,30.0603,-90.5518
Reserve,MT,48.5905,-104.6279
Reserve,NM,33.6881,-108.8009
Reston,VA,38.9600,-77.3456
Retsil,WA,47.5461,-122.6100
Retsof,NY,42.8353,-77.8792
Reubens,ID,46.3361,-116.5333
Reva,SD,45.5277,-103.0692
Reva,VA,38.4604,-78.1572
Revelo,KY,36.6734,-84.4722
Revere,MA,42.4138,-71.0052
Revere,MN,44.2713,-95.3996
Revere,MO,40.4950,-91.6775
Revere,PA,40.5153,-75.1614
Revillo,SD,45.0221,-96.5624
Revloc,PA,40.4922,-78.7644
Rew,PA,41.9122,-78.5354
Rewey,WI,42.8594,-90.3804
Rex,GA,33.5808,-84.2782
Rex,NC,34.8569,-79.0494
Rexburg,ID,43.8100,-111.7890
Rexford,KS,39.4622,-100.7490
Rexford,MT,48.9179,-115.2129
Rexford,NY,42.8524,-73.8701
Rexmont,PA,40.2772,-76.3828
Rexville,NY,42.0726,-77.6767
Reydell,AR,34.1433,-91.5504
Reydon,OK,35.6576,-99.9166
Reyno,AR,36.3628,-90.7536
Reynolds,GA,32.5541,-84.1011
Reynolds,IL,41.3277,-90.6384
Reynolds,IN,40.7606,-86.8691
Reynolds,MO,37.4008,-91.0733
Reynolds,ND,47.7068,-97.2092
Reynolds,NE,40.0594,-97.3182
Reynolds Station,KY,37.6965,-86.7794
Reynoldsburg,OH,39.9551,-82.8035
Reynoldsville,PA,41.0629,-78.8961
Reynoldsville,WV,39.2883,-80.4350
Rhame,ND,46.1664,-103.7079
Rheems,PA,40.1300,-76.5708
Rhine,GA,32.0113,-83.1983
Rhinebeck,NY,41.9272,-73.8888
Rhinecliff,NY,41.9194,-73.9517
Rhinehart,LA,31.6403,-91.9950
Rhineland,MO,38.7638,-91.5151
Rhinelander,WI,45.6467,-89.4093
Rhoadesville,VA,38.2863,-77.9230
Rhodelia,KY,37.9685,-86.3041
Rhodell,WV,37.6286,-81.2948
Rhodes,IA,41.9177,-93.1796
Rhodes,MI,43.8517,-84.2134
Rhodesdale,MD,38.6030,-75.7749
Rhodhiss,NC,35.7739,-81.4314
Rhododendron,OR,45.3552,-121.9537
Rhome,TX,33.0540,-97.4817
Rialto,CA,34.1132,-117.3771
Rib Lake,WI,45.2984,-90.1763
Ribera,NM,35.3344,-105.4652
Rice,MN,45.7364,-94.1658
Rice,TX,32.2258,-96.4606
Rice,VA,37.2721,-78.2793
Rice,WA,48.4062,-118.1249
Rice Lake,WI,45.5105,-91.7335
Riceboro,GA,31.7357,-81.4671
Rices Landing,PA,39.9440,-79.9857
Ricetown,KY,37.4093,-83.6151
Riceville,IA,43.3719,-92.5554
Riceville,PA,41.7775,-79.8031
Riceville,TN,35.3446,-84.6462
Rich Creek,VA,37.3850,-80.8227
Rich Hill,MO,38.0944,-94.3635
Rich Square,NC,36.2773,-77.2969
Richards,MO,37.9061,-94.5592
Richards,TX,30.5382,-95.8611
Richardson,TX,32.9660,-96.7452
Richardsville,VA,38.3924,-77.7195
Richardton,ND,46.8426,-102.2920
Richboro,PA,40.2167,-75.0029
Richburg,NY,42.0883,-78.1536
Richburg,SC,34.6822,-80.9891
Richey,MT,47.6229,-105.0170
Richeyville,PA,40.0533,-80.0022
Richfield,ID,43.0588,-114.1508
Richfield,KS,37.2834,-101.7004
Richfield,NC,35.5110,-80.2671
Richfield,OH,41.2371,-81.6467
Richfield,PA,40.6884,-77.1223
Richfield,UT,38.7571,-112.0623
Richfield,WI,43.2739,-88.2155
Richfield Springs,NY,42.8503,-74.9922
Richford,NY,42.3945,-76.1865
Richford,VT,44.9715,-72.6905
Richgrove,CA,35.7967,-119.1069
Richland,GA,32.0846,-84.6667
Richland,IA,41.1939,-91.9739
Richland,IN,37.9136,-87.2010
Richland,MI,42.3757,-85.4447
Richland,MO,37.8528,-92.3962
Richland,MS,32.2152,-90.1562
Richland,MT,48.7273,-106.2237
Richland,NJ,39.4850,-74.8776
Richland,NY,43.5776,-76.0029
Richland,OR,44.7970,-117.3018
Richland,PA,40.3806,-76.2654
Richland,SC,34.6778,-83.0256
Richland,TX,31.9018,-96.4373
Richland,WA,46.2833,-119.2892
Richland Center,WI,43.3627,-90.3914
Richland Springs,TX,31.2753,-98.8507
Richlands,NC,34.8624,-77.5863
Richlands,VA,37.0941,-81.8123
Richlandtown,PA,40.4722,-75.3219
Richmond,CA,37.9400,-122.3620
Richmond,IL,42.4669,-88.2900
Richmond,IN,39.8324,-84.8936
Richmond,KS,38.4074,-95.2489
Richmond,KY,37.7546,-84.2955
Richmond,MA,42.3784,-73.3645
Richmond,ME,44.1042,-69.8211
Richmond,MI,42.8127,-82.7301
Richmond,MN,45.4238,-94.5461
Richmond,MO,39.2793,-93.9792
Richmond,OH,40.4261,-80.7613
Richmond,TX,29.5819,-95.7606
Richmond,UT,41.9282,-111.8069
Richmond,VA,37.4532,-77.4698
Richmond,VA,37.5594,-77.4472
Richmond,VA,37.5825,-77.5197
Richmond,VT,44.3998,-72.9933
Richmond Dale,OH,39.2039,-82.8149
Richmond Hill,GA,31.8962,-81.2940
Richmond Hill,NY,40.6982,-73.8345
Richmondville,NY,42.6424,-74.5710
Richton,MS,31.3434,-88.9101
Richton Park,IL,41.4819,-87.7238
Richvale,CA,39.4939,-121.7436
Richview,IL,38.4082,-89.1756
Richville,MI,43.4092,-83.6772
Richville,MN,46.5008,-95.5929
Richville,NY,44.4045,-75.4025
Richwood,MN,46.9361,-95.8501
Richwood,NJ,39.7225,-75.1658
Richwood,OH,40.4370,-83.3136
Richwood,WV,38.2230,-80.5445
Richwoods,MO,38.1496,-90.8310
Ricketts,IA,42.1541,-95.5995
Rickman,TN,36.3019,-85.3806
Rickreall,OR,45.0200,-123.2064
Rico,CO,37.6928,-108.0297
Riddle,OR,42.9389,-123.3612
Riddlesburg,PA,40.1619,-78.2547
Riddleton,TN,36.3506,-86.0335
Riderwood,MD,39.4092,-76.6489
Ridge,MD,38.1169,-76.3711
Ridge,NY,40.9018,-72.8881
Ridge Farm,IL,39.9155,-87.6346
Ridge Spring,SC,33.8714,-81.6559
Ridgecrest,CA,35.6314,-117.6797
Ridgecrest,NC,35.6206,-82.2828
Ridgedale,MO,36.5247,-93.2778
Ridgefield,CT,41.2977,-73.4973
Ridgefield,NJ,40.8326,-74.0015
Ridgefield,WA,45.7846,-122.6934
Ridgefield Park,NJ,40.8562,-74.0230
Ridgeland,MS,32.4122,-90.1207
Ridgeland,SC,32.4919,-80.9494
Ridgeland,WI,45.1868,-91.8790
Ridgeley,WV,39.5818,-78.7920
Ridgely,MD,38.9568,-75.8848
Ridgely,TN,36.2638,-89.4858
Ridgetop,TN,36.3950,-86.7794
Ridgeview,SD,45.1433,-100.6517
Ridgeview,WV,38.1486,-81.7725
Ridgeville,IN,40.2804,-85.0371
Ridgeville,SC,33.1080,-80.3086
Ridgeville Corners,OH,41.4378,-84.2575
Ridgeway,IA,43.2979,-92.0034
Ridgeway,MO,40.3999,-93.9575
Ridgeway,NC,36.4356,-78.2369
Ridgeway,OH,40.5209,-83.5702
Ridgeway,SC,34.3167,-80.9288
Ridgeway,VA,36.5874,-79.8686
Ridgeway,WI,43.0077,-89.9889
Ridgeway,WV,39.2972,-78.0719
Ridgewood,NJ,40.9820,-74.1131
Ridgewood,NY,40.7036,-73.8961
Ridgway,CO,38.1381,-107.7533
Ridgway,IL,37.8042,-88.2612
Ridgway,PA,41.4316,-78.7297
Ridley Park,PA,39.8784,-75.3215
Ridott,IL,42.2996,-89.4627
Riegelsville,PA,40.5782,-75.2191
Riegelwood,NC,34.3471,-78.2575
Rienzi,MS,34.7968,-88.5795
Riesel,TX,31.5002,-96.9476
Rifle,CO,39.5491,-107.7898
Rifton,NY,41.8375,-74.0378
Riga,MI,41.7953,-83.8011
Rigby,ID,43.6715,-111.9005
Riggins,ID,45.3970,-116.3006
Riley,IN,39.3900,-87.3000
Riley,KS,39.1224,-96.8118
Riley,OR,44.9305,-116.9006
Rileyville,VA,38.7564,-78.3873
Rillito,AZ,32.4147,-111.1556
Rillton,PA,40.2825,-79.7282
Rimersburg,PA,41.0394,-79.5107
Rimforest,CA,34.2297,-117.2242
Rimrock,AZ,34.6380,-111.7842
Rinard,IL,38.5806,-88.4641
Rincon,GA,32.2356,-81.2878
Rincon,NM,32.6597,-107.0643
Rincon,PR,18.3400,-67.2500
Rindge,NH,42.7544,-72.0190
Riner,VA,37.0322,-80.4353
Rineyville,KY,37.7525,-85.9954
Ringgold,GA,34.9205,-85.1549
Ringgold,LA,32.3263,-93.2982
Ringgold,PA,40.9997,-79.1766
Ringgold,TX,33.8164,-97.9440
Ringgold,VA,36.6035,-79.2988
Ringle,WI,44.9238,-89.4328
Ringling,MT,46.2855,-110.8242
Ringling,OK,34.1679,-97.6029
Ringoes,NJ,40.4459,-74.8288
Ringold,OK,34.1799,-95.0704
Ringsted,IA,43.2977,-94.5291
Ringtown,PA,40.8559,-76.2349
Ringwood,IL,42.3804,-88.2971
Ringwood,NJ,41.0928,-74.2659
Ringwood,OK,36.3753,-98.2706
Rio,IL,41.1103,-90.3900
Rio,WI,43.4231,-89.2354
Rio,WV,39.1807,-78.6935
Rio Blanco,PR,18.2203,-65.7889
Rio Dell,CA,40.4951,-124.1044
Rio Frio,TX,29.6583,-99.7723
Rio Grande,NJ,39.0196,-74.8756
Rio Grande,OH,38.8794,-82.3806
Rio Grande,PR,18.3794,-65.8389
Rio Grande City,TX,26.3942,-98.8104
Rio Hondo,TX,26.2339,-97.5513
Rio Linda,CA,38.6893,-121.4452
Rio Medina,TX,29.4904,-98.8669
Rio Nido,CA,38.5211,-122.9758
Rio Oso,CA,38.9610,-121.5053
Rio Rancho,NM,35.2493,-106.6818
Rio Rico,AZ,31.4851,-110.9898
Rio Verde,AZ,33.7316,-111.6811
Rio Vista,CA,38.1637,-121.7016
Rio Vista,TX,32.2532,-97.3678
Rion,SC,34.3069,-81.1253
Riparius,NY,43.6617,-73.8975
Ripley,MS,34.7509,-88.9240
Ripley,NY,42.2482,-79.7121
Ripley,OH,38.7551,-83.8227
Ripley,OK,35.9985,-96.8967
Ripley,TN,35.7527,-89.5350
Ripley,WV,38.8090,-81.7020
Ripon,CA,37.7533,-121.1229
Ripon,WI,43.8454,-88.8424
Rippey,IA,41.9257,-94.2132
Ripplemead,VA,37.3665,-80.6717
Rippon,WV,39.2167,-77.9050
Ripton,VT,43.9929,-73.0187
Ririe,ID,43.6320,-111.7607
Risco,MO,36.5533,-89.8178
Rising City,NE,41.2082,-97.3032
Rising Fawn,GA,34.8535,-85.4711
Rising Star,TX,32.1280,-98.9859
Rising Sun,IN,38.9567,-84.8807
Rising Sun,MD,39.6882,-76.0492
Risingsun,OH,41.2706,-83.4326
Rison,AR,33.9453,-92.1188
Rittman,OH,40.9684,-81.7826
Ritzville,WA,47.1315,-118.3958
Riva,MD,38.9504,-76.5854
River,KY,37.8751,-82.6709
River Edge,NJ,40.9265,-74.0392
River Falls,AL,31.3528,-86.5392
River Falls,WI,44.8550,-92.6313
River Forest,IL,41.8951,-87.8159
River Grove,IL,41.9279,-87.8387
River Pines,CA,38.5463,-120.7430
River Ranch,FL,27.8825,-81.4742
River Rouge,MI,42.2692,-83.1364
Riverbank,CA,37.7328,-120.9430
Riverdale,CA,36.4295,-119.8720
Riverdale,GA,33.5531,-84.4003
Riverdale,IL,41.6503,-87.6319
Riverdale,MD,38.9601,-76.9147
Riverdale,MI,43.4098,-84.8266
Riverdale,ND,47.6403,-101.1151
Riverdale,NE,40.7627,-99.1381
Riverdale,NJ,40.9931,-74.3088
Riverhead,NY,40.9262,-72.6520
Riverside,AL,33.6088,-86.1983
Riverside,CA,33.9924,-117.3694
Riverside,CT,41.0380,-73.5811
Riverside,IA,41.4758,-91.5741
Riverside,IL,41.8374,-87.8214
Riverside,MI,42.1833,-86.3828
Riverside,MO,39.1779,-94.6167
Riverside,OR,43.4674,-118.0958
Riverside,PA,40.9513,-76.6375
Riverside,RI,41.7723,-71.3542
Riverside,TX,30.8528,-95.4033
Riverside,UT,41.7889,-112.1481
Riverside,WA,48.4876,-119.5803
Riverton,CT,41.9614,-73.0255
Riverton,IA,40.6870,-95.5578
Riverton,IL,39.8552,-89.5419
Riverton,KS,37.0993,-94.6788
Riverton,NE,40.1016,-98.7858
Riverton,NJ,40.0114,-75.0153
Riverton,UT,40.5379,-111.9547
Riverton,WV,38.6979,-79.4655
Riverton,WY,43.0458,-108.4113
Rivervale,AR,35.6739,-90.3400
Riverview,FL,27.8658,-82.3267
Riverview,MI,42.1733,-83.2131
Rives,MO,36.0936,-90.0133
Rives,TN,36.2637,-89.0376
Rives Junction,MI,42.3887,-84.4589
Rivesville,WV,39.5568,-80.1417
Riviera,TX,27.3217,-97.7787
Rixeyville,VA,38.5852,-78.0282
Rixford,PA,41.9346,-78.4586
Roach,MO,38.0088,-92.8075
Roachdale,IN,39.8325,-86.7902
Roan Mountain,TN,36.1773,-82.0810
Roann,IN,40.9066,-85.8899
Roanoke,AL,33.1564,-85.3579
Roanoke,IL,40.7956,-89.2093
Roanoke,IN,40.9600,-85.3526
Roanoke,LA,30.3182,-92.6870
Roanoke,TX,32.9864,-97.2053
Roanoke,VA,37.2316,-80.0217
Roanoke,VA,37.2708,-79.9416
Roanoke,VA,37.2725,-79.9530
Roanoke,VA,37.2935,-80.0553
Roanoke Rapids,NC,36.4461,-77.6731
Roans Prairie,TX,30.4869,-95.9867
Roaring Branch,PA,41.5692,-76.9421
Roaring Gap,NC,36.3836,-81.0188
Roaring River,NC,36.1916,-81.0004
Roaring Spring,PA,40.3277,-78.3928
Roaring Springs,TX,33.8977,-100.8528
Roark,KY,37.0244,-83.5062
Robards,KY,37.6758,-87.5266
Robbins,CA,38.8703,-121.7053
Robbins,IL,41.6423,-87.7089
Robbins,NC,35.4528,-79.5820
Robbins,TN,36.3527,-84.5904
Robbinston,ME,45.0670,-67.1433
Robbinsville,NC,35.3259,-83.7888
Robeline,LA,31.7715,-93.3210
Robersonville,NC,35.8218,-77.2600
Robert,LA,30.5063,-90.3352
Robert Lee,TX,31.8951,-100.5104
Roberta,GA,32.7222,-84.0451
Roberts,ID,43.7116,-112.1196
Roberts,IL,40.6193,-88.1804
Roberts,MT,45.3672,-109.1769
Roberts,WI,44.9874,-92.5598
Robertsdale,AL,30.5616,-87.6373
Robertsdale,PA,40.1787,-78.1117
Robertson,WY,41.1853,-110.4125
Robertsville,MO,38.3816,-90.8016
Robertsville,OH,40.7631,-81.1897
Robesonia,PA,40.3553,-76.1366
Robins,IA,42.0731,-91.6648
Robinson,IL,39.0070,-87.7484
Robinson,KS,39.8127,-95.3862
Robinson,ND,47.1508,-99.7003
Robinson,PA,40.4077,-79.1379
Robinson Creek,KY,37.3347,-82.5677
Robinsonville,MS,34.8093,-90.3052
Robson,WV,38.0973,-81.2488
Robstown,TX,27.7984,-97.6995
Roby,MO,37.4970,-92.1222
Roby,TX,32.7220,-100.4008
Roca,NE,40.6702,-96.6391
Rochdale,MA,42.1997,-71.9069
Rochelle,GA,31.9491,-83.4450
Rochelle,IL,41.9282,-89.0710
Rochelle,TX,31.3000,-99.1572
Rochelle,VA,38.2743,-78.2654
Rochelle Park,NJ,40.9049,-74.0913
Rocheport,MO,38.9756,-92.5079
Rochert,MN,46.8559,-95.6004
Rochester,IL,39.7590,-89.5472
Rochester,IN,41.0655,-86.2310
Rochester,KY,37.2048,-86.8592
Rochester,MA,41.7591,-70.8523
Rochester,MI,42.7107,-83.1642
Rochester,MN,44.0496,-92.4896
Rochester,NH,43.2684,-70.9766
Rochester,NY,43.1683,-77.6026
Rochester,PA,40.7157,-80.2603
Rochester,TX,33.3105,-99.8594
Rochester,VT,43.8804,-72.8159
Rochester,WA,46.8193,-123.0406
Rochester,WI,42.7414,-88.2242
Rochester Mills,PA,40.8195,-78.9980
Rociada,NM,35.8226,-105.3147
Rock,KS,37.4294,-96.9365
Rock,MI,46.0503,-87.1331
Rock,WV,37.3889,-81.2188
Rock Camp,OH,38.5221,-82.5638
Rock Cave,WV,38.7811,-80.3163
Rock City,IL,42.4103,-89.4759
Rock City Falls,NY,43.0662,-73.9215
Rock Creek,MN,45.7624,-92.9308
Rock Creek,OH,41.6651,-80.8851
Rock Creek,WV,37.8367,-81.4837
Rock Falls,IA,43.1980,-93.0764
Rock Falls,IL,41.7665,-89.6925
Rock Falls,WI,44.7186,-91.6897
Rock Glen,PA,40.9646,-76.1638
Rock Hall,MD,39.1344,-76.2305
Rock Hill,NY,41.6134,-74.5872
Rock Hill,SC,34.9151,-81.0129
Rock Island,IL,41.4913,-90.5648
Rock Island,TN,35.7438,-85.6352
Rock Island,TX,29.5308,-96.5750
Rock Island,WA,47.3706,-120.1378
Rock Point,AZ,36.7181,-109.6253
Rock Point,MD,38.2719,-76.8411
Rock Port,MO,40.4306,-95.5274
Rock Rapids,IA,43.4272,-96.1781
Rock River,WY,41.7461,-105.9746
Rock Spring,GA,34.8065,-85.2415
Rock Springs,WI,43.4681,-89.9218
Rock Springs,WY,41.6060,-109.2300
Rock Stream,NY,42.4485,-76.9364
Rock Tavern,NY,41.4575,-74.1659
Rock Valley,IA,43.2014,-96.3103
Rock View,WV,37.6178,-81.5392
Rockaway,NJ,40.9229,-74.5094
Rockaway Beach,MO,36.7137,-93.1715
Rockaway Beach,OR,45.6085,-123.9078
Rockaway Park,NY,40.5795,-73.8392
Rockbridge,IL,39.2831,-90.2558
Rockbridge,MO,36.7894,-92.4089
Rockbridge,OH,39.5509,-82.5626
Rockbridge Baths,VA,37.8965,-79.3874
Rockdale,TX,30.6583,-97.0079
Rockfall,CT,41.5341,-72.6997
Rockfield,IN,40.6411,-86.5739
Rockfield,KY,36.9399,-86.5854
Rockford,AL,32.8780,-86.2400
Rockford,IA,43.0573,-92.9520
Rockford,IL,42.2922,-89.1161
Rockford,MI,43.1152,-85.5136
Rockford,MN,45.0079,-93.6542
Rockford,MN,45.1031,-93.7658
Rockford,OH,40.6771,-84.6642
Rockford,TN,35.8305,-83.9412
Rockford,WA,47.4528,-117.1318
Rockham,SD,44.9716,-98.7687
Rockhill Furnace,PA,40.2428,-77.9003
Rockholds,KY,36.8242,-84.1040
Rockhouse,KY,37.3269,-82.4525
Rockingham,NC,34.9336,-79.7666
Rocklake,ND,48.8216,-99.1796
Rockland,DE,39.7961,-75.5725
Rockland,ID,42.5556,-112.8540
Rockland,MA,42.1293,-70.9133
Rockland,ME,44.1123,-69.1139
Rockland,MI,46.7381,-89.1794
Rockland,WI,43.9382,-90.9488
Rockledge,FL,28.3134,-80.7319
Rockledge,GA,32.3915,-82.7479
Rocklin,CA,38.7919,-121.2434
Rockmart,GA,33.9979,-85.0594
Rockport,IL,39.5328,-90.9722
Rockport,IN,37.8858,-87.0770
Rockport,KY,37.3269,-86.9746
Rockport,MA,42.6580,-70.6194
Rockport,ME,44.1888,-69.0901
Rockport,TX,28.0203,-97.0542
Rockport,WA,48.4704,-121.5554
Rockport,WV,39.0798,-81.5713
Rocksprings,TX,30.0188,-100.2310
Rockton,IL,42.4544,-89.0887
Rockton,PA,41.0806,-78.6577
Rockvale,CO,38.1194,-105.1639
Rockvale,TN,35.7450,-86.5352
Rockville,IN,39.7682,-87.1978
Rockville,MD,39.0838,-77.1530
Rockville,MN,45.4719,-94.3406
Rockville,MO,38.0766,-94.1299
Rockville,NE,41.1108,-98.8578
Rockville,RI,41.5197,-71.7617
Rockville,UT,37.1611,-113.0375
Rockville,VA,37.7337,-77.7000
Rockville Centre,NY,40.6637,-73.6380
Rockwall,TX,32.9311,-96.4594
Rockwell,IA,43.0032,-93.2167
Rockwell,NC,35.5494,-80.4226
Rockwell City,IA,42.3961,-94.6292
Rockwood,IL,37.8322,-89.6214
Rockwood,ME,45.6593,-69.8224
Rockwood,MI,42.0792,-83.2162
Rockwood,PA,39.9373,-79.1865
Rockwood,TN,35.8587,-84.6842
Rockwood,TX,31.5037,-99.3746
Rocky,OK,35.1526,-99.0480
Rocky Comfort,MO,36.7175,-94.1091
Rocky Face,GA,34.7745,-85.0561
Rocky Ford,CO,38.0490,-103.7251
Rocky Ford,GA,32.6569,-81.7417
Rocky Gap,VA,37.2442,-81.1552
Rocky Hill,CT,41.6583,-72.6632
Rocky Hill,KY,37.0675,-86.1101
Rocky Hill,NJ,40.4010,-74.6400
Rocky Mount,MO,38.2911,-92.7059
Rocky Mount,NC,35.9238,-77.8350
Rocky Mount,NC,35.9427,-77.7608
Rocky Mount,VA,36.9891,-79.8840
Rocky Point,NC,34.4344,-77.9234
Rocky Point,NY,40.9492,-72.9357
Rocky Ridge,MD,39.6057,-77.3296
Rocky Ridge,OH,41.5333,-83.2125
Rocky River,OH,41.4694,-81.8512
Rodanthe,NC,35.5933,-75.4683
Rodeo,CA,38.0307,-122.2581
Rodeo,NM,31.8333,-109.0300
Roderfield,WV,37.4503,-81.7058
Rodessa,LA,32.9701,-93.9885
Rodman,NY,43.8622,-75.8719
Rodney,IA,42.2015,-95.9535
Rodney,MI,43.7379,-85.3219
Roduco,NC,36.4617,-76.8128
Roe,AR,34.6286,-91.3771
Roebling,NJ,40.1154,-74.7772
Roebuck,SC,34.8688,-81.9526
Roff,OK,34.6153,-96.8423
Rogers,AR,36.3363,-94.1148
Rogers,CT,41.8403,-71.9067
Rogers,KY,37.7395,-83.6567
Rogers,MN,45.1715,-93.5814
Rogers,ND,47.0711,-98.2209
Rogers,NE,41.4695,-96.9497
Rogers,NM,34.0248,-103.1275
Rogers,OH,40.7789,-80.6202
Rogers,TX,30.9550,-97.2228
Rogers City,MI,45.4123,-83.8355
Rogerson,ID,42.2196,-114.6038
Rogersville,AL,34.8495,-87.3237
Rogersville,MO,37.1310,-93.0964
Rogersville,PA,39.9005,-80.2837
Rogersville,TN,36.4162,-83.0108
Roggen,CO,40.2074,-104.3157
Rogue River,OR,42.4889,-123.1587
Rohnert Park,CA,38.3269,-122.7061
Rohrersville,MD,39.4431,-77.6580
Roland,AR,34.8829,-92.5192
Roland,IA,42.1646,-93.5063
Roland,OK,35.4538,-94.5291
Rolesville,NC,35.9156,-78.4658
Rolette,ND,48.6552,-99.8744
Rolfe,IA,42.8082,-94.5166
Roll,AZ,32.9366,-113.5643
Rolla,KS,37.1089,-101.6447
Rolla,MO,37.9485,-91.7603
Rolla,ND,48.8594,-99.6134
Rolling Fork,MS,32.8733,-90.8833
Rolling Meadows,IL,42.0730,-88.0191
Rolling Prairie,IN,41.7229,-86.5841
Rollingbay,WA,47.6647,-122.5089
Rollingstone,MN,44.1025,-91.8158
Rollins,MT,47.9182,-114.2250
Rollins Fork,VA,38.1847,-77.0625
Rollinsford,NH,43.2269,-70.8332
Rollinsville,CO,39.9108,-105.4726
Roma,TX,26.4215,-99.0025
Romance,AR,35.2155,-92.0699
Romayor,TX,30.4511,-94.8431
Rombauer,MO,36.8431,-90.2800
Rome,GA,34.2507,-85.1465
Rome,IA,40.9814,-91.6822
Rome,IL,40.8831,-89.5025
Rome,IN,37.9376,-86.5958
Rome,MS,33.9631,-90.4783
Rome,NY,43.2193,-75.4498
Rome,OH,41.6026,-80.8321
Rome,PA,41.8634,-76.3015
Rome City,IN,41.4849,-85.3743
Romeo,CO,37.1722,-105.9847
Romeo,MI,42.8035,-83.0192
Romeoville,IL,41.6475,-88.0894
Romney,IN,40.2605,-86.9044
Romney,WV,39.3424,-78.7481
Romulus,MI,42.2203,-83.3583
Romulus,NY,42.7614,-76.8536
Ronald,WA,47.2353,-121.0222
Ronan,MT,47.5525,-114.1054
Ronceverte,WV,37.7418,-80.4626
Ronco,PA,39.8697,-79.9206
Ronda,NC,36.2059,-80.9270
Ronkonkoma,NY,40.8208,-73.1208
Ronks,PA,40.0208,-76.1661
Roodhouse,IL,39.4846,-90.3498
Roopville,GA,33.4322,-85.1671
Roosevelt,AZ,33.6358,-110.9749
Roosevelt,MN,48.8148,-95.1794
Roosevelt,NJ,40.2200,-74.4736
Roosevelt,NY,40.6802,-73.5867
Roosevelt,OK,34.8470,-98.9836
Roosevelt,TX,30.5322,-99.9165
Roosevelt,UT,40.3102,-110.0108
Roosevelt,WA,45.8296,-120.3566
Roosevelt Roads,PR,18.2674,-65.6483
Rooseveltown,NY,44.9728,-74.7314
Rootstown,OH,41.0995,-81.2026
Roper,NC,35.8994,-76.5809
Ropesville,TX,33.4575,-102.1584
Rosalia,KS,37.7960,-96.6482
Rosalia,WA,47.2218,-117.4147
Rosalie,NE,42.0574,-96.4929
Rosamond,CA,34.8631,-118.1964
Rosamond,IL,39.3892,-89.1846
Rosanky,TX,29.9241,-97.3119
Rosario,PR,18.1633,-67.0817
Rosburg,WA,46.3071,-123.6571
Roscoe,IL,42.4217,-88.9943
Roscoe,MN,45.4339,-94.6394
Roscoe,MO,37.9728,-93.8119
Roscoe,MT,45.3772,-109.4464
Roscoe,NY,41.9458,-74.9237
Roscoe,PA,40.0787,-79.8656
Roscoe,SD,45.4271,-99.3326
Roscoe,TX,32.4276,-100.5391
Roscommon,MI,44.4839,-84.6601
Rose,NY,43.1536,-76.8789
Rose,OK,36.2113,-94.9934
Rose Bud,AR,35.3214,-92.0620
Rose City,MI,44.4167,-84.1256
Rose Creek,MN,43.6274,-92.8621
Rose Hill,IA,41.3309,-92.4720
Rose Hill,KS,37.5784,-97.1173
Rose Hill,MS,32.1489,-89.0011
Rose Hill,NC,34.8235,-78.0166
Rose Hill,VA,36.6583,-83.3486
Rose Lodge,OR,45.0106,-123.8792
Roseau,MN,48.8268,-95.7567
Roseboom,NY,42.7882,-74.7416
Roseboro,NC,34.9941,-78.5041
Rosebud,MO,38.3853,-91.3974
Rosebud,MT,45.9358,-106.5981
Rosebud,SD,43.2300,-100.8550
Rosebud,TX,31.0922,-96.9755
Roseburg,OR,43.2227,-123.3664
Rosebush,MI,43.6843,-84.7833
Rosedale,IN,39.6239,-87.3086
Rosedale,LA,30.4408,-91.4562
Rosedale,MD,39.3361,-76.5014
Rosedale,MS,33.8432,-90.9923
Rosedale,NY,40.6621,-73.7353
Rosedale,VA,36.9740,-81.8888
Rosedale,WV,38.7701,-80.9061
Roseglen,ND,47.6960,-101.8220
Roseland,FL,27.8356,-80.4933
Roseland,LA,30.7717,-90.5243
Roseland,NE,40.4591,-98.5551
Roseland,NJ,40.8203,-74.3047
Roseland,VA,37.8077,-78.9712
Roselawn,IN,41.1417,-87.3147
Roselle,IL,41.9798,-88.0857
Roselle,NJ,40.6530,-74.2610
Roselle Park,NJ,40.6651,-74.2670
Rosemary Beach,FL,30.2833,-86.0306
Rosemead,CA,34.0658,-118.0853
Rosemont,NJ,40.4220,-74.9919
Rosemont,WV,39.2686,-80.1631
Rosemount,MN,44.7289,-93.1588
Rosenberg,TX,29.5497,-95.7982
Rosendale,MO,40.0399,-94.8328
Rosendale,NY,41.8402,-74.0730
Rosendale,WI,43.7889,-88.6417
Rosenhayn,NJ,39.4781,-75.1317
Rosepine,LA,30.9197,-93.2822
Roseville,CA,38.7346,-121.2340
Roseville,IL,40.7238,-90.6514
Roseville,MI,42.5034,-82.9387
Roseville,OH,39.8187,-82.0792
Rosewood,OH,40.2189,-83.9608
Rosharon,TX,29.4203,-95.4537
Rosholt,SD,45.8753,-96.7174
Rosholt,WI,44.6622,-89.3356
Rosiclare,IL,37.4240,-88.3462
Rosie,AR,35.6638,-91.5340
Rosine,KY,37.4503,-86.7414
Roslindale,MA,42.2836,-71.1295
Roslyn,NY,40.7907,-73.6534
Roslyn,SD,45.5006,-97.5401
Roslyn,WA,47.2236,-120.9919
Roslyn Heights,NY,40.7845,-73.6403
Rosman,NC,35.1197,-82.8189
Ross,CA,37.9625,-122.5539
Ross,ND,48.3162,-102.5307
Ross,OH,39.3122,-84.6506
Ross,TX,31.7183,-97.1189
Rossburg,OH,40.2946,-84.6264
Rosser,TX,32.4625,-96.4531
Rossford,OH,41.6049,-83.5638
Rossiter,PA,40.8846,-78.9414
Rosston,AR,33.5617,-93.3039
Rosston,OK,36.8789,-99.9003
Rosston,TX,33.4838,-97.4542
Rossville,GA,34.9535,-85.2968
Rossville,IL,40.3625,-87.6692
Rossville,IN,40.4109,-86.6080
Rossville,KS,39.1451,-95.9553
Rossville,PA,40.0722,-76.9275
Rossville,TN,35.0768,-89.5678
Roswell,GA,34.0408,-84.3859
Roswell,NM,33.3885,-104.5259
Rotan,TX,32.8555,-100.4705
Rothbury,MI,43.5116,-86.3446
Rothsay,MN,46.5094,-96.2887
Rothschild,WI,44.8843,-89.6193
Rothville,MO,39.6627,-93.0467
Rotonda West,FL,26.9004,-82.2938
Rotterdam Junction,NY,42.8730,-74.0469
Rougemont,NC,36.2393,-78.9019
Rough And Ready,CA,39.2286,-121.1509
Rougon,LA,30.6035,-91.3813
Roulette,PA,41.7738,-78.1538
Round Hill,VA,39.1282,-77.7775
Round Lake,IL,42.3668,-88.0888
Round Lake,MN,43.5620,-95.4502
Round Lake,NY,42.9260,-73.7701
Round Mountain,CA,40.7942,-121.9408
Round Mountain,NV,38.6829,-117.1280
Round Mountain,TX,30.4429,-98.4365
Round O,SC,32.9405,-80.5739
Round Pond,ME,43.9250,-69.4662
Round Rock,AZ,36.5022,-109.5531
Round Rock,TX,30.5145,-97.6680
Round Top,NY,42.2678,-74.0523
Round Top,TX,30.0411,-96.7341
Roundhead,OH,40.5803,-83.8485
Roundhill,KY,37.2560,-86.4070
Roundup,MT,46.4225,-108.5438
Rouses Point,NY,44.9884,-73.3691
Rouseville,PA,41.4689,-79.6911
Rousseau,KY,37.6349,-83.2147
Rouzerville,PA,39.7367,-77.5353
Rover,AR,34.9475,-93.4017
Rowan,IA,42.7596,-93.5570
Rowdy,KY,37.4131,-83.2040
Rowe,MA,42.6953,-72.9258
Rowe,NM,35.4917,-105.6747
Rowe,VA,37.1276,-82.0274
Rowena,SD,43.5203,-96.5556
Rowena,TX,31.6436,-100.0191
Rowesville,SC,33.3703,-80.8331
Rowland,NC,34.5887,-79.2618
Rowland,PA,41.4711,-75.0425
Rowland Heights,CA,33.9818,-117.8969
Rowlesburg,WV,39.2216,-79.6430
Rowlett,TX,32.9027,-96.5636
Rowley,IA,42.3434,-91.7875
Rowley,MA,42.7138,-70.9070
Roxana,IL,38.8482,-90.0798
Roxana,KY,37.0905,-83.0345
Roxboro,NC,36.4059,-78.9737
Roxbury,CT,41.5509,-73.2993
Roxbury,KS,38.4743,-97.4272
Roxbury,ME,44.6566,-70.6092
Roxbury,NY,42.3117,-74.5405
Roxbury,PA,40.1103,-77.6622
Roxbury,VT,44.0846,-72.7202
Roxie,MS,31.5040,-91.0625
Roxobel,NC,36.1945,-77.2271
Roxton,TX,33.5429,-95.7416
Roy,MT,47.3678,-108.8634
Roy,NM,35.9522,-104.1497
Roy,UT,41.1724,-112.0382
Roy,WA,46.9560,-122.4483
Royal,AR,34.5150,-93.2897
Royal,IA,43.0488,-95.2679
Royal,IL,40.1928,-87.9728
Royal,NE,42.2946,-98.1246
Royal Center,IN,40.8645,-86.5078
Royal City,WA,46.9156,-119.5815
Royal Oak,MD,38.7288,-76.1878
Royal Oak,MI,42.4906,-83.1366
Royalston,MA,42.5925,-72.2278
Royalton,IL,37.8790,-89.1141
Royalton,KY,37.6521,-82.9867
Royalton,MN,45.8589,-94.2211
Royersford,PA,40.1929,-75.5305
Royse City,TX,32.9628,-96.3648
Royston,GA,34.2778,-83.1406
Rozel,KS,38.2148,-99.4048
Rozet,WY,44.3058,-105.2459
Rubicon,WI,43.3121,-88.4528
Ruby,AK,64.7201,-155.5039
Ruby,LA,31.1892,-92.2486
Ruby,NY,42.0181,-74.0153
Ruby,SC,34.7379,-80.1910
Ruby,VA,38.5042,-77.5158
Ruby Valley,NV,40.3995,-115.2312
Ruckersville,VA,38.2339,-78.3910
Rudd,IA,43.1420,-92.8885
Rudolph,OH,41.2967,-83.6832
Rudolph,WI,44.4741,-89.8003
Rudy,AR,35.5398,-94.2374
Rudyard,MI,46.2006,-84.5493
Rudyard,MT,48.5860,-110.5552
Rueter,MO,36.6314,-92.9188
Rufe,OK,34.1617,-95.1360
Ruffin,NC,36.4428,-79.5606
Ruffin,SC,33.0103,-80.8137
Ruffs Dale,PA,40.1585,-79.6277
Rufus,OR,45.6852,-120.7268
Rugby,ND,48.3173,-99.9990
Rugby,TN,36.2734,-84.7032
Ruidoso,NM,33.3474,-105.6510
Ruidoso Downs,NM,33.3577,-105.5383
Rule,TX,33.1842,-99.8894
Ruleville,MS,33.7241,-90.5527
Rulo,NE,40.0536,-95.4292
Rumely,MI,46.3419,-86.9351
Rumford,ME,44.5434,-70.5645
Rumford,RI,41.8425,-71.3559
Rumford Center,ME,44.5923,-70.7001
Rumney,NH,43.8044,-71.8480
Rumsey,CA,38.8762,-122.2537
Rumsey,KY,37.5076,-87.2806
Rumson,NJ,40.3718,-74.0006
Runge,TX,28.8876,-97.7138
Runnells,IA,41.5515,-93.4202
Runnemede,NJ,39.8508,-75.0742
Running Springs,CA,34.2078,-117.1083
Rupert,GA,32.4325,-84.2738
Rupert,ID,42.6215,-113.6670
Rupert,VT,43.2597,-73.2233
Rupert,WV,37.9639,-80.6900
Rural Hall,NC,36.2293,-80.2936
Rural Retreat,VA,36.8836,-81.2879
Rural Ridge,PA,40.5856,-79.8289
Rural Valley,PA,40.7885,-79.2991
Rush,CO,38.7642,-104.0241
Rush,KY,38.3089,-82.7476
Rush,NY,42.9989,-77.6654
Rush Center,KS,38.4533,-99.3079
Rush City,MN,45.6845,-92.9979
Rush Hill,MO,39.1932,-91.6888
Rush Springs,OK,34.7708,-97.9431
Rush Valley,UT,40.2336,-112.7440
Rushford,MN,43.8216,-91.7536
Rushford,NY,42.4172,-78.1867
Rushland,PA,40.2575,-75.0311
Rushmore,MN,43.6240,-95.7767
Rushsylvania,OH,40.4658,-83.6598
Rushville,IL,40.1242,-90.5609
Rushville,IN,39.6192,-85.4321
Rushville,MO,39.5653,-95.0413
Rushville,NE,42.7379,-102.4657
Rushville,NY,42.7597,-77.2395
Rushville,OH,39.7674,-82.4280
Rusk,TX,31.8098,-95.1732
Ruskin,FL,27.7015,-82.4355
Ruskin,NE,40.1383,-97.8720
Ruso,ND,47.7622,-100.8754
Russell,AR,35.3625,-91.5075
Russell,IA,40.9456,-93.1784
Russell,IL,42.4906,-87.9125
Russell,KS,38.8806,-98.8595
Russell,KY,38.5226,-82.7156
Russell,MA,42.1471,-72.8403
Russell,MN,44.3201,-95.9426
Russell,NY,44.3807,-75.1138
Russell,PA,41.9461,-79.1271
Russell Springs,KY,37.0567,-85.0429
Russells Point,OH,40.4750,-83.8798
Russellton,PA,40.6143,-79.8371
Russellville,AL,34.5066,-87.7257
Russellville,AR,35.2842,-93.1315
Russellville,IN,39.8366,-86.9670
Russellville,KY,36.8531,-86.8887
Russellville,MO,38.5005,-92.4291
Russellville,OH,38.8511,-83.7625
Russellville,SC,33.3969,-79.9719
Russellville,TN,36.2567,-83.1914
Russia,OH,40.2341,-84.4123
Russian Mission,AK,61.5913,-161.5584
Russiaville,IN,40.4151,-86.2675
Rustburg,VA,37.2545,-79.1215
Ruston,LA,32.5308,-92.6439
Ruth,MI,43.7404,-82.7414
Ruth,MS,31.3795,-90.2867
Ruth,NV,39.2783,-114.9883
Ruther Glen,VA,37.9451,-77.4714
Rutherford,CA,38.4586,-122.4214
Rutherford,NJ,40.8292,-74.1121
Rutherford,TN,36.1300,-88.9849
Rutherford College,NC,35.7483,-81.5228
Rutherfordton,NC,35.3706,-81.9781
Ruthton,MN,44.1638,-96.0790
Ruthven,IA,43.1448,-94.8842
Ruthville,VA,37.3672,-77.0414
Rutland,IA,42.7635,-94.2719
Rutland,IL,40.9844,-89.0388
Rutland,MA,42.3762,-71.9490
Rutland,ND,46.0738,-97.5483
Rutland,OH,39.0457,-82.1219
Rutland,SD,44.0683,-96.9519
Rutland,VT,43.6141,-72.9708
Rutledge,AL,31.7559,-86.3485
Rutledge,GA,33.6163,-83.6023
Rutledge,MO,40.3290,-92.0976
Rutledge,TN,36.2501,-83.5125
Ryan,IA,42.3436,-91.4848
Ryan,OK,34.0238,-97.9461
Rydal,GA,34.3927,-84.7803
Ryde,CA,38.2386,-121.5594
Ryder,ND,47.8680,-101.7651
Ryderwood,WA,46.3752,-123.0431
Rye,CO,37.9371,-104.8863
Rye,NH,43.0095,-70.7652
Rye,NY,40.9734,-73.6907
Rye,TX,30.4525,-94.7686
Rye Beach,NH,42.9767,-70.7661
Ryegate,MT,46.2724,-109.2761
Ryland,AL,34.7697,-86.4808
S Coffeyville,OK,36.9837,-95.6065
Sabael,NY,43.7283,-74.3061
Sabana Grande,PR,18.0797,-66.9608
Sabana Hoyos,PR,18.4358,-66.6142
Sabana Seca,PR,18.4289,-66.1850
Sabattus,ME,44.1133,-70.0748
Sabetha,KS,39.8993,-95.8113
Sabillasville,MD,39.6828,-77.4693
Sabin,MN,46.7703,-96.5985
Sabina,OH,39.4900,-83.6503
Sabinal,TX,29.3267,-99.4781
Sabine,WV,37.6786,-81.5017
Sabine Pass,TX,29.7333,-93.8942
Sabinsville,PA,41.8564,-77.5378
Sabula,IA,42.0737,-90.1955
Sac City,IA,42.4262,-94.9796
Sacaton,AZ,33.0977,-111.7752
Sachse,TX,32.9736,-96.5915
Sackets Harbor,NY,43.9398,-76.1050
Saco,ME,43.5209,-70.4546
Saco,MT,48.6389,-107.4293
Sacramento,CA,38.5816,-121.4933
Sacramento,KY,37.4177,-87.2736
Sacramento,NM,32.8052,-105.6211
Sacramento,PA,40.6352,-76.6128
Sacred Heart,MN,44.7975,-95.3538
Sacul,TX,31.8247,-94.9186
Saddle Brook,NJ,40.8989,-74.0931
Saddle River,NJ,41.0531,-74.0968
Saddlestring,WY,44.3483,-106.6983
Sadieville,KY,38.3908,-84.5384
Sadler,TX,33.7310,-96.8400
Sadorus,IL,39.9613,-88.3447
Sadsburyville,PA,39.9817,-75.8917
Saegertown,PA,41.7268,-80.1479
Safety Harbor,FL,28.0096,-82.6967
Saffell,AR,35.9180,-91.2978
Safford,AL,32.3002,-87.3693
Safford,AZ,32.8295,-109.6266
Sag Harbor,NY,40.9820,-72.3067
Sagamore,MA,41.7700,-70.5289
Sagamore,PA,40.7800,-79.2281
Sagamore Beach,MA,41.7983,-70.5294
Sagaponack,NY,40.9253,-72.2786
Sage,AR,36.0425,-91.8246
Saginaw,AL,33.2161,-86.7919
Saginaw,MI,43.4047,-83.9156
Saginaw,MN,46.8795,-92.3917
Saginaw,MO,37.0239,-94.4681
Saginaw,OR,43.8328,-123.0442
Sagle,ID,48.2035,-116.5455
Sagola,MI,46.0813,-88.0676
Saguache,CO,38.0977,-106.1876
Sahuarita,AZ,31.9452,-111.0002
Sailor Springs,IL,38.7639,-88.3631
Saint Agatha,ME,47.2387,-68.3232
Saint Albans,ME,44.9293,-69.3992
Saint Albans,MO,38.5792,-90.7750
Saint Albans,NY,40.6981,-73.7586
Saint Albans,VT,44.8111,-73.0890
Saint Albans,WV,38.3774,-81.8305
Saint Albans Bay,VT,44.8078,-73.1397
Saint Amant,LA,30.2385,-90.8435
Saint Ann,MO,38.7259,-90.3864
Saint Anne,IL,41.0487,-87.6564
Saint Ansgar,IA,43.4061,-92.9235
Saint Anthony,IA,42.1520,-93.1824
Saint Anthony,ID,44.2745,-111.5232
Saint Anthony,IN,38.3322,-86.8249
Saint Anthony,ND,46.5888,-100.8972
Saint Augustine,FL,29.8364,-81.2745
Saint Augustine,IL,40.7289,-90.3798
Saint Benedict,LA,30.5267,-90.1125
Saint Benedict,OR,45.0575,-122.7767
Saint Benedict,PA,40.6118,-78.7383
Saint Bernard,LA,29.8611,-89.8364
Saint Bernice,IN,39.7092,-87.5214
Saint Bonaventure,NY,42.0861,-78.4769
Saint Boniface,PA,40.6667,-78.6811
Saint Bonifacius,MN,44.9056,-93.7472
Saint Catharine,KY,37.6991,-85.2711
Saint Charles,AR,34.3353,-91.1681
Saint Charles,IA,41.2924,-93.8242
Saint Charles,ID,42.1128,-111.3897
Saint Charles,IL,41.9194,-88.3070
Saint Charles,KY,37.1766,-87.5539
Saint Charles,MI,43.2863,-84.1598
Saint Charles,MN,43.9585,-92.0517
Saint Charles,MO,38.8014,-90.5065
Saint Charles,SD,43.1089,-99.0910
Saint Charles,VA,36.8315,-83.0518
Saint Clair,MI,42.8255,-82.5133
Saint Clair,MN,44.0778,-93.8449
Saint Clair,MO,38.3299,-90.9713
Saint Clair,PA,40.7193,-76.1924
Saint Clair Shores,MI,42.4635,-82.9007
Saint Clairsville,OH,40.0834,-80.9023
Saint Cloud,FL,28.2480,-81.2876
Saint Cloud,MN,45.5410,-94.1819
Saint Cloud,MN,45.5521,-94.1284
Saint Cloud,WI,43.8074,-88.1845
Saint Croix,IN,38.2398,-86.6035
Saint Croix Falls,WI,45.4132,-92.6384
Saint David,AZ,31.8973,-110.2154
Saint David,IL,40.5226,-90.0437
Saint David,ME,47.3343,-68.2314
Saint Donatus,IA,42.3312,-90.4845
Saint Edward,NE,41.5708,-97.8801
Saint Elizabeth,MO,38.2712,-92.2635
Saint Elmo,AL,30.5033,-88.2542
Saint Elmo,IL,39.0315,-88.8552
Saint Francis,AR,36.4548,-90.1450
Saint Francis,KS,39.7736,-101.8123
Saint Francis,KY,37.6286,-85.4642
Saint Francis,ME,47.1407,-68.9503
Saint Francis,MN,45.3903,-93.3598
Saint Francis,SD,43.1910,-100.8850
Saint Francisville,IL,38.6125,-87.6736
Saint Francisville,LA,30.8587,-91.3923
Saint Gabriel,LA,30.2799,-91.0916
Saint George,GA,30.5208,-82.0378
Saint George,KS,39.2108,-96.4345
Saint George,SC,33.1845,-80.5732
Saint George,UT,37.1067,-113.5953
Saint George Island,AK,56.6032,-169.5473
Saint Georges,DE,39.5550,-75.6506
Saint Germain,WI,45.9183,-89.4866
Saint Hedwig,TX,29.4353,-98.1952
Saint Helen,MI,44.3665,-84.4247
Saint Helena,CA,38.5138,-122.4619
Saint Helena,NE,42.8181,-97.3586
Saint Helena Island,SC,32.3802,-80.5339
Saint Helens,KY,37.5828,-83.6472
Saint Helens,OR,45.8608,-122.8282
Saint Henry,OH,40.4091,-84.6333
Saint Hilaire,MN,48.0109,-96.2249
Saint Ignace,MI,45.9215,-84.7094
Saint Ignatius,MT,47.3300,-114.0758
Saint Inigoes,MD,38.1441,-76.4083
Saint Jacob,IL,38.7245,-89.6696
Saint James,LA,30.0276,-90.8605
Saint James,MD,39.5625,-77.7583
Saint James,MN,43.9875,-94.6229
Saint James,MO,38.0056,-91.6076
Saint James,NY,40.8813,-73.1591
Saint James City,FL,26.5290,-82.0916
Saint Jo,TX,33.7440,-97.5568
Saint Joe,AR,35.9877,-92.7928
Saint Joe,IN,41.3240,-84.9043
Saint John,IN,41.4495,-87.4764
Saint John,KS,38.0309,-98.7647
Saint John,ND,48.9366,-99.7648
Saint John,WA,47.0755,-117.5730
Saint Johns,AZ,34.5010,-109.3796
Saint Johns,FL,30.0956,-81.6217
Saint Johns,MI,43.0059,-84.5719
Saint Johns,OH,40.5558,-84.0836
Saint Johns,PA,41.0281,-76.0064
Saint Johnsbury,VT,44.4272,-72.0051
Saint Johnsbury Center,VT,44.4567,-72.0161
Saint Johnsville,NY,43.0170,-74.6460
Saint Joseph,IL,40.1207,-88.0472
Saint Joseph,LA,31.9248,-91.2784
Saint Joseph,MI,42.0640,-86.4783
Saint Joseph,MN,45.5651,-94.3367
Saint Joseph,MO,39.7688,-94.8385
Saint Joseph,TN,35.0376,-87.5018
Saint Just,PR,18.3700,-66.0122
Saint Landry,LA,30.8381,-92.3938
Saint Lawrence,SD,44.5215,-98.8754
Saint Leo,FL,28.3369,-82.2586
Saint Leonard,MD,38.4501,-76.5110
Saint Libory,IL,38.3625,-89.7097
Saint Libory,NE,41.0867,-98.3589
Saint Louis,MI,43.4278,-84.5952
Saint Louis,MO,38.6346,-90.1913
Saint Louis,MO,38.6426,-90.3242
Saint Louis,OK,35.0742,-96.8528
Saint Louis Park,MN,44.9023,-93.3710
Saint Louisville,OH,40.1818,-82.3560
Saint Lucas,IA,43.0477,-91.9116
Saint Marie,MT,48.1969,-106.6361
Saint Maries,ID,47.2977,-116.5681
Saint Marks,FL,30.1608,-84.2064
Saint Martin,MN,45.5019,-94.6686
Saint Martinville,LA,30.2083,-91.8260
Saint Mary,KY,37.5806,-85.3464
Saint Mary,MO,37.9140,-89.9293
Saint Mary Of The Woods,IN,39.5108,-87.4672
Saint Marys,AK,62.0541,-163.2053
Saint Marys,GA,30.7735,-81.5652
Saint Marys,IA,41.2978,-93.7361
Saint Marys,KS,39.1987,-96.0683
Saint Marys,OH,40.5440,-84.3944
Saint Marys,PA,41.4289,-78.5505
Saint Marys,WV,39.3860,-81.1725
Saint Marys City,MD,38.1869,-76.4347
Saint Matthews,SC,33.6942,-80.8563
Saint Maurice,LA,31.7594,-92.9589
Saint Meinrad,IN,38.1819,-86.8429
Saint Michael,AK,63.4776,-162.1091
Saint Michael,MN,45.2064,-93.6593
Saint Michael,ND,47.9774,-98.9181
Saint Michael,PA,40.3362,-78.7830
Saint Michaels,AZ,35.6447,-109.0950
Saint Michaels,MD,38.7830,-76.2215
Saint Nazianz,WI,44.0064,-87.9229
Saint Olaf,IA,42.9482,-91.4175
Saint Onge,SD,44.5522,-103.7344
Saint Paris,OH,40.1058,-83.9631
Saint Patrick,MO,40.3199,-91.6547
Saint Paul,AR,35.8496,-93.7347
Saint Paul,IA,40.7693,-91.5375
Saint Paul,IN,39.4277,-85.5994
Saint Paul,KS,37.5180,-95.1688
Saint Paul,MN,44.9015,-93.2026
Saint Paul,MN,44.9027,-93.0964
Saint Paul,MN,44.9700,-93.0832
Saint Paul,MN,45.0611,-92.9548
Saint Paul,NE,41.2242,-98.4440
Saint Paul,OR,45.1960,-122.9674
Saint Paul,VA,36.9323,-82.3418
Saint Paul Island,AK,57.1787,-170.2934
Saint Paul Park,MN,44.8344,-92.9873
Saint Pauls,NC,34.8010,-78.9731
Saint Peter,IL,38.8697,-88.8560
Saint Peter,MN,44.3351,-93.9811
Saint Peters,MO,38.7802,-90.6228
Saint Peters,PA,40.1800,-75.7311
Saint Petersburg,FL,27.7723,-82.6386
Saint Petersburg,PA,41.1617,-79.6531
Saint Regis,MT,47.3369,-115.1703
Saint Regis Falls,NY,44.6773,-74.6603
Saint Robert,MO,37.8281,-92.1775
Saint Rose,LA,29.9581,-90.3124
Saint Simons Island,GA,31.1692,-81.3824
Saint Stephen,MN,45.7118,-94.2817
Saint Stephen,SC,33.4060,-79.9376
Saint Stephens,AL,31.5330,-88.0521
Saint Stephens,WY,42.9839,-108.4158
Saint Stephens Church,VA,37.9051,-77.0842
Saint Thomas,MO,38.3912,-92.1894
Saint Thomas,ND,48.6252,-97.4545
Saint Thomas,PA,39.9241,-77.7908
Saint Vincent,MN,48.9458,-97.1703
Saint Vrain,NM,34.4652,-103.4532
Saint Xavier,MT,45.4890,-107.7092
Sainte Genevieve,MO,37.9504,-90.0960
Sainte Marie,IL,38.9322,-88.0233
Salado,AR,35.7035,-91.5979
Salado,TX,30.9494,-97.5330
Salamanca,NY,42.1604,-78.7304
Salamonia,IN,40.3582,-84.8551
Salcha,AK,64.5091,-146.9530
Sale City,GA,31.2600,-84.0422
Sale Creek,TN,35.3858,-85.1023
Salem,AL,32.6212,-85.1840
Salem,AR,36.3654,-91.8363
Salem,CT,41.4966,-72.2725
Salem,FL,29.8238,-83.3858
Salem,IA,40.8568,-91.6336
Salem,IL,38.6264,-88.9481
Salem,IN,38.6071,-86.0787
Salem,KY,37.2553,-88.2711
Salem,MA,42.5151,-70.9003
Salem,MI,42.4061,-83.5800
Salem,MO,37.6170,-91.5258
Salem,NE,40.0620,-95.7273
Salem,NH,42.7846,-71.2176
Salem,NJ,39.5591,-75.4521
Salem,NM,32.7093,-107.2157
Salem,NY,43.1828,-73.3327
Salem,OH,40.9000,-80.8619
Salem,OR,44.9260,-122.9797
Salem,OR,44.9588,-123.0753
Salem,SC,34.8728,-82.9607
Salem,SD,43.7356,-97.3797
Salem,UT,40.0427,-111.6591
Salem,VA,37.2853,-80.0692
Salem,WI,42.5709,-88.1287
Salem,WV,39.2948,-80.5898
Salemburg,NC,35.0515,-78.4714
Salesville,OH,40.0081,-81.3728
Salford,PA,40.2958,-75.4547
Salfordville,PA,40.2933,-75.4333
Salida,CA,37.7071,-121.0905
Salida,CO,38.5259,-105.9978
Salina,KS,38.8238,-97.6088
Salina,OK,36.3116,-95.1158
Salina,PA,40.5217,-79.4983
Salina,UT,38.9560,-111.8811
Salinas,CA,36.6677,-121.6596
Salinas,PR,17.9794,-66.2983
Saline,LA,32.1566,-92.9486
Saline,MI,42.1698,-83.7849
Salineno,TX,26.5161,-99.1119
Salineville,OH,40.6195,-80.8350
Salisbury,CT,42.0015,-73.4215
Salisbury,MA,42.8507,-70.8588
Salisbury,MD,38.3630,-75.5922
Salisbury,MO,39.4319,-92.8014
Salisbury,NC,35.6515,-80.4889
Salisbury,NH,43.4067,-71.7045
Salisbury,PA,39.7531,-79.0835
Salisbury,VT,43.9017,-73.1008
Salisbury Center,NY,43.1625,-74.7809
Salisbury Mills,NY,41.4497,-74.1214
Salix,IA,42.3306,-96.2879
Salix,PA,40.3006,-78.7437
Salkum,WA,46.5151,-122.6454
Salley,SC,33.5972,-81.3184
Sallis,MS,33.0010,-89.7552
Sallisaw,OK,35.4852,-94.7790
Salmon,ID,45.1571,-113.8784
Salol,MN,48.8522,-95.5356
Salome,AZ,33.7481,-113.5715
Salona,PA,41.0842,-77.4633
Salsbury Cove,ME,44.4306,-68.2842
Salt Flat,TX,31.3590,-104.6115
Salt Lake City,UT,40.7559,-111.8967
Salt Lick,KY,38.1040,-83.6316
Salt Point,NY,41.8050,-73.8013
Salt Rock,WV,38.3265,-82.2470
Salter Path,NC,34.6883,-76.8864
Salters,SC,33.5611,-79.8300
Saltese,MT,47.4103,-115.5086
Saltillo,MS,34.3831,-88.6674
Saltillo,PA,40.2106,-78.0069
Saltillo,TN,35.3815,-88.2472
Saltillo,TX,33.1767,-95.3433
Salton City,CA,33.2986,-115.9553
Saltsburg,PA,40.4792,-79.4428
Saltville,VA,36.8927,-81.7402
Saluda,NC,35.2383,-82.3306
Saluda,SC,34.0175,-81.7754
Saluda,VA,37.5949,-76.5921
Salvisa,KY,37.9151,-84.8845
Salvo,NC,35.5400,-75.4733
Salyer,CA,40.8909,-123.5478
Salyersville,KY,37.7635,-83.0554
Sam Norwood,TX,35.0522,-100.2803
Samantha,AL,33.4222,-87.6053
Samaria,MI,41.8081,-83.5783
Samburg,TN,36.3808,-89.3547
Sammamish,WA,47.6244,-122.0423
Samoa,CA,40.8037,-124.1936
Samson,AL,31.1049,-86.0674
San Acacia,NM,34.2283,-106.9049
San Andreas,CA,38.1867,-120.6687
San Angelo,TX,31.4782,-100.4818
San Anselmo,CA,37.9846,-122.5711
San Antonio,FL,28.3371,-82.2882
San Antonio,NM,33.8886,-106.3792
San Antonio,PR,18.4475,-66.2981
San Antonio,TX,29.4685,-98.5264
San Antonio,TX,29.6442,-98.3128
San Ardo,CA,35.9857,-120.8612
San Augustine,TX,31.5152,-94.1326
San Benito,TX,26.1337,-97.6447
San Bernardino,CA,34.1105,-117.2898
San Bruno,CA,37.6247,-122.4290
San Carlos,AZ,33.3106,-110.3953
San Carlos,CA,37.4969,-122.2674
San Clemente,CA,33.4308,-117.6101
San Cristobal,NM,36.6116,-105.6360
San Diego,CA,32.7185,-117.1593
San Diego,TX,27.7654,-98.2503
San Dimas,CA,34.1023,-117.8169
San Elizario,TX,31.5850,-106.2722
San Felipe,TX,29.7928,-96.1006
San Fernando,CA,34.2875,-118.4352
San Fidel,NM,35.0822,-107.5986
San Francisco,CA,37.6219,-122.3819
San Francisco,CA,37.7750,-122.4183
San Gabriel,CA,34.1155,-118.0857
San German,PR,18.0836,-67.0453
San Geronimo,CA,38.0172,-122.6778
San Gregorio,CA,37.3255,-122.3556
San Isidro,TX,26.7214,-98.4161
San Jacinto,CA,33.7839,-116.9578
San Joaquin,CA,36.6059,-120.1889
San Jon,NM,35.1198,-103.2846
San Jose,CA,37.3894,-121.8868
San Jose,IL,40.2945,-89.6250
San Jose,NM,35.4569,-105.4383
San Juan,PR,18.4652,-66.1071
San Juan,TX,26.2044,-98.1537
San Juan Bautista,CA,36.8499,-121.5327
San Juan Capistrano,CA,33.5117,-117.6574
San Juan Pueblo,NM,36.0489,-106.0793
San Leandro,CA,37.7205,-122.1587
San Lorenzo,CA,37.6787,-122.1295
San Lorenzo,PR,18.1914,-65.9614
San Lucas,CA,36.1289,-121.0194
San Luis,AZ,32.4869,-114.7814
San Luis,CO,37.0506,-105.5756
San Luis Obispo,CA,35.2635,-120.6509
San Luis Rey,CA,33.2944,-117.3064
San Manuel,AZ,32.6958,-110.6568
San Marcos,CA,33.1444,-117.1697
San Marcos,TX,29.8754,-97.9404
San Marino,CA,34.1207,-118.1117
San Martin,CA,37.0911,-121.5999
San Mateo,CA,37.5723,-122.3203
San Mateo,FL,29.5888,-81.5921
San Miguel,CA,35.7532,-120.6965
San Miguel,NM,32.1553,-106.7344
San Pablo,CA,37.9724,-122.3369
San Pablo,CO,37.1349,-105.3462
San Patricio,NM,33.3877,-105.3498
San Pedro,CA,33.7339,-118.2914
San Perlita,TX,26.4832,-97.6157
San Pierre,IN,41.2111,-86.8725
San Quentin,CA,37.9428,-122.4894
San Rafael,CA,37.9691,-122.5105
San Rafael,NM,35.1125,-107.8819
San Ramon,CA,37.7800,-121.9769
San Saba,TX,31.1627,-98.7309
San Sebastian,PR,18.3386,-66.9906
San Simeon,CA,35.6668,-121.1440
San Simon,AZ,32.2082,-109.3672
San Ygnacio,TX,27.0625,-99.4271
San Ysidro,CA,32.5519,-117.0422
San Ysidro,NM,35.5242,-106.7375
Sanborn,IA,43.1890,-95.6622
Sanborn,MN,44.2183,-95.1328
Sanborn,ND,46.9271,-98.2336
Sanborn,NY,43.1419,-78.8785
Sanbornton,NH,43.5496,-71.6003
Sanbornville,NH,43.5513,-71.0200
Sand Coulee,MT,47.4021,-111.1661
Sand Creek,MI,41.7793,-84.0755
Sand Creek,WI,45.1705,-91.7014
Sand Fork,WV,38.8950,-80.7306
Sand Lake,MI,43.2981,-85.5367
Sand Lake,NY,42.6379,-73.4989
Sand Point,AK,55.3192,-160.4914
Sand Springs,MT,47.0323,-107.2886
Sand Springs,OK,36.1341,-96.1426
Sandborn,IN,38.8817,-87.2025
Sanders,AZ,35.2164,-109.3331
Sanders,KY,38.6610,-84.9732
Sanders,MT,46.2928,-107.2336
Sanderson,FL,30.3025,-82.3377
Sanderson,TX,30.1422,-102.3936
Sandersville,GA,32.9870,-82.8169
Sandersville,MS,31.7864,-89.0322
Sandgap,KY,37.4871,-84.0567
Sandhill,MS,32.4875,-89.8803
Sandia,TX,28.0709,-97.8978
Sandia Park,NM,35.1683,-106.3238
Sandisfield,MA,42.1094,-73.1163
Sandoval,IL,38.6131,-89.1140
Sandown,NH,42.9308,-71.1861
Sandpoint,ID,48.3120,-116.5332
Sandston,VA,37.5157,-77.2758
Sandstone,MN,46.1214,-92.8710
Sandstone,WV,37.7599,-80.8716
Sandusky,MI,43.4055,-82.8409
Sandusky,NY,42.4958,-78.3847
Sandusky,OH,41.4349,-82.7063
Sandwich,IL,41.6353,-88.6393
Sandwich,MA,41.6983,-70.4693
Sandy,OR,45.3790,-122.2230
Sandy,UT,40.5794,-111.8816
Sandy Creek,NY,43.6517,-76.1264
Sandy Hook,CT,41.4087,-73.2485
Sandy Hook,KY,38.1294,-83.1273
Sandy Hook,MS,31.0479,-89.8183
Sandy Hook,VA,37.7519,-77.9046
Sandy Lake,PA,41.3383,-80.0497
Sandy Level,VA,36.9910,-79.5614
Sandy Point,ME,44.5147,-68.8133
Sandy Point,VA,38.0606,-76.5336
Sandy Ridge,NC,36.4900,-80.0859
Sandy Ridge,PA,40.8147,-78.2358
Sandy Spring,MD,39.1503,-77.0291
Sandy Springs,SC,34.5953,-82.7500
Sandyville,OH,40.6403,-81.3725
Sandyville,WV,38.9093,-81.6543
Sanford,CO,37.2087,-105.9286
Sanford,FL,28.8013,-81.2850
Sanford,ME,43.4285,-70.7585
Sanford,MI,43.7204,-84.3954
Sanford,NC,35.4641,-79.1764
Sanford,TX,35.7019,-101.5342
Sanford,VA,37.9243,-75.6957
Sanger,CA,36.7243,-119.5478
Sanger,TX,33.3563,-97.1814
Sangerfield,NY,42.9139,-75.3794
Sangerville,ME,45.1406,-69.3218
Sanibel,FL,26.4514,-82.0868
Sanostee,NM,36.4247,-108.8736
Santa,ID,47.1503,-116.4481
Santa Ana,CA,33.7502,-117.8577
Santa Anna,TX,31.7215,-99.3212
Santa Barbara,CA,34.4197,-119.7078
Santa Clara,CA,37.3473,-121.9541
Santa Clara,NM,32.7798,-108.1627
Santa Clara,UT,37.1331,-113.6533
Santa Clarita,CA,34.4597,-118.4890
Santa Claus,IN,38.0945,-86.9035
Santa Cruz,CA,36.9829,-122.0436
Santa Cruz,NM,35.9860,-106.0318
Santa Elena,TX,26.7336,-98.5194
Santa Fe,MO,39.3989,-91.8294
Santa Fe,NM,35.7025,-105.9748
Santa Fe,TN,35.7588,-87.1515
Santa Fe,TX,29.3719,-95.0894
Santa Fe Springs,CA,33.9464,-118.0838
Santa Isabel,PR,17.9681,-66.4053
Santa Margarita,CA,35.3413,-120.3202
Santa Maria,CA,34.9545,-120.4325
Santa Maria,TX,26.0783,-97.8492
Santa Monica,CA,34.0176,-118.4907
Santa Paula,CA,34.3547,-119.0713
Santa Rita Park,CA,37.0475,-120.5942
Santa Rosa,CA,38.4431,-122.7517
Santa Rosa,NM,34.9333,-104.6822
Santa Rosa,TX,26.2555,-97.8257
Santa Rosa Beach,FL,30.3659,-86.2458
Santa Teresa,NM,31.8480,-106.6346
Santa Ynez,CA,34.6240,-120.0713
Santa Ysabel,CA,33.1476,-116.6963
Santaquin,UT,39.9804,-111.7938
Santee,CA,32.8486,-116.9862
Santee,SC,33.4835,-80.4805
Santiago,MN,45.5392,-93.8197
Santo,TX,32.5979,-98.1797
Santo Domingo Pueblo,NM,35.5139,-106.3613
Sapello,NM,35.7620,-105.1077
Sapelo Island,GA,31.4219,-81.2679
Sapphire,NC,35.0666,-83.0019
Sapulpa,OK,36.0030,-96.1106
Saragosa,TX,31.0239,-103.6611
Sarah,MS,34.6120,-90.1382
Sarah Ann,WV,37.7111,-81.9875
Sarahsville,OH,39.7938,-81.4678
Saraland,AL,30.8332,-88.0934
Saranac,MI,42.9285,-85.2299
Saranac,NY,44.7032,-73.7481
Saranac Lake,NY,44.3243,-74.1330
Sarasota,FL,27.3348,-82.5375
Sarasota,FL,27.4072,-82.5303
Saratoga,AR,33.7599,-93.8767
Saratoga,CA,37.2729,-122.0182
Saratoga,IN,40.2574,-84.9508
Saratoga,NC,35.6628,-77.7676
Saratoga,TX,30.3398,-94.5717
Saratoga,WY,41.4463,-106.7975
Saratoga Springs,NY,43.0801,-73.7806
Saratoga Springs,UT,40.3486,-111.9132
Sarcoxie,MO,37.0724,-94.1151
Sardinia,NY,42.5330,-78.5064
Sardinia,OH,38.9832,-83.7966
Sardinia,SC,33.8342,-80.0831
Sardis,AL,32.2844,-86.9920
Sardis,GA,32.9809,-81.7730
Sardis,MS,34.4276,-89.9221
Sardis,OH,39.6526,-80.9243
Sardis,TN,35.4386,-88.3058
Sarepta,LA,32.9434,-93.4404
Sargeant,MN,43.8090,-92.7595
Sargent,GA,33.4322,-84.8694
Sargent,NE,41.6508,-99.3816
Sargents,CO,38.4042,-106.4144
Sargentville,ME,44.3345,-68.7052
Sarita,TX,27.1496,-97.8576
Sarles,ND,48.9459,-98.9606
Sarona,WI,45.7085,-91.7621
Saronville,NE,40.6006,-97.8739
Sartell,MN,45.6318,-94.2136
Sarver,PA,40.7143,-79.7424
Sasabe,AZ,31.4886,-111.5414
Sasakwa,OK,34.9510,-96.5387
Sassafras,KY,37.2339,-83.0321
Sassamansville,PA,40.3419,-75.5725
Sasser,GA,31.7197,-84.3472
Satanta,KS,37.4409,-100.9691
Satartia,MS,32.6125,-90.5965
Satellite Beach,FL,28.1786,-80.5987
Satin,TX,31.3464,-97.0314
Satsop,WA,47.0033,-123.4822
Satsuma,AL,30.8516,-88.0533
Satsuma,FL,29.5594,-81.6406
Saucier,MS,30.5961,-89.1477
Saugatuck,MI,42.6426,-86.1941
Saugerties,NY,42.0738,-73.9797
Saugus,MA,42.4633,-71.0111
Sauk Centre,MN,45.7281,-94.9682
Sauk City,WI,43.2686,-89.7418
Sauk Rapids,MN,45.6040,-94.1591
Saukville,WI,43.3913,-87.9568
Saul,KY,37.2725,-83.4956
Saulsbury,TN,35.0498,-89.0769
Saulsville,WV,37.6556,-81.4577
Sault Sainte Marie,MI,46.4739,-84.3467
Saunderstown,RI,41.5105,-71.4427
Saunemin,IL,40.8885,-88.4094
Sauquoit,NY,43.0073,-75.2626
Sausalito,CA,37.8601,-122.4946
Sautee Nacoochee,GA,34.7162,-83.6931
Savage,MD,39.1380,-76.8218
Savage,MN,44.7615,-93.3434
Savage,MT,47.5194,-104.2845
Savanna,IL,42.0956,-90.1401
Savanna,OK,34.8289,-95.8436
Savannah,GA,32.0676,-81.1024
Savannah,MO,39.9168,-94.8267
Savannah,NY,43.0934,-76.7565
Savannah,OH,40.9454,-82.3443
Savannah,TN,35.2023,-88.2005
Saverton,MO,39.6464,-91.2681
Savery,WY,41.0395,-107.4234
Savona,NY,42.3041,-77.2083
Savonburg,KS,37.7517,-95.1545
Savoonga,AK,63.6797,-170.4709
Savoy,IL,40.0654,-88.2528
Savoy,MA,42.5770,-73.0233
Savoy,TX,33.6066,-96.3502
Sawyer,KS,37.5101,-98.6642
Sawyer,MI,41.8829,-86.5885
Sawyer,MN,46.7118,-92.6096
Sawyer,ND,48.0858,-101.0674
Sawyer,OK,34.0277,-95.3558
Sawyerville,AL,32.7578,-87.7402
Sawyerville,IL,39.0783,-89.8072
Saxapahaw,NC,35.9472,-79.3222
Saxe,VA,36.9057,-78.6057
Saxeville,WI,44.1761,-89.1144
Saxis,VA,37.9239,-75.7222
Saxon,WI,46.4959,-90.4383
Saxon,WV,37.7861,-81.4323
Saxonburg,PA,40.7361,-79.8352
Saxton,PA,40.2233,-78.2471
Saxtons River,VT,43.1379,-72.5081
Saybrook,IL,40.4320,-88.5247
Saylorsburg,PA,40.9172,-75.3748
Sayner,WI,45.9867,-89.5194
Sayre,AL,33.7122,-86.9744
Sayre,OK,35.3047,-99.6429
Sayre,PA,41.9842,-76.5218
Sayreville,NJ,40.4592,-74.3614
Sayville,NY,40.7461,-73.0823
Scales Mound,IL,42.4715,-90.2580
Scalf,KY,36.9175,-83.7266
Scaly Mountain,NC,35.0240,-83.3113
Scammon,KS,37.2711,-94.8520
Scammon Bay,AK,61.8450,-165.5819
Scandia,KS,39.7939,-97.7786
Scandia,MN,45.2697,-92.8292
Scandinavia,WI,44.4604,-89.1650
Scappoose,OR,45.7655,-122.8928
Scarborough,ME,43.5781,-70.3222
Scarbro,WV,37.9471,-81.2457
Scarsdale,NY,40.9884,-73.7976
Scarville,IA,43.4673,-93.6423
Scenery Hill,PA,40.0994,-80.0914
Scenic,SD,43.7994,-102.5353
Schaefferstown,PA,40.2983,-76.2947
Schaghticoke,NY,42.9144,-73.6154
Schaller,IA,42.5055,-95.2846
Schaumburg,IL,42.0333,-88.0833
Schell City,MO,38.0094,-94.1579
Scheller,IL,38.1731,-89.0927
Schellsburg,PA,40.0487,-78.6482
Schenectady,NY,42.8155,-73.9395
Schenevus,NY,42.5900,-74.8149
Schenley,PA,40.6844,-79.6619
Schererville,IN,41.4922,-87.4605
Schertz,TX,29.5682,-98.2722
Schiller Park,IL,41.9563,-87.8692
Schlater,MS,33.6244,-90.3620
Schleswig,IA,42.1646,-95.4443
Schley,VA,37.3894,-76.4553
Schnecksville,PA,40.6819,-75.6239
Schneider,IN,41.1869,-87.4483
Schnellville,IN,38.3414,-86.7565
Schodack Landing,NY,42.4816,-73.7480
Schoenchen,KS,38.7481,-99.3869
Schofield,WI,44.9064,-89.5818
Schofield Barracks,HI,21.4975,-158.0631
Schoharie,NY,42.6615,-74.3047
Schoolcraft,MI,42.1329,-85.6637
Schooleys Mountain,NJ,40.7992,-74.8142
Schriever,LA,29.7123,-90.8513
Schroeder,MN,47.5422,-90.9338
Schroon Lake,NY,43.8412,-73.7674
Schulenburg,TX,29.6882,-96.9106
Schulter,OK,35.5144,-95.9564
Schurz,NV,38.9575,-118.7756
Schuyler,NE,41.4591,-97.0628
Schuyler,VA,37.7976,-78.6925
Schuyler Falls,NY,44.5882,-73.6895
Schuyler Lake,NY,42.7803,-75.0283
Schuylerville,NY,43.0878,-73.6007
Schuylkill Haven,PA,40.6306,-76.1700
Schwenksville,PA,40.2471,-75.4602
Schwertner,TX,30.8153,-97.5139
Science Hill,KY,37.1683,-84.6487
Scio,NY,42.1697,-77.9900
Scio,OH,40.4012,-81.1016
Scio,OR,44.7168,-122.7684
Sciota,IL,40.5674,-90.7080
Sciota,PA,40.9283,-75.2938
Scioto Furnace,OH,38.7986,-82.7650
Scipio,IN,39.0665,-85.7129
Scipio,UT,39.2450,-112.1033
Scipio Center,NY,42.7785,-76.5742
Scituate,MA,42.2032,-70.7525
Scobey,MS,33.9253,-89.8910
Scobey,MT,48.7854,-105.4170
Scooba,MS,32.8402,-88.4883
Scotch Plains,NJ,40.6422,-74.3817
Scotia,CA,40.4547,-124.0391
Scotia,NE,41.4837,-98.6893
Scotia,SC,32.6808,-81.2436
Scotland,AR,35.5080,-92.5867
Scotland,CT,41.6898,-72.0783
Scotland,GA,32.0486,-82.8172
Scotland,IN,38.9128,-86.9039
Scotland,MD,38.0828,-76.3477
Scotland,PA,39.9686,-77.5875
Scotland,SD,43.1212,-97.7296
Scotland,TX,33.6535,-98.4650
Scotland Neck,NC,36.1301,-77.4273
Scotrun,PA,41.0751,-75.3265
Scott,AR,34.6942,-92.1157
Scott,LA,30.2504,-92.0981
Scott,MS,33.5917,-91.0742
Scott,OH,40.9892,-84.5845
Scott Air Force Base,IL,38.5469,-89.8588
Scott Bar,CA,41.7736,-122.9882
Scott City,KS,38.4799,-100.8993
Scott City,MO,37.2077,-89.5181
Scott Depot,WV,38.4501,-81.9005
Scottdale,GA,33.7934,-84.2585
Scottdale,PA,40.1029,-79.5930
Scottown,OH,38.5940,-82.3967
Scotts,MI,42.1819,-85.4685
Scotts,NC,35.8428,-81.0094
Scotts Hill,TN,35.5050,-88.2405
Scotts Mills,OR,45.0220,-122.6654
Scotts Valley,CA,37.0578,-122.0150
Scottsbluff,NE,41.8720,-103.6619
Scottsboro,AL,34.6723,-86.0513
Scottsburg,IN,38.6885,-85.7987
Scottsburg,NY,42.6589,-77.6826
Scottsburg,OR,43.6765,-123.8041
Scottsburg,VA,36.7862,-78.7866
Scottsdale,AZ,33.5218,-111.9049
Scottsmoor,FL,28.7667,-80.8783
Scottsville,KY,36.7614,-86.1929
Scottsville,NY,43.0246,-77.7743
Scottsville,TX,32.5403,-94.2381
Scottsville,VA,37.8049,-78.4740
Scottville,IL,39.4782,-90.0969
Scottville,MI,43.9767,-86.3156
Scottville,NC,36.4833,-81.3119
Scranton,AR,35.3308,-93.5394
Scranton,IA,42.0124,-94.5518
Scranton,KS,38.7880,-95.7480
Scranton,NC,35.5250,-76.4917
Scranton,ND,46.1399,-103.1447
Scranton,PA,41.3731,-75.6841
Scranton,SC,33.9281,-79.7731
Screven,GA,31.5168,-82.0397
Scribner,NE,41.6630,-96.6441
Scroggins,TX,32.9912,-95.2397
Scuddy,KY,37.2122,-83.0932
Scurry,TX,32.4818,-96.3925
Sea Cliff,NY,40.8460,-73.6436
Sea Girt,NJ,40.1345,-74.0436
Sea Island,GA,31.1953,-81.3366
Sea Isle City,NJ,39.1449,-74.7014
Seabeck,WA,47.6255,-122.8227
Seaboard,NC,36.4886,-77.4113
Seabrook,NH,42.8854,-70.8646
Seabrook,SC,32.5269,-80.7408
Seabrook,TX,29.5729,-95.0287
Seadrift,TX,28.4101,-96.7023
Seaford,DE,38.6404,-75.6041
Seaford,NY,40.6795,-73.4910
Seaford,VA,37.1885,-76.4290
Seaforth,MN,44.4905,-95.2978
Seagoville,TX,32.6525,-96.5580
Seagraves,TX,32.9317,-102.5781
Seagrove,NC,35.5283,-79.6979
Seahurst,WA,47.4694,-122.3608
Seal Beach,CA,33.7610,-118.0843
Seal Cove,ME,44.2858,-68.3992
Seal Harbor,ME,44.3031,-68.2408
Seal Rock,OR,44.4777,-124.0607
Seale,AL,32.3053,-85.1677
Sealevel,NC,34.8769,-76.3898
Sealston,VA,38.2614,-77.3322
Sealy,TX,29.7826,-96.1592
Seaman,OH,38.9621,-83.5936
Seanor,PA,40.2312,-78.8909
Searchlight,NV,35.4476,-114.9242
Searcy,AR,35.2535,-91.7629
Searles,MN,44.2286,-94.4344
Sears,MI,43.9017,-85.1882
Searsboro,IA,41.5656,-92.6987
Searsmont,ME,44.3770,-69.2196
Searsport,ME,44.4877,-68.9311
Seaside,CA,36.6092,-121.8357
Seaside,OR,45.9695,-123.8788
Seaside Heights,NJ,39.9466,-74.0765
Seaside Park,NJ,39.9222,-74.0795
Seaton,IL,41.0732,-90.8257
Seatonville,IL,41.3647,-89.2764
Seattle,WA,47.6114,-122.3305
Seaview,VA,37.2617,-75.9461
Seaview,WA,46.3347,-124.0533
Sebago,ME,43.8822,-70.6339
Sebago Lake,ME,43.7584,-70.5735
Sebasco Estates,ME,43.7693,-69.8576
Sebastian,FL,27.7901,-80.4784
Sebastian,FL,27.8781,-80.5161
Sebastian,TX,26.3452,-97.7747
Sebastopol,CA,38.3915,-122.8385
Sebastopol,MS,32.5728,-89.3350
Sebec,ME,45.3069,-69.0339
Sebeka,MN,46.6306,-95.0681
Sebewaing,MI,43.7289,-83.4366
Sebree,KY,37.5889,-87.5255
Sebring,FL,27.4924,-81.4357
Sebring,OH,40.9227,-81.0232
Secaucus,NJ,40.7910,-74.0634
Seco,KY,37.1765,-82.7358
Second Mesa,AZ,35.9038,-110.6472
Secondcreek,WV,37.6602,-80.4181
Secor,IL,40.7224,-89.1271
Secretary,MD,38.6092,-75.9478
Section,AL,34.5433,-85.9940
Sedalia,CO,39.3301,-105.0083
Sedalia,IN,40.4156,-86.5147
Sedalia,KY,36.5882,-88.5948
Sedalia,MO,38.6961,-93.2323
Sedalia,NC,36.0672,-79.6208
Sedalia,OH,39.7325,-83.4753
Sedan,KS,37.1297,-96.1732
Sedan,NM,36.2260,-103.1449
Sedgewickville,MO,37.5370,-89.9272
Sedgwick,AR,35.9860,-90.8801
Sedgwick,CO,40.9103,-102.5291
Sedgwick,KS,37.8693,-97.4024
Sedgwick,ME,44.3355,-68.6377
Sedley,VA,36.7908,-77.0125
Sedona,AZ,34.8266,-111.7506
Sedona,AZ,34.8697,-111.7602
Sedro Woolley,WA,48.5274,-122.2329
Seekonk,MA,41.8378,-71.3224
Seeley,CA,32.7931,-115.6903
Seeley Lake,MT,47.1789,-113.4810
Seelyville,IN,39.4919,-87.2672
Seffner,FL,27.9833,-82.2758
Seguin,TX,29.5613,-97.9628
Seiad Valley,CA,41.8866,-123.2438
Seibert,CO,39.3183,-102.8822
Seiling,OK,36.1278,-98.8875
Sekiu,WA,48.3032,-124.4685
Selah,WA,46.6767,-120.5408
Selawik,AK,65.7135,-158.5343
Selby,SD,45.4786,-100.0541
Selbyville,DE,38.4654,-75.1573
Selbyville,WV,38.7194,-80.3130
Selden,KS,39.5216,-100.5257
Selden,NY,40.8699,-73.0448
Seldovia,AK,59.4367,-151.7083
Selfridge,ND,46.0351,-101.1502
Seligman,AZ,35.3212,-112.9548
Seligman,MO,36.5276,-93.9359
Selinsgrove,PA,40.8224,-76.8683
Selkirk,NY,42.5486,-73.8129
Sellers,SC,34.2695,-79.4369
Sellersburg,IN,38.3903,-85.7635
Sellersville,PA,40.3620,-75.3190
Sells,AZ,32.0316,-111.9222
Selma,AL,32.4197,-87.0245
Selma,CA,36.5695,-119.6170
Selma,IA,40.8519,-92.1107
Selma,IN,40.1693,-85.2738
Selma,NC,35.5565,-78.2640
Selma,OR,42.2964,-123.5684
Selma,VA,37.8064,-79.8483
Selman City,TX,32.1873,-94.9508
Selmer,TN,35.1691,-88.5958
Seltzer,PA,40.6953,-76.2342
Seminary,MS,31.5285,-89.4816
Seminole,AL,30.5048,-87.4659
Seminole,FL,27.8438,-82.7947
Seminole,OK,35.2244,-96.6703
Seminole,PA,40.9547,-79.3431
Seminole,TX,32.7210,-102.6828
Semmes,AL,30.7544,-88.2667
Semora,NC,36.5114,-79.0942
Senath,MO,36.1324,-90.1632
Senatobia,MS,34.6323,-89.8855
Seneca,IL,41.3152,-88.6100
Seneca,KS,39.8398,-96.0595
Seneca,MO,36.8442,-94.5594
Seneca,NE,41.9901,-100.8073
Seneca,OR,44.1277,-119.0578
Seneca,PA,41.3744,-79.6759
Seneca,SC,34.7347,-82.9482
Seneca,SD,45.0262,-99.4610
Seneca,WI,43.2650,-90.9583
Seneca Castle,NY,42.8869,-77.0964
Seneca Falls,NY,42.9094,-76.7925
Seneca Rocks,WV,38.8296,-79.3866
Senecaville,OH,39.9337,-81.4580
Seney,MI,46.3880,-85.9708
Senoia,GA,33.2845,-84.5918
Sentinel,OK,35.1617,-99.1706
Sentinel Butte,ND,46.8305,-103.8001
Sequatchie,TN,35.1634,-85.6371
Sequim,WA,48.0881,-123.1198
Sequoia National Park,CA,36.5739,-118.7723
Serafina,NM,35.3933,-105.3167
Serena,IL,41.4995,-88.7509
Sergeant Bluff,IA,42.4019,-96.3534
Sergeantsville,NJ,40.4458,-74.9439
Servia,IN,40.9567,-85.7406
Sesser,IL,38.0894,-89.0574
Seth,WV,38.0971,-81.6393
Seven Mile,OH,39.4800,-84.5519
Seven Springs,NC,35.2105,-77.9146
Seven Valleys,PA,39.8556,-76.7383
Severance,CO,40.5242,-104.8506
Severance,NY,43.8769,-73.7301
Severn,MD,39.1275,-76.6980
Severn,NC,36.5150,-77.1900
Severn,VA,37.2942,-76.4158
Severna Park,MD,39.0811,-76.5577
Severy,KS,37.6499,-96.2298
Sevier,UT,38.5907,-112.3921
Sevierville,TN,35.8452,-83.5386
Seville,FL,29.3201,-81.5279
Seville,GA,31.9603,-83.6011
Seville,OH,41.0227,-81.8562
Sewanee,TN,35.2011,-85.9126
Seward,AK,60.1329,-149.3985
Seward,IL,42.2389,-89.3578
Seward,NE,40.9066,-97.0966
Seward,PA,40.4099,-79.0232
Sewaren,NJ,40.5542,-74.2607
Sewell,NJ,39.7473,-75.0899
Sewickley,PA,40.5570,-80.1578
Sextons Creek,KY,37.2733,-83.7984
Sextonville,WI,43.2783,-90.2908
Seymour,CT,41.3862,-73.0817
Seymour,IA,40.6724,-93.1368
Seymour,IL,40.1035,-88.3944
Seymour,IN,38.9571,-85.8825
Seymour,MO,37.1667,-92.7857
Seymour,TN,35.8700,-83.7495
Seymour,TX,33.5914,-99.2587
Seymour,WI,44.5091,-88.3172
Shabbona,IL,41.7638,-88.8752
Shacklefords,VA,37.5698,-76.7269
Shade,OH,39.2129,-82.0218
Shade Gap,PA,40.1730,-77.8680
Shady Cove,OR,42.6076,-122.8122
Shady Dale,GA,33.4014,-83.7040
Shady Grove,FL,30.2878,-83.6319
Shady Grove,PA,39.7778,-77.6689
Shady Point,OK,35.1293,-94.6665
Shady Side,MD,38.8368,-76.5109
Shady Spring,WV,37.6978,-81.1023
Shady Valley,TN,36.5272,-81.9068
Shadyside,OH,39.9675,-80.7643
Shafer,MN,45.3576,-92.7609
Shafter,CA,35.4970,-119.2801
Shaftsburg,MI,42.8047,-84.2931
Shaftsbury,VT,42.9614,-73.2166
Shageluk,AK,62.6611,-159.5282
Shakopee,MN,44.7793,-93.5197
Shaktoolik,AK,64.3755,-161.1746
Shalimar,FL,30.4456,-86.5717
Shallotte,NC,33.9430,-78.4107
Shallowater,TX,33.6919,-101.9836
Shambaugh,IA,40.6757,-95.0636
Shamokin,PA,40.7903,-76.5611
Shamokin Dam,PA,40.8486,-76.8200
Shamrock,OK,35.9100,-96.5836
Shamrock,TX,35.2206,-100.2622
Shandaken,NY,42.1084,-74.4091
Shandon,CA,35.6513,-120.3720
Shandon,OH,39.3264,-84.7147
Shaniko,OR,45.0472,-120.8070
Shanks,WV,39.2849,-78.6995
Shanksville,PA,40.0178,-78.9075
Shannock,RI,41.4483,-71.6372
Shannon,AL,33.4053,-86.8719
Shannon,GA,34.3367,-85.0714
Shannon,IL,42.1610,-89.7481
Shannon,MS,34.1210,-88.7342
Shannon,NC,34.8988,-79.1806
Shannon City,IA,40.9366,-94.2501
Shapleigh,ME,43.5674,-70.8286
Sharon,CT,41.8714,-73.4578
Sharon,GA,33.5597,-82.7950
Sharon,KS,37.2492,-98.4142
Sharon,MA,42.1094,-71.1759
Sharon,MS,32.6583,-89.9361
Sharon,ND,47.6062,-97.9051
Sharon,OK,36.2699,-99.3587
Sharon,PA,41.2316,-80.4993
Sharon,SC,34.9084,-81.3729
Sharon,TN,36.2395,-88.8477
Sharon,VT,43.7748,-72.4243
Sharon,WI,42.5194,-88.7265
Sharon Center,OH,41.0997,-81.7358
Sharon Grove,KY,36.9278,-87.1003
Sharon Hill,PA,39.9035,-75.2695
Sharon Springs,KS,38.8857,-101.7431
Sharon Springs,NY,42.7634,-74.5919
Sharpes,FL,28.4319,-80.7603
Sharples,WV,37.9203,-81.8294
Sharps,VA,37.8239,-76.7011
Sharps Chapel,TN,36.3685,-83.8127
Sharpsburg,GA,33.4013,-84.6540
Sharpsburg,IA,40.7950,-94.6416
Sharpsburg,KY,38.2147,-83.8932
Sharpsburg,MD,39.4424,-77.7511
Sharpsburg,NC,35.8669,-77.8294
Sharpsburg,OH,39.4358,-81.9117
Sharpsville,IN,40.3732,-86.1086
Sharpsville,PA,41.2676,-80.4656
Sharptown,MD,38.5425,-75.7197
Shartlesville,PA,40.5128,-76.1047
Shasta,CA,40.6109,-122.4968
Shasta Lake,CA,40.6803,-122.3654
Shattuck,OK,36.2889,-99.8793
Shauck,OH,40.6208,-82.6619
Shaver Lake,CA,37.1397,-119.2730
Shavertown,PA,41.2998,-75.9711
Shaw,MS,33.5874,-90.8143
Shaw A F B,SC,33.9803,-80.4811
Shaw Island,WA,48.5844,-122.9278
Shawanee,TN,36.5806,-83.6389
Shawanese,PA,41.3514,-76.0344
Shawano,WI,44.7851,-88.6036
Shawboro,NC,36.3779,-76.0945
Shawmut,ME,44.6278,-69.5869
Shawmut,MT,46.3869,-109.5974
Shawnee,CO,39.4211,-105.5536
Shawnee,KS,39.0198,-94.7083
Shawnee,OH,39.6110,-82.2085
Shawnee,OK,35.3491,-96.9313
Shawnee,WY,42.8395,-105.0324
Shawnee Mission,KS,38.9566,-94.7847
Shawnee On Delaware,PA,41.0122,-75.1111
Shawneetown,IL,37.7132,-88.1785
Shawsville,VA,37.1466,-80.2715
Shawville,PA,41.0692,-78.3583
Sheakleyville,PA,41.4428,-80.2081
Sheboygan,WI,43.7410,-87.7247
Sheboygan Falls,WI,43.7266,-87.8242
Shedd,OR,44.4530,-123.1065
Sheep Ranch,CA,38.2094,-120.4631
Sheep Springs,NM,36.1433,-108.7067
Sheffield,AL,34.7578,-87.6971
Sheffield,IA,42.8779,-93.2156
Sheffield,IL,41.3949,-89.7115
Sheffield,MA,42.1001,-73.3611
Sheffield,PA,41.7005,-79.0348
Sheffield,TX,30.6935,-101.8600
Sheffield,VT,44.6178,-72.1239
Sheffield Lake,OH,41.4823,-82.0965
Shelbiana,KY,37.3755,-82.4553
Shelbina,MO,39.6947,-92.0371
Shelburn,IN,39.2099,-87.3612
Shelburne,VT,44.3900,-73.2171
Shelburne Falls,MA,42.6022,-72.7391
Shelby,AL,33.0785,-86.5536
Shelby,IA,41.5339,-95.4469
Shelby,IN,41.1953,-87.3478
Shelby,MI,43.6079,-86.3615
Shelby,MS,33.9491,-90.7625
Shelby,MT,48.5037,-111.8391
Shelby,NC,35.3471,-81.5816
Shelby,NE,41.2435,-97.4295
Shelby,OH,40.8784,-82.6549
Shelby Gap,KY,37.2327,-82.5751
Shelbyville,IL,39.4049,-88.8046
Shelbyville,IN,39.5043,-85.7875
Shelbyville,KY,38.2162,-85.2243
Shelbyville,MI,42.5936,-85.6282
Shelbyville,MO,39.8108,-92.0498
Shelbyville,TN,35.4883,-86.4634
Shelbyville,TX,31.7131,-93.9698
Sheldahl,IA,41.8644,-93.6969
Sheldon,IA,43.1808,-95.8401
Sheldon,IL,40.7803,-87.5736
Sheldon,MO,37.6840,-94.2548
Sheldon,ND,46.5548,-97.4543
Sheldon,SC,32.6014,-80.7933
Sheldon,VT,44.8872,-72.9530
Sheldon,WI,45.3182,-90.9141
Sheldon Springs,VT,44.9061,-72.9781
Sheldonville,MA,42.0347,-71.3875
Shell,WY,44.5636,-107.8243
Shell Knob,MO,36.6167,-93.6249
Shell Lake,WI,45.7536,-91.9606
Shell Rock,IA,42.7061,-92.5888
Shelley,ID,43.3769,-112.1075
Shellman,GA,31.7561,-84.6153
Shellsburg,IA,42.0848,-91.8746
Shelly,MN,47.4554,-96.7838
Shelocta,PA,40.6388,-79.3191
Shelter Island,NY,41.0640,-72.3366
Shelter Island Heights,NY,41.0742,-72.3481
Shelton,CT,41.3047,-73.1294
Shelton,NE,40.7717,-98.7435
Shelton,WA,47.2086,-123.0729
Shenandoah,IA,40.7581,-95.3648
Shenandoah,PA,40.8167,-76.2035
Shenandoah,VA,38.5010,-78.6090
Shenandoah Junction,WV,39.3711,-77.8892
Shenorock,NY,41.3317,-73.7386
Shepardsville,IN,39.6008,-87.4175
Shepherd,MI,43.5657,-84.5873
Shepherd,MT,45.9461,-108.3426
Shepherd,TX,30.4834,-95.0929
Shepherdstown,WV,39.4311,-77.8158
Shepherdsville,KY,38.0045,-85.6888
Sheppard Afb,TX,33.9824,-98.5088
Sheppton,PA,40.8881,-76.1380
Sherard,MS,34.2156,-90.7061
Sherborn,MA,42.2331,-71.3787
Sherburn,MN,43.6611,-94.7269
Sherburne,NY,42.6859,-75.4830
Sheridan,AR,34.3165,-92.3657
Sheridan,CA,38.9915,-121.3621
Sheridan,IL,41.5164,-88.6706
Sheridan,IN,40.1104,-86.2367
Sheridan,ME,46.6572,-68.4056
Sheridan,MI,43.2126,-85.0468
Sheridan,MO,40.4928,-94.5701
Sheridan,MT,45.4230,-112.1735
Sheridan,NY,42.4883,-79.2375
Sheridan,OR,45.0897,-123.4003
Sheridan,TX,29.4933,-96.6708
Sheridan,WY,44.7849,-106.9648
Sheridan Lake,CO,38.4622,-102.2954
Sherman,CT,41.5714,-73.4947
Sherman,IL,39.8895,-89.6025
Sherman,ME,45.8777,-68.3696
Sherman,MS,34.3592,-88.8411
Sherman,NY,42.1631,-79.5857
Sherman,TX,33.6435,-96.6075
Sherman Oaks,CA,34.1514,-118.4603
Shermans Dale,PA,40.3299,-77.1809
Sherrard,IL,41.3027,-90.4939
Sherrill,AR,34.3581,-91.9933
Sherrill,IA,42.6171,-90.8115
Sherrill,NY,43.0704,-75.5990
Sherrills Ford,NC,35.5962,-81.0339
Sherrodsville,OH,40.5184,-81.2339
Sherwood,AR,34.8593,-92.2142
Sherwood,MD,38.7374,-76.3278
Sherwood,MI,42.0107,-85.2408
Sherwood,ND,48.9576,-101.6970
Sherwood,OH,41.2946,-84.5417
Sherwood,OR,45.3514,-122.8567
Sherwood,TN,35.0992,-85.9238
Sherwood,WI,44.1736,-88.2597
Shevlin,MN,47.5004,-95.2450
Sheyenne,ND,47.8184,-99.0583
Shickley,NE,40.4077,-97.7143
Shickshinny,PA,41.1767,-76.1671
Shidler,OK,36.8149,-96.6750
Shields,ND,46.1838,-101.2589
Shiloh,GA,32.8067,-84.7412
Shiloh,NC,36.2584,-76.0432
Shiloh,NJ,39.4589,-75.2994
Shiloh,OH,40.9340,-82.5222
Shiloh,TN,35.1195,-88.3507
Shiner,TX,29.4280,-97.1640
Shingle Springs,CA,38.6656,-120.9759
Shinglehouse,PA,41.9572,-78.1906
Shingleton,MI,46.3512,-86.4823
Shingletown,CA,40.5050,-121.8857
Shinhopple,NY,42.0386,-75.0681
Shinnston,WV,39.3888,-80.2834
Shiocton,WI,44.4972,-88.5562
Shipman,IL,39.1242,-90.0487
Shipman,VA,37.7480,-78.8246
Shippensburg,PA,40.0514,-77.5195
Shippenville,PA,41.2475,-79.4332
Shippingport,PA,40.6260,-80.4199
Shiprock,NM,36.6560,-108.7355
Shipshewana,IN,41.6633,-85.5932
Shirland,IL,42.4444,-89.1975
Shirley,AR,35.5733,-92.2975
Shirley,IL,40.4174,-89.0822
Shirley,IN,39.9158,-85.5182
Shirley,MA,42.5587,-71.6464
Shirley,NY,40.7439,-72.8760
Shirley,WV,39.3981,-80.7653
Shirley Basin,WY,42.2228,-106.5219
Shirley Mills,ME,45.3656,-69.6186
Shirleysburg,PA,40.3168,-77.8701
Shiro,TX,30.6131,-95.8881
Shishmaref,AK,66.2306,-166.1373
Shoals,IN,38.6791,-86.7761
Shoals,WV,38.3269,-82.4753
Shobonier,IL,38.8446,-89.0790
Shock,WV,38.7575,-80.9687
Shoemakersville,PA,40.4955,-75.9603
Shohola,PA,41.4182,-74.9180
Shokan,NY,41.9767,-74.2119
Shongaloo,LA,32.9713,-93.2963
Shonto,AZ,36.6159,-110.6477
Shook,MO,37.0770,-90.3006
Shoreham,NY,40.9485,-72.8927
Shoreham,VT,43.8862,-73.3054
Shorewood,IL,41.5074,-88.2169
Short Creek,WV,40.1856,-80.6747
Short Hills,NJ,40.7368,-74.3271
Shorter,AL,32.3836,-85.9162
Shorterville,AL,31.6256,-85.1458
Shortsville,NY,42.9690,-77.2273
Shortt Gap,VA,37.1572,-81.8731
Shoshone,CA,35.8992,-116.2645
Shoshone,ID,42.9474,-114.3822
Shoshoni,WY,43.2457,-108.1007
Shoup,ID,45.1851,-114.4060
Show Low,AZ,34.0601,-110.0546
Showell,MD,38.3978,-75.2153
Shreve,OH,40.6926,-82.0325
Shreveport,LA,32.5037,-93.7487
Shrewsbury,MA,42.2848,-71.7205
Shrewsbury,NJ,40.3282,-74.0589
Shrewsbury,PA,39.7601,-76.6748
Shrub Oak,NY,41.3286,-73.8273
Shubert,NE,40.2325,-95.6895
Shubuta,MS,31.9031,-88.7259
Shullsburg,WI,42.5786,-90.2266
Shumway,IL,39.1881,-88.6418
Shungnak,AK,66.9581,-157.6135
Shunk,PA,41.5536,-76.7455
Shuqualak,MS,32.9769,-88.5594
Shushan,NY,43.1106,-73.3231
Shutesbury,MA,42.4820,-72.4213
Siasconset,MA,41.2625,-69.9667
Sibley,IA,43.4069,-95.7424
Sibley,IL,40.5823,-88.3815
Sibley,LA,32.5095,-93.3009
Sibley,MO,39.1627,-94.1990
Sibley,MS,31.3792,-91.3986
Sicily Island,LA,31.8507,-91.6807
Sicklerville,NJ,39.7354,-74.9864
Side Lake,MN,47.6653,-93.0156
Sidell,IL,39.9110,-87.8248
Sidman,PA,40.3299,-78.7460
Sidnaw,MI,46.5047,-88.7083
Sidney,AR,35.9916,-91.6346
Sidney,IA,40.7507,-95.6403
Sidney,IL,40.0232,-88.0690
Sidney,KY,37.5802,-82.3387
Sidney,MI,43.2358,-85.1207
Sidney,MT,47.7130,-104.1634
Sidney,NE,41.1428,-102.9775
Sidney,NY,42.3074,-75.3908
Sidney,OH,40.2874,-84.1622
Sidney,TX,31.9320,-98.7680
Sidney Center,NY,42.2441,-75.2871
Sidon,MS,33.4095,-90.1779
Sieper,LA,31.1970,-92.7698
Sierra Blanca,TX,31.1938,-105.3219
Sierra City,CA,39.5592,-120.6241
Sierra Madre,CA,34.1651,-118.0519
Sierra Vista,AZ,31.5365,-110.2666
Sierraville,CA,39.5943,-120.3478
Sigel,IL,39.2176,-88.4803
Sigel,PA,41.3099,-79.0540
Signal Hill,CA,33.8037,-118.1688
Signal Mountain,TN,35.1494,-85.3362
Sigourney,IA,41.3301,-92.2019
Sigurd,UT,38.8406,-111.9669
Sikes,LA,32.0686,-92.4429
Sikeston,MO,36.8911,-89.5820
Silas,AL,31.7668,-88.3091
Siler,KY,36.7204,-83.9642
Siler City,NC,35.7354,-79.4566
Silerton,TN,35.3403,-88.8061
Siletz,OR,44.7313,-123.9062
Silex,MO,39.1166,-91.0370
Siloam,GA,33.5367,-83.0811
Siloam,NC,36.3002,-80.5772
Siloam Springs,AR,36.1800,-94.5280
Silsbee,TX,30.3244,-94.1907
Silt,CO,39.5415,-107.6574
Siluria,AL,33.2442,-86.8164
Silva,MO,37.2119,-90.4375
Silvana,WA,48.2025,-122.2525
Silver,TX,32.0484,-100.6922
Silver Bay,MN,47.2999,-91.2778
Silver Bay,NY,43.6978,-73.5071
Silver Beach,MA,42.6403,-70.6375
Silver City,IA,41.1130,-95.6269
Silver City,MS,33.0507,-90.4928
Silver City,NM,32.7900,-108.2749
Silver City,NV,39.2636,-119.6394
Silver Creek,GA,34.1593,-85.1429
Silver Creek,MN,45.3265,-93.9496
Silver Creek,MS,31.5755,-90.0173
Silver Creek,NE,41.3190,-97.6671
Silver Creek,NY,42.5357,-79.1628
Silver Creek,WA,46.5491,-122.4757
Silver Gate,MT,45.0069,-109.9889
Silver Grove,KY,39.0343,-84.3908
Silver Lake,IN,41.0743,-85.8792
Silver Lake,KS,39.1102,-95.8552
Silver Lake,MN,44.9139,-94.1974
Silver Lake,NH,43.8790,-71.1905
Silver Lake,NY,42.7017,-78.0222
Silver Lake,OR,43.2582,-120.7801
Silver Lake,WI,42.5461,-88.1656
Silver Plume,CO,39.6961,-105.7253
Silver Point,TN,36.1006,-85.7338
Silver Spring,MD,39.0191,-77.0076
Silver Spring,PA,40.0642,-76.4375
Silver Springs,FL,29.2076,-81.9219
Silver Springs,NV,39.3800,-119.2705
Silver Springs,NY,42.6694,-78.0930
Silver Star,MT,45.7571,-112.1776
Silverado,CA,33.7461,-117.6361
Silverdale,PA,40.3475,-75.2714
Silverdale,WA,47.6920,-122.7161
Silverhill,AL,30.5222,-87.7457
Silverlake,WA,46.3163,-122.7649
Silverpeak,NV,37.7644,-117.9459
Silverstreet,SC,34.2356,-81.7037
Silverthorne,CO,39.6375,-106.0614
Silverton,CO,37.8090,-107.6667
Silverton,ID,47.4931,-115.9544
Silverton,OR,44.9910,-122.7627
Silverton,TX,34.4641,-101.3169
Silverwood,MI,43.3141,-83.2720
Silvis,IL,41.5007,-90.4126
Simi Valley,CA,34.2694,-118.7805
Simla,CO,39.1465,-104.0862
Simmesport,LA,30.9771,-91.8259
Simms,MT,47.4917,-111.9272
Simms,TX,33.4987,-94.6039
Simon,WV,37.6197,-81.7586
Simonton,TX,29.6792,-95.9769
Simpson,IL,37.4630,-88.7625
Simpson,KS,39.3731,-97.9489
Simpson,LA,31.2456,-93.0153
Simpson,NC,35.5750,-77.2789
Simpson,WV,39.2667,-80.0936
Simpsonville,KY,38.2312,-85.3548
Simpsonville,MD,39.1867,-76.8822
Simpsonville,SC,34.7369,-82.2544
Sims,AR,34.6462,-93.6741
Sims,IL,38.3923,-88.5306
Sims,NC,35.7435,-78.0859
Simsboro,LA,32.5384,-92.7995
Simsbury,CT,41.8737,-72.8213
Sinai,SD,44.2397,-97.0543
Sinclair,ME,47.1744,-68.2679
Sinclair,WY,41.7797,-107.1091
Sinclairville,NY,42.2455,-79.2673
Singer,LA,30.5329,-93.4650
Singers Glen,VA,38.5525,-78.9136
Sinking Spring,OH,39.0728,-83.3869
Sinks Grove,WV,37.6621,-80.5169
Sinnamahoning,PA,41.3762,-78.0661
Sinsinawa,WI,42.5236,-90.5392
Sinton,TX,28.0339,-97.5196
Sioux Center,IA,43.0814,-96.1800
Sioux City,IA,42.4972,-96.4029
Sioux Falls,SD,43.4880,-96.7343
Sioux Falls,SD,43.6017,-96.7051
Sioux Rapids,IA,42.9065,-95.1388
Sipesville,PA,40.0992,-79.0914
Sipsey,AL,33.8247,-87.0861
Siren,WI,45.7821,-92.3892
Sisseton,SD,45.6644,-97.0232
Sister Bay,WI,45.1875,-87.1139
Sisters,OR,44.3073,-121.5241
Sistersville,WV,39.5584,-80.9818
Sitka,AK,57.0514,-135.3166
Sitka,KY,37.8922,-82.8446
Six Lakes,MI,43.4337,-85.1416
Six Mile,SC,34.8283,-82.8278
Six Mile Run,PA,40.1576,-78.2108
Sixes,OR,42.8250,-124.4409
Sizerock,KY,37.1608,-83.3733
Skagway,AK,59.4685,-135.3018
Skamokawa,WA,46.2952,-123.4332
Skandia,MI,46.3490,-87.2481
Skaneateles,NY,42.9258,-76.4052
Skaneateles Falls,NY,42.9931,-76.4564
Skanee,MI,46.8747,-88.1732
Skellytown,TX,35.5685,-101.1721
Skelton,WV,37.8106,-81.1875
Skiatook,OK,36.3725,-96.0123
Skidmore,MO,40.2896,-95.0792
Skidmore,TX,28.2306,-97.6661
Skillman,NJ,40.4173,-74.6938
Skippack,PA,40.2228,-75.3992
Skippers,VA,36.5797,-77.5437
Skipperville,AL,31.5516,-85.5496
Skipwith,VA,36.7317,-78.5306
Skokie,IL,42.0362,-87.7328
Skowhegan,ME,44.7772,-69.6976
Skull Valley,AZ,34.5053,-112.6847
Skwentna,AK,61.9583,-151.1817
Skyforest,CA,34.2353,-117.1783
Skykomish,WA,47.6922,-121.3713
Skyland,NC,35.4892,-82.5244
Skytop,PA,41.2278,-75.2386
Slab Fork,WV,37.6796,-81.2279
Slade,KY,37.7890,-83.6849
Slagle,LA,31.2022,-93.1272
Slanesville,WV,39.4026,-78.5060
Slate Hill,NY,41.3760,-74.4847
Slate Run,PA,41.4728,-77.5019
Slate Spring,MS,33.8553,-89.3114
Slatedale,PA,40.7444,-75.6569
Slater,CO,40.9480,-107.4972
Slater,IA,41.8765,-93.6812
Slater,MO,39.2163,-93.0547
Slater,SC,35.0317,-82.4953
Slatersville,RI,42.0015,-71.5682
Slaterville Springs,NY,42.4011,-76.3157
Slatington,PA,40.7407,-75.6216
Slaton,TX,33.4368,-101.6519
Slatyfork,WV,38.3812,-80.0404
Slaughter,LA,30.7991,-91.0523
Slaughters,KY,37.5054,-87.5053
Slayden,TN,36.2947,-87.4703
Slayton,MN,43.9856,-95.7554
Sledge,MS,34.3823,-90.2090
Sleepy Eye,MN,44.2821,-94.7273
Sleetmute,AK,61.6346,-157.1183
Slemp,KY,37.0804,-83.1169
Slick,OK,35.7769,-96.2658
Slickville,PA,40.4653,-79.5067
Slidell,LA,30.2784,-89.7712
Slidell,TX,33.3597,-97.3914
Sligo,PA,41.1139,-79.4805
Slinger,WI,43.3322,-88.2824
Slingerlands,NY,42.6485,-73.8711
Slippery Rock,PA,41.0454,-80.0468
Sloan,IA,42.2427,-96.2306
Sloan,NV,35.9436,-115.2172
Sloansville,NY,42.7599,-74.3642
Sloatsburg,NY,41.1605,-74.1881
Slocomb,AL,31.0956,-85.5830
Slocum,RI,41.5212,-71.5372
Sloughhouse,CA,38.5075,-121.0941
Slovan,PA,40.3631,-80.3992
Smackover,AR,33.3398,-92.7442
Smallwood,NY,41.6653,-74.8197
Smarr,GA,32.9853,-83.8822
Smartt,TN,35.6403,-85.8367
Smartville,CA,39.2043,-121.2667
Smelterville,ID,47.5371,-116.2401
Smethport,PA,41.8021,-78.4702
Smicksburg,PA,40.8372,-79.1614
Smilax,KY,37.1663,-83.2845
Smiley,TX,29.2655,-97.6227
Smith,NV,38.9172,-119.3890
Smith Center,KS,39.8042,-98.7842
Smith Lake,NM,35.5222,-108.1392
Smith Mills,KY,37.7983,-87.7619
Smith River,CA,41.9362,-124.1661
Smithboro,IL,38.8739,-89.3266
Smithboro,NY,42.0339,-76.4006
Smithburg,WV,39.2883,-80.7317
Smithdale,MS,31.3672,-90.6752
Smithers,WV,38.1811,-81.3072
Smithfield,IL,40.4855,-90.2856
Smithfield,KY,38.3933,-85.2656
Smithfield,ME,44.6301,-69.8075
Smithfield,NC,35.5068,-78.3479
Smithfield,NE,40.5836,-99.8239
Smithfield,OH,40.2708,-80.7817
Smithfield,PA,39.7923,-79.8127
Smithfield,RI,41.8964,-71.5207
Smithfield,UT,41.8403,-111.8528
Smithfield,VA,36.9811,-76.6368
Smithfield,WV,39.5134,-80.5582
Smithland,IA,42.2408,-95.9486
Smithland,KY,37.1227,-88.3836
Smithmill,PA,40.7678,-78.3994
Smiths Creek,MI,42.9221,-82.5745
Smiths Grove,KY,37.0581,-86.1938
Smiths Station,AL,32.5201,-85.1000
Smithsburg,MD,39.6470,-77.5706
Smithshire,IL,40.7400,-90.7399
Smithton,IL,38.4231,-89.9896
Smithton,MO,38.6500,-93.1081
Smithton,PA,40.1443,-79.7313
Smithtown,NY,40.8542,-73.2138
Smithville,AR,36.0908,-91.2745
Smithville,GA,31.8847,-84.2271
Smithville,IN,39.0711,-86.5069
Smithville,MO,39.3917,-94.5592
Smithville,MS,34.0648,-88.3900
Smithville,OH,40.8592,-81.8633
Smithville,OK,34.4791,-94.6191
Smithville,TN,35.9299,-85.8046
Smithville,TX,30.0178,-97.1494
Smithville,WV,39.0671,-81.0620
Smithville Flats,NY,42.3989,-75.8237
Smithwick,SD,43.2684,-103.1988
Smoaks,SC,33.0963,-80.8130
Smock,PA,39.9961,-79.7678
Smokerun,PA,40.7947,-78.4278
Smoketown,PA,40.0407,-76.2201
Smoot,WV,37.8772,-80.6680
Smoot,WY,42.6192,-110.9224
Smyer,TX,33.5842,-102.1628
Smyrna,DE,39.2934,-75.6008
Smyrna,GA,33.8796,-84.5023
Smyrna,MI,43.0594,-85.2628
Smyrna,NC,34.7734,-76.5153
Smyrna,NY,42.6896,-75.6121
Smyrna,SC,35.0308,-81.3896
Smyrna,TN,35.9656,-86.5048
Smyrna Mills,ME,46.1464,-68.2064
Sneads,FL,30.7276,-84.9337
Sneads Ferry,NC,34.5426,-77.4038
Sneedville,TN,36.5275,-83.2529
Snelling,CA,37.5144,-120.4816
Snellville,GA,33.8039,-84.0397
Snohomish,WA,47.8954,-122.0716
Snook,TX,30.4886,-96.4642
Snoqualmie,WA,47.5293,-121.8225
Snoqualmie Pass,WA,47.4097,-121.4058
Snover,MI,43.4886,-82.9301
Snow,OK,34.3780,-95.4278
Snow Camp,NC,35.9066,-79.4279
Snow Hill,MD,38.1868,-75.4050
Snow Hill,NC,35.4438,-77.6956
Snow Lake,AR,34.0665,-91.0071
Snow Shoe,PA,41.0376,-77.9523
Snowflake,AZ,34.4959,-110.0807
Snowmass,CO,39.2501,-106.9508
Snowmass Village,CO,39.2131,-106.9372
Snowshoe,WV,38.3972,-80.1417
Snowville,UT,41.8403,-112.3534
Snyder,CO,40.3307,-103.5971
Snyder,NE,41.7039,-96.7883
Snyder,OK,34.6548,-98.9508
Snyder,TX,32.7151,-100.9075
Snydersburg,PA,41.3328,-79.3558
Snydertown,PA,40.8741,-76.6749
Soap Lake,WA,47.3830,-119.4860
Sobieski,WI,44.7105,-88.1076
Social Circle,GA,33.6561,-83.7183
Society Hill,SC,34.4512,-79.8865
Socorro,NM,34.0479,-106.8907
Sod,WV,38.2630,-81.8681
Soda Springs,CA,39.3385,-120.4655
Soda Springs,ID,42.6718,-111.5699
Soddy Daisy,TN,35.2527,-85.1630
Sodus,MI,42.0521,-86.3921
Sodus,NY,43.2217,-77.0514
Sodus Point,NY,43.2651,-76.9883
Solana Beach,CA,32.9937,-117.2598
Solano,NM,35.8378,-104.1221
Soldier,IA,41.9942,-95.7825
Soldier,KS,39.5013,-95.9652
Soldier,KY,38.2592,-83.2994
Soldiers Grove,WI,43.3919,-90.7663
Soldotna,AK,60.4818,-151.1358
Solebury,PA,40.3806,-75.0086
Soledad,CA,36.4196,-121.3243
Solen,ND,46.2941,-100.8136
Solgohachia,AR,35.2701,-92.6754
Solo,MO,37.1671,-91.9599
Solomon,AZ,32.8125,-109.6333
Solomon,KS,38.9194,-97.3518
Solomons,MD,38.3341,-76.4589
Solon,IA,41.8099,-91.5086
Solon,ME,44.9676,-69.8330
Solon,OH,41.3866,-81.4421
Solon Springs,WI,46.3888,-91.7702
Solsberry,IN,39.1190,-86.7378
Solsville,NY,42.9106,-75.5181
Solvang,CA,34.6099,-120.1293
Solway,MN,47.5480,-95.1205
Somerdale,NJ,39.8400,-75.0309
Somerdale,OH,40.5664,-81.3608
Somers,CT,41.9978,-72.4583
Somers,IA,42.3561,-94.4464
Somers,MT,48.0793,-114.2355
Somers,NY,41.3346,-73.6951
Somers,WI,42.6403,-87.9103
Somers Point,NJ,39.3223,-74.6008
Somerset,CA,38.6074,-120.6663
Somerset,CO,38.9468,-107.3781
Somerset,IN,40.6692,-85.8283
Somerset,KY,37.0739,-84.6044
Somerset,MA,41.7223,-71.1780
Somerset,MI,42.0447,-84.3947
Somerset,NJ,40.5007,-74.5013
Somerset,OH,39.7936,-82.2991
Somerset,PA,40.0248,-79.0808
Somerset,TX,29.2116,-98.6214
Somerset,VA,38.2047,-78.2504
Somerset,WI,45.1331,-92.6865
Somerset Center,MI,42.0511,-84.4136
Somersville,CT,41.9828,-72.4883
Somersworth,NH,43.2525,-70.8756
Somerton,AZ,32.5634,-114.7127
Somerville,AL,34.4995,-86.8009
Somerville,IN,38.2764,-87.3778
Somerville,MA,42.3829,-71.1028
Somerville,NJ,40.5494,-74.6459
Somerville,OH,39.5554,-84.6219
Somerville,TN,35.2772,-89.3918
Somerville,TX,30.4076,-96.5358
Somerville,VA,38.5217,-77.6097
Somes Bar,CA,41.4330,-123.4759
Somis,CA,34.2798,-119.0115
Somonauk,IL,41.6383,-88.6816
Sondheimer,LA,32.5772,-91.2482
Sonoita,AZ,31.8662,-110.7244
Sonoma,CA,38.2957,-122.4728
Sonora,CA,37.9957,-120.3385
Sonora,KY,37.5221,-85.9230
Sonora,TX,30.5558,-100.6307
Sontag,MS,31.6453,-90.1801
Sonyea,NY,42.6789,-77.8275
Sopchoppy,FL,30.0714,-84.4549
Soper,OK,34.0366,-95.6916
Soperton,GA,32.3869,-82.5871
Sophia,NC,35.8298,-79.8986
Sophia,WV,37.7075,-81.2508
Soquel,CA,37.0035,-121.9503
Sorento,IL,38.9693,-89.5653
Sorrento,FL,28.8035,-81.5323
Sorrento,LA,30.1854,-90.8631
Sorrento,ME,44.4907,-68.1787
Soso,MS,31.7594,-89.3082
Soudan,MN,47.8158,-92.2375
Souderton,PA,40.3128,-75.3213
Soulsbyville,CA,37.9928,-120.2599
Sound Beach,NY,40.9567,-72.9742
Sour Lake,TX,30.1491,-94.3733
Souris,ND,48.9374,-100.7413
South Acworth,NH,43.1769,-72.3411
South Amana,IA,41.7576,-91.9263
South Amboy,NJ,40.4647,-74.2786
South Barre,MA,42.3853,-72.0958
South Barre,VT,44.1769,-72.5061
South Bay,FL,26.6701,-80.7312
South Beach,OR,44.5712,-124.0600
South Beloit,IL,42.4837,-89.0298
South Bend,IN,41.6727,-86.2535
South Bend,NE,41.0017,-96.2450
South Bend,TX,32.9597,-98.7650
South Bend,WA,46.6544,-123.8203
South Berwick,ME,43.2292,-70.7859
South Bethlehem,NY,42.5317,-73.8478
South Bloomingville,OH,39.3741,-82.6394
South Boardman,MI,44.6401,-85.2472
South Boston,VA,36.6963,-78.9188
South Bound Brook,NJ,40.5528,-74.5291
South Branch,MI,44.5014,-83.8686
South Bristol,ME,43.8677,-69.5614
South Britain,CT,41.4708,-73.2519
South Burlington,VT,44.4513,-73.1796
South Butler,NY,43.1314,-76.7661
South Byron,NY,43.0483,-78.0658
South Cairo,NY,42.2734,-73.9640
South Canaan,PA,41.5053,-75.4125
South Carrollton,KY,37.3375,-87.1419
South Carver,MA,41.8406,-70.7472
South Casco,ME,43.8767,-70.5129
South Charleston,OH,39.8469,-83.6608
South Chatham,MA,41.6801,-70.0241
South China,ME,44.3953,-69.5804
South Cle Elum,WA,47.1858,-120.9478
South Colby,WA,47.5222,-122.5361
South Colton,NY,44.5041,-74.8607
South Dartmouth,MA,41.5917,-70.9565
South Dayton,NY,42.3718,-79.0501
South Deerfield,MA,42.4756,-72.6153
South Dennis,MA,41.7097,-70.1585
South Dennis,NJ,39.1783,-74.8203
South Dos Palos,CA,36.9644,-120.6522
South Easton,MA,42.0257,-71.0988
South Egremont,MA,42.1012,-73.4566
South El Monte,CA,34.0557,-118.0444
South Elgin,IL,41.9969,-88.2986
South English,IA,41.4621,-92.1026
South Fallsburg,NY,41.7042,-74.6444
South Fork,CO,37.6725,-106.6125
South Fork,MO,36.6293,-91.9125
South Fork,PA,40.3629,-78.7887
South Freeport,ME,43.8197,-70.1100
South Fulton,TN,36.4814,-88.8808
South Gardiner,ME,44.1800,-69.7572
South Gate,CA,33.9462,-118.2013
South Gibson,PA,41.7544,-75.6067
South Glastonbury,CT,41.6607,-72.5543
South Glens Falls,NY,43.2839,-73.6379
South Grafton,MA,42.1760,-71.6927
South Greenfield,MO,37.3743,-93.8445
South Hackensack,NJ,40.8634,-74.0456
South Hadley,MA,42.2375,-72.5811
South Hamilton,MA,42.6185,-70.8561
South Hampton,NH,42.9113,-70.9769
South Harwich,MA,41.6750,-70.0444
South Haven,KS,37.0500,-97.4042
South Haven,MI,42.4041,-86.2542
South Haven,MN,45.3460,-94.1628
South Heart,ND,46.8127,-103.0162
South Heights,PA,40.5736,-80.2358
South Hero,VT,44.6400,-73.3113
South Hill,VA,36.7124,-78.1534
South Holland,IL,41.5979,-87.5938
South Houston,TX,29.6601,-95.2258
South Hutchinson,KS,38.0073,-97.9081
South International Falls,MN,48.5867,-93.3989
South Jamesport,NY,40.9364,-72.5778
South Jordan,UT,40.5219,-111.9383
South Kent,CT,41.6951,-73.4690
South Kortright,NY,42.3770,-74.7259
South Lake Tahoe,CA,38.9170,-119.9865
South Lancaster,MA,42.4444,-71.6875
South Lebanon,OH,39.3715,-84.2108
South Lee,MA,42.2778,-73.2778
South Lima,NY,42.8553,-77.6756
South Londonderry,VT,43.1831,-72.8118
South Lyme,CT,41.3053,-72.2589
South Lyon,MI,42.4567,-83.6590
South Milford,IN,41.5325,-85.2722
South Mills,NC,36.4536,-76.3033
South Milwaukee,WI,42.9105,-87.8646
South Montrose,PA,41.7972,-75.8917
South Mountain,PA,39.8464,-77.4881
South Naknek,AK,58.7362,-156.8503
South New Berlin,NY,42.5306,-75.3525
South Newbury,NH,43.2956,-71.9972
South Newfane,VT,42.9381,-72.7058
South Orange,NJ,40.7465,-74.2575
South Orleans,MA,41.7506,-69.9917
South Otselic,NY,42.6626,-75.7669
South Ozone Park,NY,40.6754,-73.8158
South Padre Island,TX,26.1111,-97.1673
South Paris,ME,44.2167,-70.5012
South Park,PA,40.2922,-80.0011
South Pasadena,CA,34.1109,-118.1547
South Pekin,IL,40.4944,-89.6517
South Pittsburg,TN,35.0280,-85.7225
South Plainfield,NJ,40.5839,-74.4147
South Plains,TX,34.2244,-101.3092
South Plymouth,NY,42.6053,-75.6330
South Point,OH,38.4339,-82.5529
South Pomfret,VT,43.6797,-72.5349
South Portland,ME,43.6318,-70.2709
South Portsmouth,KY,38.7087,-83.0162
South Prairie,WA,47.1394,-122.0969
South Range,MI,47.0700,-88.6431
South Range,WI,46.5887,-91.9458
South Richmond Hill,NY,40.6881,-73.8239
South River,NJ,40.4444,-74.3801
South Rockwood,MI,42.0624,-83.2663
South Roxana,IL,38.8294,-90.0628
South Royalton,VT,43.8089,-72.5232
South Ryegate,VT,44.2111,-72.1296
South Saint Paul,MN,44.8881,-93.0460
South Salem,NY,41.2553,-73.5402
South Salem,OH,39.3021,-83.2720
South San Francisco,CA,37.6538,-122.4347
South Seaville,NJ,39.1789,-74.7603
South Shore,KY,38.7093,-82.9464
South Shore,SD,45.1049,-96.9859
South Sioux City,NE,42.4656,-96.4182
South Solon,OH,39.7423,-83.5970
South Sterling,PA,41.2712,-75.3814
South Strafford,VT,43.8282,-72.3700
South Sutton,NH,43.3200,-71.9347
South Tamworth,NH,43.8336,-71.3117
South Thomaston,ME,44.0378,-69.1359
South Union,KY,36.8764,-86.6564
South Vienna,OH,39.9473,-83.6157
South Wales,NY,42.7063,-78.5452
South Walpole,MA,42.0992,-71.2752
South Wayne,WI,42.5822,-89.8888
South Webster,OH,38.8200,-82.7202
South Wellfleet,MA,41.9181,-69.9958
South West City,MO,36.5319,-94.5961
South Weymouth,MA,42.1728,-70.9487
South Whitley,IN,41.0726,-85.6143
South Williamson,KY,37.6670,-82.2886
South Willington,CT,41.8553,-72.3019
South Wilmington,IL,41.1728,-88.2767
South Windham,CT,41.6677,-72.1681
South Windham,ME,43.8150,-70.4275
South Windsor,CT,41.8341,-72.5576
South Woodstock,CT,41.9389,-71.9600
South Woodstock,VT,43.5601,-72.5384
South Yarmouth,MA,41.6728,-70.1973
Southampton,MA,42.2247,-72.7194
Southampton,NY,40.9043,-72.4103
Southampton,PA,40.1902,-75.0060
Southard,OK,36.0747,-98.4465
Southaven,MS,34.9771,-89.9992
Southborough,MA,42.2939,-71.5320
Southbridge,MA,42.0750,-72.0353
Southbury,CT,41.4767,-73.2241
Southeastern,PA,40.0631,-75.4047
Southern Md Facility,MD,39.1412,-77.1901
Southern Pines,NC,35.1697,-79.3957
Southfield,MA,42.0780,-73.2609
Southfield,MI,42.4630,-83.2880
Southfields,NY,41.2480,-74.1762
Southgate,MI,42.2044,-83.1999
Southington,CT,41.6052,-72.8727
Southington,OH,41.2983,-80.9485
Southlake,TX,32.9565,-97.1481
Southmayd,TX,33.6303,-96.7689
Southmont,NC,35.6678,-80.2672
Southold,NY,41.0555,-72.4290
Southport,CT,41.1364,-73.2839
Southport,ME,43.8238,-69.6673
Southport,NC,34.0121,-78.0456
Southside,TN,36.3626,-87.3061
Southside,WV,38.7120,-81.9966
Southview,PA,40.3278,-80.2592
Southwest,PA,40.1989,-79.5211
Southwest Harbor,ME,44.2823,-68.3265
Southwick,MA,42.0511,-72.7706
Southworth,WA,47.5122,-122.5006
Spade,TX,33.9261,-102.1531
Spalding,MI,45.6957,-87.4964
Spalding,NE,41.6874,-98.3715
Spanaway,WA,47.0732,-122.3943
Spangle,WA,47.4338,-117.3827
Spangler,PA,40.6481,-78.7691
Spanish Fork,UT,40.1099,-111.6462
Spanish Fort,AL,30.6959,-87.8867
Spanishburg,WV,37.4631,-81.1069
Sparkill,NY,41.0256,-73.9229
Sparkman,AR,33.9030,-92.8110
Sparks,GA,31.1790,-83.4476
Sparks,NE,42.9411,-100.2556
Sparks,NV,39.5473,-119.7556
Sparks,OK,35.6138,-96.8163
Sparks Glencoe,MD,39.5431,-76.6691
Sparland,IL,41.0134,-89.4571
Sparr,FL,29.3383,-82.1128
Sparrow Bush,NY,41.4359,-74.7236
Sparrows Point,MD,39.2291,-76.4469
Sparta,GA,33.2655,-82.9859
Sparta,IL,38.1318,-89.7035
Sparta,KY,38.7256,-84.8813
Sparta,MI,43.1619,-85.6877
Sparta,MO,36.9775,-93.1065
Sparta,NC,36.5089,-81.1384
Sparta,NJ,41.0277,-74.6407
Sparta,OH,40.3735,-82.6970
Sparta,TN,35.9547,-85.4786
Sparta,VA,37.9917,-77.2306
Sparta,WI,43.9540,-90.8146
Spartanburg,SC,34.9352,-81.9654
Spartansburg,PA,41.7936,-79.6849
Spavinaw,OK,36.4155,-95.0285
Spearfish,SD,44.4946,-103.8650
Spearman,TX,36.1927,-101.1952
Spearsville,LA,32.9550,-92.5870
Spearville,KS,37.8235,-99.7370
Speculator,NY,43.5042,-74.3667
Speed,NC,35.9678,-77.4456
Speedway,IN,39.7987,-86.2573
Speedwell,TN,36.4797,-83.8135
Speedwell,VA,36.7998,-81.1834
Speer,IL,41.0097,-89.6933
Spelter,WV,39.3450,-80.3181
Spencer,IA,43.1451,-95.1457
Spencer,ID,44.2814,-112.0988
Spencer,IN,39.2891,-86.7789
Spencer,MA,42.2441,-71.9906
Spencer,NC,35.6953,-80.4310
Spencer,NE,42.8849,-98.7059
Spencer,NY,42.2467,-76.4899
Spencer,OH,41.0983,-82.0999
Spencer,OK,35.5183,-97.3488
Spencer,SD,43.7557,-97.5936
Spencer,TN,35.7279,-85.4287
Spencer,VA,36.5968,-80.0373
Spencer,WI,44.7391,-90.3114
Spencer,WV,38.7897,-81.3303
Spencerport,NY,43.1895,-77.8043
Spencertown,NY,42.3091,-73.5008
Spencerville,IN,41.2696,-84.9398
Spencerville,MD,39.1213,-76.9598
Spencerville,OH,40.7038,-84.3413
Spencerville,OK,34.1326,-95.3835
Speonk,NY,40.8194,-72.7058
Sperry,IA,40.9419,-91.1850
Sperry,OK,36.2955,-95.9804
Sperryville,VA,38.6203,-78.2466
Spiceland,IN,39.8271,-85.4450
Spicer,MN,45.2241,-94.9116
Spicewood,TX,30.3899,-98.0539
Spickard,MO,40.2400,-93.5503
Spillville,IA,43.2050,-91.9508
Spindale,NC,35.3601,-81.9251
Spinnerstown,PA,40.4389,-75.4375
Spirit Lake,IA,43.4262,-95.1123
Spirit Lake,ID,47.9657,-116.8680
Spiritwood,ND,47.1016,-98.6485
Spiro,OK,35.2492,-94.6265
Spivey,KS,37.4410,-98.1751
Splendora,TX,30.2326,-95.1993
Spofford,NH,42.9120,-72.4103
Spokane,MO,36.8636,-93.2754
Spokane,WA,47.6665,-117.4365
Spooner,WI,45.8505,-91.9155
Spotswood,NJ,40.3847,-74.3894
Spotsylvania,VA,38.1995,-77.6487
Spottsville,KY,37.8399,-87.4247
Spout Spring,VA,37.3643,-78.9059
Spraggs,PA,39.7610,-80.2622
Sprague,NE,40.6258,-96.7444
Sprague,WA,47.3247,-117.9897
Sprague,WV,37.7930,-81.1841
Sprague River,OR,42.4556,-121.5031
Spragueville,IA,42.0727,-90.4730
Sprakers,NY,42.8484,-74.4536
Sprankle Mills,PA,41.0185,-79.0778
Spray,OR,44.8242,-119.8303
Spreckels,CA,36.6219,-121.6458
Spring,TX,30.0532,-95.3773
Spring,TX,30.1374,-95.4689
Spring Arbor,MI,42.2069,-84.5501
Spring Branch,TX,29.9238,-98.3788
Spring Brook,NY,42.8181,-78.6758
Spring Church,PA,40.6153,-79.4545
Spring City,PA,40.1765,-75.5697
Spring City,TN,35.6821,-84.8420
Spring City,UT,39.4825,-111.4953
Spring Creek,NV,40.5078,-115.3442
Spring Creek,PA,41.8468,-79.5655
Spring Creek,TN,35.7667,-88.6772
Spring Dale,WV,37.8695,-80.8150
Spring Gap,MD,39.5653,-78.7167
Spring Garden,AL,33.9728,-85.5539
Spring Glen,NY,41.6656,-74.4303
Spring Glen,PA,40.6334,-76.6350
Spring Green,WI,43.1883,-90.0676
Spring Grove,IL,42.4413,-88.2237
Spring Grove,MN,43.5623,-91.6368
Spring Grove,PA,39.8572,-76.8774
Spring Grove,VA,37.1901,-76.9923
Spring Hill,FL,28.4051,-82.5301
Spring Hill,FL,28.4655,-82.5981
Spring Hill,KS,38.7631,-94.8246
Spring Hill,TN,35.7173,-86.9048
Spring Hope,NC,35.9302,-78.1085
Spring House,PA,40.1870,-75.2375
Spring Lake,MI,43.0887,-86.1915
Spring Lake,MN,47.5888,-93.8382
Spring Lake,NC,35.1830,-78.9786
Spring Lake,NJ,40.1542,-74.0379
Spring Mills,PA,40.8578,-77.5740
Spring Mount,PA,40.2756,-75.4569
Spring Park,MN,44.9356,-93.6341
Spring Run,PA,40.1466,-77.7405
Spring Valley,CA,32.7447,-116.9980
Spring Valley,IL,41.3279,-89.2042
Spring Valley,MN,43.6823,-92.3680
Spring Valley,NY,41.1180,-74.0463
Spring Valley,OH,39.6028,-84.1016
Spring Valley,WI,44.8356,-92.2906
Springboro,OH,39.5630,-84.2288
Springboro,PA,41.8113,-80.3753
Springbrook,IA,42.1674,-90.4846
Springbrook,WI,45.9604,-91.6777
Springdale,AR,36.1835,-94.1762
Springdale,MT,45.7383,-110.2264
Springdale,PA,40.5440,-79.7844
Springdale,UT,37.2997,-113.0497
Springdale,WA,47.9927,-117.8733
Springer,NM,36.3767,-104.5927
Springer,OK,34.3038,-97.1223
Springerton,IL,38.1699,-88.3726
Springerville,AZ,34.1193,-109.3041
Springfield,AR,35.2749,-92.5457
Springfield,CO,37.4067,-102.6173
Springfield,GA,32.4121,-81.3264
Springfield,ID,43.0817,-112.6811
Springfield,IL,39.8000,-89.6495
Springfield,KY,37.7014,-85.2405
Springfield,LA,30.4157,-90.5775
Springfield,MA,42.1060,-72.5977
Springfield,ME,45.4264,-68.1108
Springfield,MN,44.2329,-94.9792
Springfield,MO,37.2152,-93.2950
Springfield,NE,41.0765,-96.1438
Springfield,NH,43.4916,-72.0579
Springfield,NJ,40.7015,-74.3227
Springfield,OH,39.9242,-83.8089
Springfield,OR,44.0611,-123.0153
Springfield,PA,39.9296,-75.3338
Springfield,SC,33.5343,-81.2499
Springfield,SD,42.8687,-97.9288
Springfield,TN,36.5018,-86.8769
Springfield,VA,38.7797,-77.1866
Springfield,VT,43.3034,-72.4778
Springfield,WI,42.6417,-88.4119
Springfield,WV,39.4630,-78.6950
Springfield Center,NY,42.8501,-74.9381
Springfield Gardens,NY,40.6730,-73.7507
Springhill,LA,33.0005,-93.4596
Springlake,TX,34.2393,-102.3090
Springport,IN,40.0088,-85.3689
Springport,MI,42.3805,-84.7039
Springs,PA,39.7489,-79.0889
Springtown,PA,40.5564,-75.2897
Springtown,TX,32.9660,-97.6350
Springvale,ME,43.4715,-70.8064
Springview,NE,42.8488,-99.8061
Springville,AL,33.7386,-86.4394
Springville,CA,36.1363,-118.7961
Springville,IA,42.0607,-91.4394
Springville,IN,38.9507,-86.6139
Springville,NY,42.5200,-78.6847
Springville,PA,41.7147,-75.9025
Springville,TN,36.2650,-88.1459
Springville,UT,40.1625,-111.5987
Springwater,NY,42.6776,-77.5775
Sproul,PA,40.2725,-78.4608
Spruce,MI,44.8224,-83.5044
Spruce Creek,PA,40.6218,-78.1361
Spruce Head,ME,44.0104,-69.1707
Spruce Pine,AL,34.3848,-87.7121
Spruce Pine,NC,35.9060,-82.0705
Spur,TX,33.4790,-100.8571
Spurgeon,IN,38.2522,-87.2572
Spurger,TX,30.7781,-94.2127
Spurlockville,WV,38.0770,-81.9918
Squaw Lake,MN,47.6362,-94.1475
Squaw Valley,CA,36.7071,-119.1814
Squire,WV,37.2370,-81.5805
Squires,MO,36.8504,-92.5844
Squirrel Island,ME,43.8090,-69.6310
St Clairsville,PA,40.1586,-78.5099
St Columbans,NE,41.0942,-96.0536
Staatsburg,NY,41.8502,-73.8988
Stacy,MN,45.3981,-92.9872
Stacy,NC,34.8412,-76.4289
Stacyville,IA,43.4457,-92.7610
Stacyville,ME,45.8859,-68.4618
Stafford,CT,41.9847,-72.2894
Stafford,KS,37.9554,-98.5929
Stafford,NY,42.9829,-78.0898
Stafford,OH,39.7133,-81.2764
Stafford,TX,29.6228,-95.5678
Stafford,VA,38.4586,-77.4306
Stafford Springs,CT,41.9661,-72.2899
Staffordsville,KY,37.8385,-82.8574
Staffordsville,VA,37.2454,-80.7403
Staffordville,CT,41.9939,-72.2592
Stahlstown,PA,40.1386,-79.3445
Staley,NC,35.8015,-79.5844
Stambaugh,KY,37.8411,-82.7678
Stambaugh,MI,46.0811,-88.6269
Stamford,CT,41.0531,-73.5390
Stamford,NE,40.1163,-99.5814
Stamford,NY,42.4174,-74.6098
Stamford,TX,32.9453,-99.7859
Stamford,VT,42.7696,-73.0691
Stamping Ground,KY,38.2888,-84.6818
Stamps,AR,33.3569,-93.5013
Stanaford,WV,37.8158,-81.1525
Stanardsville,VA,38.3026,-78.4708
Stanberry,MO,40.2293,-94.5387
Stanchfield,MN,45.6675,-93.2433
Standard,CA,37.9842,-120.3811
Standard,IL,41.2567,-89.1808
Standish,CA,40.3509,-120.4068
Standish,ME,43.8142,-70.4807
Standish,MI,43.9733,-83.9433
Stanfield,AZ,32.8823,-111.9660
Stanfield,NC,35.2106,-80.4407
Stanfield,OR,45.7860,-119.2116
Stanford,CA,37.4236,-122.1619
Stanford,IL,40.4376,-89.2164
Stanford,IN,39.0897,-86.6667
Stanford,KY,37.5245,-84.6912
Stanford,MT,47.1489,-110.1961
Stanfordville,NY,41.8877,-73.6945
Stanhope,IA,42.2904,-93.7751
Stanhope,NJ,40.9217,-74.7004
Stanley,IA,42.6356,-91.8127
Stanley,ID,44.2291,-114.7254
Stanley,KY,37.8233,-87.2439
Stanley,NC,35.3516,-81.0959
Stanley,ND,48.3192,-102.3928
Stanley,NM,35.1295,-106.0283
Stanley,NY,42.8303,-77.1207
Stanley,VA,38.5660,-78.5093
Stanley,WI,44.9689,-90.9389
Stanleytown,VA,36.7348,-79.9355
Stanton,AL,32.7096,-86.8868
Stanton,CA,33.8030,-117.9947
Stanton,IA,40.9859,-95.0988
Stanton,KY,37.8427,-83.8299
Stanton,MI,43.3058,-85.0995
Stanton,MO,38.2744,-91.1056
Stanton,ND,47.3128,-101.3899
Stanton,NE,41.9076,-97.2140
Stanton,NJ,40.5750,-74.8381
Stanton,TN,35.4482,-89.3326
Stanton,TX,32.1400,-101.8099
Stantonsburg,NC,35.5940,-77.8378
Stantonville,TN,35.1809,-88.4364
Stanville,KY,37.5784,-82.6692
Stanwood,IA,41.8963,-91.1662
Stanwood,MI,43.6017,-85.4446
Stanwood,WA,48.2011,-122.3780
Staplehurst,NE,40.9845,-97.1859
Staples,MN,46.3536,-94.7633
Staples,TX,29.7811,-97.8358
Stapleton,AL,30.7425,-87.7933
Stapleton,GA,33.1894,-82.4597
Stapleton,NE,41.4888,-100.4831
Star,ID,43.7013,-116.4967
Star,MS,32.0939,-90.0461
Star,NC,35.4211,-79.7826
Star,TX,31.4790,-98.4158
Star City,AR,33.9405,-91.8653
Star City,IN,40.9602,-86.5404
Star Junction,PA,40.0832,-79.7555
Star Lake,NY,44.1578,-75.0330
Star Lake,WI,46.0383,-89.4722
Star Prairie,WI,45.2013,-92.5514
Star Tannery,VA,39.0908,-78.4343
Starbuck,MN,45.5926,-95.5421
Starbuck,WA,46.5197,-118.1278
Starford,PA,40.7010,-78.9803
Stark,KS,37.6811,-95.1388
Stark City,MO,36.8785,-94.1548
Starke,FL,29.9583,-82.1185
Starks,LA,30.3085,-93.6615
Starksboro,VT,44.2261,-73.0157
Starkville,MS,33.4501,-88.8176
Starkweather,ND,48.4488,-98.8539
Starlight,PA,41.9251,-75.3212
Starr,SC,34.3962,-82.6897
Starrucca,PA,41.8907,-75.4490
Start,LA,32.4864,-91.8592
Startex,SC,34.9283,-82.0992
Startup,WA,47.8681,-121.7392
State Center,IA,42.0109,-93.1673
State College,PA,40.7925,-77.8523
State Farm,VA,37.6453,-77.8283
State Line,IN,40.1972,-87.5269
State Line,MS,31.3916,-88.5171
State Line,PA,39.7247,-77.7247
State Park,SC,34.0906,-80.9664
State Road,NC,36.3422,-80.8653
State University,AR,35.9149,-90.4542
Stateline,NV,38.9625,-119.9389
Staten Island,NY,40.6316,-74.0927
Statenville,GA,30.7255,-82.9799
Statesboro,GA,32.4408,-81.7740
Statesville,NC,35.8381,-80.8842
Statham,GA,33.9602,-83.5893
Staunton,IL,39.0135,-89.7857
Staunton,IN,39.4875,-87.1889
Staunton,VA,38.1451,-79.0752
Stayton,OR,44.8021,-122.7624
Steamboat Rock,IA,42.4178,-93.0629
Steamboat Springs,CO,40.4850,-106.8311
Steamburg,NY,42.1081,-78.9044
Stearns,KY,36.7082,-84.5165
Stebbins,AK,63.4785,-162.2274
Stedman,NC,35.0347,-78.6949
Steedman,MO,38.7566,-91.7888
Steele,AL,33.9417,-86.2289
Steele,KY,37.4029,-82.2071
Steele,MO,36.0915,-89.8346
Steele,ND,46.8524,-99.9336
Steele City,NE,40.0425,-96.9907
Steeles Tavern,VA,37.9256,-79.2028
Steeleville,IL,38.0057,-89.6665
Steelville,MO,37.9630,-91.3293
Steen,MN,43.5317,-96.2439
Steens,MS,33.5671,-88.3278
Steep Falls,ME,43.7571,-70.6456
Steger,IL,41.4686,-87.6386
Stehekin,WA,48.2980,-120.7552
Steilacoom,WA,47.1704,-122.5888
Steinauer,NE,40.2169,-96.2302
Steinhatchee,FL,29.6739,-83.3723
Stella,MO,36.7516,-94.2086
Stella,NC,34.7777,-77.1308
Stella,NE,40.2303,-95.7680
Stella Niagara,NY,43.2019,-79.0425
Stem,NC,36.2100,-78.7001
Stendal,IN,38.2835,-87.1205
Stennis Space Center,MS,30.3086,-89.3300
Stephan,SD,44.2481,-99.4528
Stephen,MN,48.4525,-96.8674
Stephens,AR,33.4550,-93.0214
Stephens,GA,33.7715,-83.1159
Stephens City,VA,39.0834,-78.1907
Stephenson,MI,45.4166,-87.6258
Stephenson,VA,39.1973,-78.0941
Stephenson,WV,37.5798,-81.3339
Stephensport,KY,37.9048,-86.5240
Stephentown,NY,42.5233,-73.4224
Stephenville,TX,32.2214,-98.2224
Steptoe,WA,47.0061,-117.3550
Sterling,AK,60.5204,-150.8498
Sterling,CO,40.6306,-103.2212
Sterling,CT,41.7156,-71.8196
Sterling,IL,41.8055,-89.7054
Sterling,KS,38.2126,-98.2055
Sterling,MA,42.4354,-71.7752
Sterling,MI,44.0678,-84.0126
Sterling,ND,46.8436,-100.2744
Sterling,NE,40.4637,-96.3867
Sterling,NY,43.3296,-76.6747
Sterling,OH,40.9533,-81.8519
Sterling,OK,34.7503,-98.1714
Sterling,PA,41.3419,-75.3945
Sterling,UT,39.1936,-111.6917
Sterling,VA,39.0061,-77.4288
Sterling City,TX,31.8351,-101.0017
Sterling Forest,NY,41.1825,-74.3192
Sterling Heights,MI,42.5648,-83.0701
Sterlington,LA,32.5933,-92.1213
Sterrett,AL,33.4461,-86.4917
Stet,MO,39.4231,-93.7586
Stetson,ME,44.8843,-69.1069
Stetsonville,WI,45.0792,-90.2829
Steuben,ME,44.4971,-67.9503
Steuben,WI,43.1955,-90.8609
Steubenville,OH,40.3706,-80.6612
Stevens,PA,40.2194,-76.1626
Stevens Point,WI,44.5212,-89.5588
Stevens Village,AK,65.9959,-149.1183
Stevensburg,VA,38.4441,-77.8842
Stevenson,AL,34.8769,-85.8508
Stevenson,CT,41.3831,-73.1850
Stevenson,MD,39.4103,-76.7133
Stevenson,WA,45.6882,-121.9093
Stevenson Ranch,CA,34.3811,-118.5821
Stevensville,MD,38.9394,-76.3371
Stevensville,MI,42.0220,-86.5119
Stevensville,MT,46.5267,-114.0478
Stevensville,PA,41.7718,-76.1717
Stevensville,VA,37.7146,-76.9352
Stevinson,CA,37.3257,-120.8699
Steward,IL,41.8475,-89.0151
Stewardson,IL,39.2720,-88.6319
Stewart,MN,44.7259,-94.4516
Stewart,MS,33.5101,-89.4790
Stewart,OH,39.3213,-81.8929
Stewart,TN,36.3241,-87.8725
Stewarts Point,CA,38.6519,-123.3981
Stewartstown,PA,39.7720,-76.5970
Stewartsville,MO,39.7455,-94.5178
Stewartsville,NJ,40.6957,-75.0825
Stewartville,MN,43.8673,-92.4547
Stickney,SD,43.5842,-98.5088
Stidham,OK,35.3814,-95.7056
Stigler,OK,35.2686,-95.1071
Stilesville,IN,39.6391,-86.6182
Still Pond,MD,39.3276,-76.0522
Still River,MA,42.4917,-71.6181
Stillman Valley,IL,42.1183,-89.1898
Stillmore,GA,32.4419,-82.2153
Stillwater,ME,44.9083,-68.6869
Stillwater,MN,45.0500,-92.8300
Stillwater,NJ,41.0358,-74.8786
Stillwater,NY,42.9057,-73.6972
Stillwater,OH,40.3233,-81.3086
Stillwater,OK,36.1043,-97.0609
Stillwater,PA,41.1515,-76.3696
Stilwell,KS,38.7902,-94.6643
Stilwell,OK,35.8107,-94.6313
Stinesville,IN,39.2986,-86.6522
Stinnett,KY,37.0883,-83.3907
Stinnett,TX,35.8377,-101.4500
Stinson Beach,CA,37.9020,-122.6393
Stinson Lake,NH,43.8611,-71.8089
Stirling,NJ,40.6774,-74.4968
Stirling City,CA,39.9078,-121.5269
Stirum,ND,46.2299,-97.6542
Stites,ID,46.0917,-115.9753
Stittville,NY,43.2229,-75.2899
Stitzer,WI,42.9214,-90.6079
Stockbridge,GA,33.5633,-84.2165
Stockbridge,MA,42.3010,-73.3223
Stockbridge,MI,42.4604,-84.1752
Stockbridge,VT,43.7738,-72.7814
Stockbridge,WI,44.0717,-88.2989
Stockdale,OH,38.9564,-82.8583
Stockdale,PA,40.0826,-79.8501
Stockdale,TX,29.2319,-97.9351
Stockertown,PA,40.7539,-75.2625
Stockett,MT,47.3217,-111.1287
Stockholm,ME,47.0643,-68.2086
Stockholm,NJ,41.0992,-74.5283
Stockholm,SD,45.1031,-96.8106
Stockholm,WI,44.5004,-92.2284
Stockland,IL,40.6144,-87.5928
Stockport,IA,40.8589,-91.8035
Stockport,OH,39.5614,-81.8253
Stockton,AL,31.0129,-87.8633
Stockton,CA,37.9580,-121.2876
Stockton,GA,31.0229,-83.0139
Stockton,IA,41.5583,-90.8473
Stockton,IL,42.3492,-90.0202
Stockton,KS,39.4376,-99.2871
Stockton,MD,38.0452,-75.4108
Stockton,MN,44.0275,-91.7697
Stockton,MO,37.7241,-93.7960
Stockton,NJ,40.4397,-74.9554
Stockton,NY,42.3182,-79.3758
Stockton,UT,40.3505,-112.4252
Stockton Springs,ME,44.5141,-68.8560
Stockville,NE,40.4948,-100.3849
Stockwell,IN,40.2861,-86.7708
Stoddard,NH,43.0739,-72.1088
Stoddard,WI,43.6912,-91.1919
Stokes,NC,35.7104,-77.2722
Stokesdale,NC,36.2552,-79.9705
Stollings,WV,37.8419,-81.9333
Stone,KY,37.5606,-82.2890
Stone Creek,OH,40.4052,-81.5890
Stone Harbor,NJ,39.0533,-74.7620
Stone Lake,WI,45.8337,-91.5093
Stone Mountain,GA,33.7942,-84.2018
Stone Park,IL,41.9030,-87.8811
Stone Ridge,NY,41.8616,-74.1697
Stoneboro,PA,41.3439,-80.0976
Stonefort,IL,37.6299,-88.7428
Stoneham,CO,40.6870,-103.6387
Stoneham,MA,42.4828,-71.0978
Stoneham,ME,44.2382,-70.8529
Stoneville,MS,33.4239,-90.9150
Stoneville,NC,36.4705,-79.9013
Stonewall,LA,32.2848,-93.8003
Stonewall,MS,32.1564,-88.7748
Stonewall,NC,35.1372,-76.7481
Stonewall,OK,34.6662,-96.5429
Stonewall,TX,30.2249,-98.6555
Stoney Fork,KY,36.8892,-83.5385
Stonington,CT,41.3664,-71.9155
Stonington,IL,39.6405,-89.1913
Stonington,ME,44.1752,-68.6746
Stony Brook,NY,40.9003,-73.1251
Stony Creek,NY,43.4214,-73.9495
Stony Creek,VA,36.9361,-77.4443
Stony Point,NC,35.8661,-81.0641
Stony Point,NY,41.2292,-73.9962
Stony Ridge,OH,41.5103,-83.5072
Stonyford,CA,39.3337,-122.5178
Stopover,KY,37.5303,-82.0735
Storden,MN,44.0524,-95.3019
Storm Lake,IA,42.6474,-95.1961
Stormville,NY,41.5512,-73.7255
Storrie,CA,39.5139,-121.5553
Storrs Mansfield,CT,41.8054,-72.2572
Story,AR,34.6687,-93.5376
Story,WY,44.6072,-107.0492
Story City,IA,42.1835,-93.5988
Stotts City,MO,37.1031,-93.9543
Stottville,NY,42.2861,-73.7392
Stoughton,MA,42.1253,-71.1074
Stoughton,WI,42.9290,-89.2240
Stout,IA,42.5000,-92.7117
Stout,OH,38.6546,-83.2090
Stoutland,MO,37.8693,-92.5114
Stoutsville,MO,39.5594,-91.8297
Stoutsville,OH,39.6067,-82.8193
Stovall,NC,36.4481,-78.5706
Stover,MO,38.4414,-92.9947
Stow,MA,42.4308,-71.5150
Stow,NY,42.1567,-79.4017
Stow,OH,41.1748,-81.4380
Stowe,VT,44.4695,-72.6923
Stowell,TX,29.7897,-94.3831
Stoy,IL,38.9975,-87.8331
Stoystown,PA,40.1099,-78.9560
Strabane,PA,40.2169,-80.1462
Strafford,MO,37.2797,-93.1066
Strafford,NH,43.2506,-71.1625
Strafford,VT,43.8723,-72.3636
Strandburg,SD,45.0389,-96.7901
Strandquist,MN,48.4526,-96.4723
Strang,NE,40.3981,-97.5521
Strang,OK,36.4639,-95.0708
Strasburg,CO,39.7814,-104.2683
Strasburg,IL,39.3641,-88.6279
Strasburg,MO,38.7600,-94.1661
Strasburg,ND,46.0979,-100.2119
Strasburg,OH,40.6003,-81.5366
Strasburg,PA,39.9701,-76.1848
Strasburg,VA,39.0562,-78.3595
Stratford,CA,36.1790,-119.8236
Stratford,CT,41.2044,-73.1356
Stratford,IA,42.2847,-93.9029
Stratford,NJ,39.8288,-75.0147
Stratford,NY,43.1791,-74.6768
Stratford,OK,34.7714,-96.9763
Stratford,SD,45.2866,-98.2792
Stratford,TX,36.3335,-101.9886
Stratford,VA,38.1206,-76.8111
Stratford,WA,47.4272,-119.2819
Stratford,WI,44.7899,-90.0583
Stratham,NH,43.0194,-70.8997
Strathcona,MN,48.6266,-96.1096
Strathmere,NJ,39.1992,-74.6554
Strathmore,CA,36.1472,-119.0792
Strattanville,PA,41.1955,-79.3082
Stratton,CO,39.3087,-102.5979
Stratton,ME,45.1232,-70.4319
Stratton,NE,40.1445,-101.2183
Stratton,OH,40.5217,-80.6264
Straughn,IN,39.8319,-85.2724
Strausstown,PA,40.4922,-76.1833
Strawberry,AR,35.9726,-91.3754
Strawberry,CA,38.2017,-119.9978
Strawberry Plains,TN,36.0415,-83.6777
Strawberry Point,IA,42.6832,-91.5409
Strawberry Valley,CA,39.6041,-121.0746
Strawn,IL,40.6476,-88.4040
Strawn,TX,32.5945,-98.4995
Streamwood,IL,42.0225,-88.1690
Streator,IL,41.1225,-88.8307
Street,MD,39.6499,-76.3302
Streeter,ND,46.6950,-99.2971
Streetman,TX,31.8885,-96.2988
Streetsboro,OH,41.2491,-81.3383
Stringer,MS,31.8447,-89.2621
Stringtown,OK,34.4676,-96.0002
Stroh,IN,41.5814,-85.1994
Stromsburg,NE,41.1118,-97.5742
Strong,AR,33.1195,-92.3621
Strong,ME,44.8224,-70.2221
Strong City,KS,38.4129,-96.5172
Stronghurst,IL,40.7523,-90.9257
Strongs,MI,46.3653,-85.0353
Strongstown,PA,40.5628,-78.9130
Strongsville,OH,41.3132,-81.8285
Stroud,OK,35.7824,-96.6844
Stroudsburg,PA,40.9877,-75.2485
Strum,WI,44.5674,-91.3833
Strunk,KY,36.6191,-84.4308
Struthers,OH,41.0508,-80.5985
Stryker,MT,48.6742,-114.7692
Stryker,OH,41.4861,-84.4089
Strykersville,NY,42.7249,-78.4347
Stuart,FL,27.1968,-80.2538
Stuart,IA,41.5186,-94.3046
Stuart,NE,42.5713,-99.1396
Stuart,OK,34.8826,-96.1381
Stuart,VA,36.6517,-80.2392
Stuarts Draft,VA,38.0144,-79.0298
Studio City,CA,34.1430,-118.3913
Studley,VA,37.6756,-77.2911
Stump Creek,PA,41.0125,-78.8375
Stumpy Point,NC,35.8630,-75.7791
Sturbridge,MA,42.1126,-72.0842
Sturdivant,MO,37.0710,-90.0092
Sturgeon,MO,39.2057,-92.2953
Sturgeon,PA,40.3847,-80.2111
Sturgeon Bay,WI,44.8438,-87.3753
Sturgeon Lake,MN,46.3837,-92.8182
Sturgis,KY,37.5487,-87.9965
Sturgis,MI,41.8089,-85.4264
Sturgis,MS,33.3570,-89.0473
Sturgis,SD,44.4131,-103.4772
Sturkie,AR,36.4639,-91.9899
Sturtevant,WI,42.6967,-87.9031
Stuttgart,AR,34.4854,-91.5487
Stuyvesant,NY,42.3596,-73.7613
Stuyvesant Falls,NY,42.3553,-73.7314
Suamico,WI,44.6319,-88.0392
Subiaco,AR,35.3135,-93.6387
Sublette,IL,41.6331,-89.2354
Sublette,KS,37.5221,-100.8208
Sublime,TX,29.4786,-96.7972
Sublimity,OR,44.8425,-122.8007
Suburb Maryland Fac,MD,39.0875,-77.0578
Succasunna,NJ,40.8539,-74.6536
Success,AR,36.4536,-90.7281
Success,MO,37.4805,-92.0036
Suches,GA,34.7253,-84.0496
Sudan,TX,34.0697,-102.5255
Sudbury,MA,42.3837,-71.4282
Sudlersville,MD,39.1823,-75.8500
Suffern,NY,41.1177,-74.1241
Suffield,CT,41.9900,-72.6420
Suffolk,VA,36.8668,-76.5598
Sugar City,CO,38.2444,-103.6556
Sugar City,ID,43.8669,-111.7900
Sugar Grove,IL,41.7741,-88.4397
Sugar Grove,NC,36.2627,-81.8441
Sugar Grove,OH,39.6277,-82.5321
Sugar Grove,PA,41.9475,-79.3186
Sugar Grove,VA,36.7736,-81.4084
Sugar Grove,WV,38.5201,-79.2903
Sugar Hill,NH,43.6067,-71.7369
Sugar Land,TX,29.6342,-95.6219
Sugar Loaf,NY,41.3208,-74.2858
Sugar Run,PA,41.6041,-76.2598
Sugar Tree,TN,35.7920,-88.0322
Sugar Valley,GA,34.5519,-85.0260
Sugarcreek,OH,40.5148,-81.6604
Sugarloaf,CA,34.2611,-116.8442
Sugarloaf,PA,40.9971,-76.0717
Sugartown,LA,30.8277,-93.0170
Suisun City,CA,38.2408,-122.0420
Suitland,MD,38.8425,-76.9222
Sula,MT,45.8277,-114.0430
Sulligent,AL,33.8549,-88.1508
Sullivan,IL,39.5934,-88.6038
Sullivan,IN,39.1010,-87.4102
Sullivan,KY,37.4975,-87.9453
Sullivan,ME,44.5203,-68.1972
Sullivan,MO,38.2307,-91.1567
Sullivan,NH,42.9940,-72.1918
Sullivan,OH,41.0368,-82.2172
Sullivan,WI,42.9982,-88.6026
Sullivan City,TX,26.2720,-98.5627
Sullivans Island,SC,32.7637,-79.8399
Sully,IA,41.5740,-92.8451
Sulphur,IN,38.2272,-86.4873
Sulphur,KY,38.4921,-85.2520
Sulphur,LA,30.2190,-93.3639
Sulphur,OK,34.5116,-96.9797
Sulphur Bluff,TX,33.3334,-95.3740
Sulphur Rock,AR,35.7545,-91.5073
Sulphur Springs,AR,36.4794,-94.4521
Sulphur Springs,IN,40.0111,-85.4407
Sulphur Springs,OH,40.8708,-82.8772
Sulphur Springs,TX,33.1345,-95.5922
Sultan,WA,47.8589,-121.7369
Sultana,CA,36.5456,-119.3392
Sumas,WA,48.9708,-122.2074
Sumatra,FL,30.0200,-84.9792
Sumatra,MT,46.6183,-107.5506
Sumava Resorts,IN,41.1664,-87.4392
Sumerco,WV,38.2053,-81.8943
Sumerduck,VA,38.4674,-77.7044
Sumiton,AL,33.7680,-87.0445
Summer Lake,OR,42.8313,-121.0633
Summer Shade,KY,36.8883,-85.7083
Summerdale,AL,30.4752,-87.6992
Summerdale,PA,40.3089,-76.9278
Summerfield,FL,28.9958,-82.0214
Summerfield,IL,38.5972,-89.7517
Summerfield,KS,39.9798,-96.3279
Summerfield,LA,32.9238,-92.8215
Summerfield,NC,36.2245,-79.8901
Summerfield,OH,39.8036,-81.3320
Summerfield,TX,34.7272,-102.4992
Summerhill,PA,40.3890,-78.7560
Summerland,CA,34.4245,-119.5960
Summerland Key,FL,24.6553,-81.4936
Summers,AR,36.0138,-94.5000
Summersville,KY,37.3419,-85.6194
Summersville,MO,37.1484,-91.6828
Summersville,WV,38.3009,-80.8353
Summerton,SC,33.5946,-80.3606
Summertown,TN,35.4307,-87.3198
Summerville,GA,34.4859,-85.3362
Summerville,OR,45.5077,-118.0270
Summerville,PA,41.1058,-79.1726
Summerville,SC,33.0280,-80.1739
Summit,AR,36.2522,-92.6906
Summit,MS,31.2975,-90.4654
Summit,NJ,40.7149,-74.3642
Summit,NY,42.5871,-74.5750
Summit,SD,45.3521,-97.0427
Summit,UT,37.8034,-112.9134
Summit Argo,IL,41.7842,-87.8075
Summit Hill,PA,40.8255,-75.8693
Summit Lake,WI,45.3204,-89.1807
Summit Point,WV,39.2338,-77.9586
Summit Station,OH,39.9969,-82.7522
Summit Station,PA,40.5639,-76.2047
Summitville,IN,40.3398,-85.6403
Summitville,NY,41.6214,-74.4511
Summitville,OH,40.6781,-80.8864
Summitville,TN,35.5594,-85.9925
Sumner,GA,31.5392,-83.7245
Sumner,IA,42.8419,-92.1186
Sumner,IL,38.7341,-87.7807
Sumner,ME,44.3728,-70.4323
Sumner,MI,43.3091,-84.7907
Sumner,MO,39.6550,-93.2241
Sumner,MS,33.9708,-90.3686
Sumner,NE,40.9504,-99.5200
Sumner,TX,33.7589,-95.6807
Sumner,WA,47.2033,-122.2392
Sumneytown,PA,40.3289,-75.4514
Sumpter,OR,44.7316,-118.1906
Sumrall,MS,31.3600,-89.5777
Sumter,SC,33.9282,-80.3210
Sumterville,FL,28.7447,-82.0636
Sun,LA,30.6489,-89.8925
Sun City,AZ,33.6061,-112.2797
Sun City,CA,33.7445,-117.1719
Sun City,FL,27.6781,-82.4789
Sun City,KS,37.3946,-98.9039
Sun City Center,FL,27.7205,-82.4333
Sun City West,AZ,33.6626,-112.2554
Sun Prairie,WI,43.1869,-89.2227
Sun River,MT,47.4810,-111.7242
Sun Valley,AZ,34.2508,-111.2544
Sun Valley,CA,34.2209,-118.3699
Sun Valley,ID,43.6955,-114.3557
Sun Valley,NV,39.5955,-119.7754
Sunapee,NH,43.3868,-72.0950
Sunbright,TN,36.2622,-84.6984
Sunburg,MN,45.3583,-95.2049
Sunburst,MT,48.8516,-111.7442
Sunbury,NC,36.4316,-76.6096
Sunbury,OH,40.2655,-82.8511
Sunbury,PA,40.8551,-76.7776
Suncook,NH,43.1476,-71.4397
Sundance,WY,44.4058,-104.3837
Sunderland,MA,42.4539,-72.5676
Sunderland,MD,38.6490,-76.5767
Sundown,TX,33.4561,-102.4889
Sunfield,MI,42.7693,-84.9813
Sunflower,AL,31.3822,-88.0083
Sunflower,MS,33.5847,-90.6387
Sunland,CA,34.2610,-118.3214
Sunland Park,NM,31.8024,-106.5782
Sunman,IN,39.2623,-85.1159
Sunny Side,GA,33.3406,-84.2908
Sunnyside,NY,40.7436,-73.9216
Sunnyside,UT,39.5514,-110.3872
Sunnyside,WA,46.3213,-120.0126
Sunnyvale,CA,37.3689,-122.0353
Sunnyvale,TX,32.8019,-96.5670
Sunol,CA,37.6094,-121.8986
Sunray,TX,36.0097,-101.8123
Sunrise Beach,MO,38.1558,-92.7854
Sunset,LA,30.3937,-92.0757
Sunset,ME,44.2174,-68.7070
Sunset,SC,34.9706,-82.8076
Sunset,TX,33.4539,-97.7709
Sunset Beach,CA,33.7164,-118.0681
Sunset Beach,NC,33.8836,-78.5200
Sunshine,LA,30.2982,-91.1799
Sunspot,NM,32.7894,-105.8203
Supai,AZ,36.2242,-112.6932
Superior,AZ,33.2887,-111.0985
Superior,IA,43.4503,-94.9649
Superior,MT,47.1721,-114.8885
Superior,NE,40.0315,-98.0779
Superior,WI,46.7016,-92.0912
Superior,WY,41.7694,-108.9758
Suplee,PA,40.0994,-75.8794
Supply,NC,33.9625,-78.2961
Suquamish,WA,47.7343,-122.5573
Surfside,CA,33.7278,-118.0814
Surgoinsville,TN,36.4741,-82.8306
Suring,WI,45.0186,-88.3628
Surprise,AZ,33.6300,-112.3314
Surprise,NE,41.0899,-97.3090
Surprise,NY,42.3612,-73.9515
Surrency,GA,31.6489,-82.1982
Surrey,ND,48.2365,-101.1216
Surry,ME,44.4883,-68.5063
Surry,VA,37.1260,-76.7651
Surveyor,WV,37.7480,-81.3392
Susan,VA,37.3619,-76.3186
Susanville,CA,40.4164,-120.6519
Susquehanna,PA,41.9487,-75.5862
Sussex,NJ,41.2292,-74.5992
Sussex,VA,36.9150,-77.2794
Sussex,WI,43.1441,-88.2271
Sutersville,PA,40.2382,-79.7922
Sutherland,IA,42.9826,-95.4807
Sutherland,NE,41.1557,-101.1360
Sutherland,VA,37.1901,-77.5655
Sutherland Springs,TX,29.2778,-98.0708
Sutherlin,OR,43.3904,-123.2974
Sutherlin,VA,36.6258,-79.1950
Sutter,CA,39.1681,-121.7565
Sutter,IL,40.3097,-91.3761
Sutter Creek,CA,38.4186,-120.7855
Sutton,AK,61.7967,-148.4628
Sutton,MA,42.1406,-71.7484
Sutton,ND,47.3854,-98.4320
Sutton,NE,40.6540,-97.8735
Sutton,VT,44.6465,-72.0211
Sutton,WV,38.6739,-80.6811
Suttons Bay,MI,44.9656,-85.6423
Suwanee,GA,34.0514,-84.0714
Suwannee,FL,29.3286,-83.1444
Swain,NY,42.4773,-77.8890
Swainsboro,GA,32.5819,-82.3387
Swaledale,IA,42.9622,-93.3115
Swampscott,MA,42.4746,-70.9098
Swan,IA,41.4717,-93.2342
Swan Lake,MS,34.0067,-90.0567
Swan Lake,NY,41.7285,-74.8341
Swan River,MN,47.0739,-93.1964
Swan Valley,ID,43.4058,-111.2794
Swanlake,ID,42.3078,-111.9981
Swannanoa,NC,35.6048,-82.4065
Swanquarter,NC,35.4222,-76.2875
Swans Island,ME,44.1450,-68.4522
Swansboro,NC,34.6991,-77.1350
Swansea,MA,41.7473,-71.2122
Swansea,SC,33.7339,-81.0933
Swanton,MD,39.4764,-79.2402
Swanton,NE,40.3844,-97.0806
Swanton,OH,41.5945,-83.8718
Swanton,VT,44.9168,-73.1211
Swanville,MN,45.9431,-94.6289
Swanzey,NH,42.8841,-72.2493
Swarthmore,PA,39.8967,-75.3474
Swartswood,NJ,41.0869,-74.8275
Swartz,LA,32.5686,-91.9850
Swartz Creek,MI,42.9468,-83.8170
Swatara,MN,46.9299,-93.6685
Swayzee,IN,40.5112,-85.8265
Swea City,IA,43.4022,-94.3193
Swedesboro,NJ,39.7529,-75.3362
Swedesburg,IA,41.1053,-91.5469
Sweeden,KY,37.2523,-86.2957
Sweeny,TX,29.0415,-95.7004
Sweet,ID,43.9948,-116.3232
Sweet Briar,VA,37.5528,-79.0667
Sweet Grass,MT,48.9713,-112.0204
Sweet Home,AR,34.6864,-92.2422
Sweet Home,OR,44.3981,-122.7286
Sweet Home,TX,29.3450,-97.0714
Sweet Springs,MO,38.9660,-93.4247
Sweet Valley,PA,41.3066,-76.1339
Sweet Water,AL,32.0773,-87.9228
Sweetser,IN,40.5719,-85.7692
Sweetwater,OK,35.4488,-99.9006
Sweetwater,TN,35.5957,-84.4304
Sweetwater,TX,32.4726,-100.3979
Swengel,PA,40.8922,-77.1269
Swepsonville,NC,36.0211,-79.3617
Swift,MN,48.8476,-95.2975
Swifton,AR,35.8274,-91.1264
Swiftown,MS,33.3056,-90.4250
Swiftwater,PA,41.0879,-75.3483
Swink,CO,38.0144,-103.6278
Swink,OK,34.0178,-95.2019
Swisher,IA,41.8268,-91.6739
Swiss,WV,38.2791,-81.0807
Swisshome,OR,44.0899,-123.8279
Switchback,WV,37.3711,-81.3858
Switz City,IN,39.0369,-87.0502
Switzer,WV,37.7931,-81.9878
Swoope,VA,38.1591,-79.1873
Swords Creek,VA,37.0738,-81.9084
Sybertsville,PA,41.0014,-76.0767
Sycamore,AL,33.2511,-86.2025
Sycamore,GA,31.6553,-83.6064
Sycamore,IL,41.9911,-88.6928
Sycamore,KS,37.3269,-95.7153
Sycamore,OH,40.9413,-83.1492
Sycamore,PA,39.9527,-80.2282
Sycamore,SC,33.0356,-81.2222
Sycamore Valley,OH,39.6664,-81.2436
Sydney,FL,27.9631,-82.2075
Sykeston,ND,47.4369,-99.3975
Sykesville,MD,39.3989,-76.9614
Sykesville,PA,41.0514,-78.8195
Sylacauga,AL,33.1717,-86.2713
Sylmar,CA,34.3054,-118.4322
Sylva,NC,35.3481,-83.2031
Sylvan Beach,MI,43.4100,-86.3486
Sylvan Beach,NY,43.1964,-75.7308
Sylvan Grove,KS,39.0324,-98.3730
Sylvania,AL,34.5590,-85.7921
Sylvania,GA,32.7763,-81.6334
Sylvania,OH,41.7080,-83.7068
Sylvania,PA,41.8050,-76.8572
Sylvester,GA,31.5393,-83.8607
Sylvester,TX,32.7179,-100.2425
Sylvester,WV,38.0091,-81.5492
Sylvia,KS,37.9557,-98.4068
Symsonia,KY,36.8715,-88.5286
Syosset,NY,40.8261,-73.5025
Syracuse,IN,41.4065,-85.7184
Syracuse,KS,37.9826,-101.7687
Syracuse,MO,38.6374,-92.8823
Syracuse,NE,40.6614,-96.1824
Syracuse,NY,43.0459,-76.1528
Syracuse,OH,38.9975,-81.9742
Syracuse,UT,41.0864,-112.0451
Syria,VA,38.4972,-78.3229
Taberg,NY,43.3366,-75.6027
Tabernacle,NJ,39.8676,-74.7110
Tabernash,CO,39.9936,-105.8425
Tabiona,UT,40.3827,-110.7021
Table Grove,IL,40.3784,-90.4239
Table Rock,NE,40.1874,-96.0818
Tabor,IA,40.9004,-95.6729
Tabor,SD,42.9383,-97.6923
Tabor City,NC,34.1233,-78.8232
Tacna,AZ,32.6975,-113.9528
Tacoma,WA,47.2764,-122.7583
Taconic,CT,42.0356,-73.4083
Taconite,MN,47.3128,-93.3819
Tad,WV,38.3333,-81.4944
Taft,CA,35.1482,-119.4557
Taft,OK,35.7581,-95.5494
Taft,TN,35.0517,-86.6447
Taft,TX,27.9765,-97.3966
Tafton,PA,41.3694,-75.1016
Taftsville,VT,43.6298,-72.4673
Taftville,CT,41.5653,-72.0529
Tahlequah,OK,35.9094,-94.9787
Tahoe City,CA,39.1806,-120.1445
Tahoe Vista,CA,39.2448,-120.0521
Tahoka,TX,33.1988,-101.8220
Taholah,WA,47.3407,-124.2827
Tahoma,CA,39.0644,-120.1357
Tahuya,WA,47.4356,-122.9211
Taiban,NM,34.4248,-104.0329
Takoma Park,MD,38.9832,-77.0007
Takotna,AK,62.9489,-155.5664
Talala,OK,36.5429,-95.7142
Talbot,IN,40.6167,-87.3208
Talbott,TN,36.1600,-83.4129
Talbotton,GA,32.6797,-84.5462
Talco,TX,33.3344,-95.0497
Talcott,WV,37.6491,-80.7461
Talent,OR,42.2363,-122.7861
Talihina,OK,34.7381,-94.9978
Talisheek,LA,30.5325,-89.8767
Talkeetna,AK,62.2605,-150.1101
Talking Rock,GA,34.5394,-84.4912
Tall Timbers,MD,38.1653,-76.5399
Talladega,AL,33.4354,-86.1134
Tallahassee,FL,30.4286,-84.2593
Tallapoosa,GA,33.7602,-85.3000
Tallapoosa,MO,36.5081,-89.8192
Tallassee,AL,32.5510,-85.8978
Tallassee,TN,35.5837,-84.0033
Tallevast,FL,27.4014,-82.5431
Tallmadge,OH,41.0975,-81.4260
Tallman,NY,41.1111,-74.1003
Tallmansville,WV,38.8564,-80.1580
Tallula,IL,39.9402,-89.8823
Tallulah,LA,32.4021,-91.1901
Tallulah Falls,GA,34.7333,-83.3917
Talmage,CA,39.1308,-123.1650
Talmage,KS,39.0086,-97.2974
Talmage,NE,40.5586,-96.0138
Talmage,PA,40.0000,-76.2136
Talmage,UT,40.1746,-110.3965
Talmo,GA,34.1951,-83.7187
Talmoon,MN,47.5888,-93.7749
Taloga,OK,35.9972,-98.9825
Talpa,TX,31.8034,-99.6747
Tama,IA,41.9616,-92.5800
Tamaqua,PA,40.7983,-75.9735
Tamarack,MN,46.6179,-93.1342
Tamaroa,IL,38.1380,-89.2231
Tamassee,SC,34.8982,-82.9861
Tamiment,PA,41.1681,-74.9526
Tamms,IL,37.2345,-89.2763
Tampa,FL,27.9428,-82.4549
Tampa,FL,28.0879,-82.4593
Tampa,KS,38.5534,-97.1774
Tampico,IL,41.6522,-89.7948
Tamworth,NH,43.8620,-71.2645
Tanacross,AK,63.3853,-143.3464
Tanana,AK,65.1565,-152.1037
Taneytown,MD,39.6658,-77.1691
Taneyville,MO,36.7405,-93.0280
Tangent,OR,44.5497,-123.1108
Tangerine,FL,28.7647,-81.6308
Tangier,VA,37.8245,-75.9930
Tangipahoa,LA,30.8758,-90.5119
Tanner,AL,34.7130,-86.9892
Tannersville,NY,42.2032,-74.1014
Tannersville,PA,41.0482,-75.3100
Tannersville,VA,36.9763,-81.6280
Taopi,MN,43.5458,-92.6335
Taos,NM,36.3953,-105.5847
Taos Ski Valley,NM,36.5844,-105.4522
Tappahannock,VA,37.9146,-76.9125
Tappan,NY,41.0278,-73.9491
Tappen,ND,46.8336,-99.6019
Tar Heel,NC,34.7465,-78.8134
Tarawa Terrace,NC,34.7354,-77.3831
Tarboro,NC,35.8983,-77.5421
Tarentum,PA,40.6187,-79.7852
Tariffville,CT,41.9077,-72.7678
Tarkio,MO,40.4418,-95.3786
Tarlton,OH,39.5558,-82.7761
Tarpley,TX,29.6455,-99.2469
Tarpon Springs,FL,28.1458,-82.7569
Tarrs,PA,40.1619,-79.5661
Tarrytown,GA,32.2906,-82.5169
Tarrytown,NY,41.0781,-73.8593
Tarzan,TX,32.3575,-101.9607
Tarzana,CA,34.1671,-118.5414
Tasley,VA,37.7103,-75.7008
Taswell,IN,38.3463,-86.5387
Tatamy,PA,40.7408,-75.2575
Tate,GA,34.4239,-84.3653
Tateville,KY,36.9739,-84.4384
Tatitlek,AK,60.8647,-146.6786
Tatum,NM,33.2600,-103.3140
Tatum,SC,34.6439,-79.5867
Tatum,TX,32.3266,-94.5960
Tatums,OK,34.4828,-97.4614
Taunton,MA,41.9050,-71.1026
Taunton,MN,44.5951,-96.0526
Tavares,FL,28.8010,-81.7340
Tavernier,FL,25.0108,-80.5218
Tawas City,MI,44.2675,-83.5449
Taylor,AR,33.1080,-93.4460
Taylor,AZ,34.4650,-110.0906
Taylor,LA,32.5456,-93.1192
Taylor,MI,42.2317,-83.2673
Taylor,MO,39.9145,-91.5278
Taylor,MS,34.2849,-89.6273
Taylor,ND,46.9284,-102.3756
Taylor,NE,41.8229,-99.4154
Taylor,PA,41.3904,-75.7158
Taylor,TX,30.5807,-97.4401
Taylor,WI,44.2899,-91.1128
Taylor Ridge,IL,41.3828,-90.7340
Taylor Springs,IL,39.1308,-89.4919
Taylors,SC,34.9245,-82.3197
Taylors Falls,MN,45.4183,-92.6906
Taylors Island,MD,38.4631,-76.2964
Taylorstown,PA,40.1597,-80.3783
Taylorsville,CA,40.0649,-120.8018
Taylorsville,GA,34.1229,-84.9739
Taylorsville,IN,39.2958,-85.9508
Taylorsville,KY,38.0471,-85.3829
Taylorsville,MS,31.8394,-89.4049
Taylorsville,NC,35.9010,-81.2124
Taylorville,IL,39.5545,-89.3134
Tazewell,TN,36.4710,-83.5552
Tazewell,VA,37.1078,-81.5100
Tchula,MS,33.1624,-90.2500
Tea,SD,43.4711,-96.8177
Teaberry,KY,37.4220,-82.6405
Teachey,NC,34.7700,-78.0221
Teague,TX,31.6328,-96.2778
Teaneck,NJ,40.8915,-74.0119
Teasdale,UT,38.2853,-111.4335
Teays,WV,38.4417,-81.9531
Tebbetts,MO,38.6402,-91.9673
Tecate,CA,32.5922,-116.6064
Techny,IL,42.1214,-87.8049
Tecopa,CA,35.8979,-115.8298
Tecumseh,KS,39.0217,-95.5379
Tecumseh,MI,41.9953,-83.9555
Tecumseh,MO,36.5875,-92.2598
Tecumseh,NE,40.3697,-96.2050
Tecumseh,OK,35.2502,-96.9667
Teec Nos Pos,AZ,36.7797,-109.3590
Teeds Grove,IA,42.0117,-90.2475
Tefft,IN,41.1986,-86.9739
Tehachapi,CA,35.1298,-118.5222
Tehama,CA,40.0272,-122.1222
Tehuacana,TX,31.7411,-96.5467
Teigen,MT,47.0367,-108.5961
Tekamah,NE,41.7819,-96.2281
Tekoa,WA,47.2271,-117.0819
Tekonsha,MI,42.0863,-84.9926
Telegraph,TX,30.3674,-99.9284
Telephone,TX,33.7979,-96.0449
Telferner,TX,28.8486,-96.8903
Telford,PA,40.3205,-75.3520
Telford,TN,36.2451,-82.5369
Tell,TX,34.3782,-100.3965
Tell City,IN,37.9655,-86.7457
Teller,AK,65.2402,-166.3833
Tellico Plains,TN,35.3562,-84.3068
Telluride,CO,37.9400,-107.8214
Telogia,FL,30.3506,-84.8192
Temecula,CA,33.4936,-117.1475
Tempe,AZ,33.4273,-111.9307
Temperance,MI,41.7682,-83.5797
Temperanceville,VA,37.8954,-75.5528
Temple,GA,33.7677,-85.0133
Temple,ME,44.6954,-70.2426
Temple,NH,42.8200,-71.8523
Temple,OK,34.2607,-98.2371
Temple,PA,40.4025,-75.9046
Temple,TX,31.0895,-97.3343
Temple Bar Marina,AZ,36.0256,-114.3181
Temple City,CA,34.1016,-118.0537
Temple Hills,MD,38.8222,-76.9478
Templeton,CA,35.5551,-120.7107
Templeton,IA,41.9121,-94.9320
Templeton,IN,40.5128,-87.2078
Templeton,MA,42.5460,-72.0650
Templeton,PA,40.9419,-79.4499
Templeville,MD,39.1361,-75.7664
Ten Mile,TN,35.6862,-84.6548
Ten Sleep,WY,43.9978,-107.4153
Tenafly,NJ,40.9216,-73.9659
Tenaha,TX,31.9408,-94.2488
Tenakee Springs,AK,57.7800,-135.2167
Tenants Harbor,ME,43.9555,-69.2315
Tendoy,ID,44.9594,-113.6439
Tenino,WA,46.8641,-122.8493
Tenmile,OR,43.1371,-123.5301
Tennent,NJ,40.2794,-74.3347
Tennessee,IL,40.4140,-90.8556
Tennessee Colony,TX,31.7929,-95.8998
Tennessee Ridge,TN,36.3297,-87.7808
Tennga,GA,34.9867,-84.7386
Tennille,GA,32.9063,-82.8400
Tennyson,IN,38.1232,-87.1388
Tennyson,TX,31.7417,-100.2858
Tensed,ID,47.1707,-116.9027
Tenstrike,MN,47.6611,-94.6824
Tererro,NM,35.7369,-105.6457
Terlingua,TX,29.3165,-103.5597
Terlton,OK,36.1889,-96.4876
Termo,CA,40.9467,-120.5174
Terra Alta,WV,39.4416,-79.5572
Terra Bella,CA,35.9570,-119.0312
Terra Ceia,FL,27.5792,-82.5806
Terrace Park,OH,39.1602,-84.3098
Terral,OK,33.8972,-97.9350
Terre Haute,IN,39.4666,-87.4138
Terre Haute,IN,39.4667,-87.4068
Terre Hill,PA,40.1585,-76.0511
Terrebonne,OR,44.3555,-121.1676
Terrell,NC,35.5836,-80.9631
Terrell,TX,32.7143,-96.2513
Terreton,ID,43.8586,-112.4200
Terril,IA,43.3241,-94.9737
Terry,MS,32.1147,-90.3241
Terry,MT,46.8290,-105.3706
Terryville,CT,41.6762,-73.0092
Tescott,KS,38.9983,-97.8284
Tesuque,NM,35.7633,-105.9350
Teterboro,NJ,40.8618,-74.0542
Teton,ID,43.8988,-111.6681
Teton Village,WY,43.5881,-110.8272
Tetonia,ID,43.8437,-111.1870
Teutopolis,IL,39.1320,-88.4767
Tewksbury,MA,42.6028,-71.2232
Texarkana,AR,33.4417,-94.0375
Texarkana,TX,33.4074,-94.1182
Texas City,TX,29.3970,-94.9203
Texhoma,OK,36.5253,-101.8394
Texico,IL,38.4250,-88.8702
Texico,NM,34.3958,-103.0615
Texline,TX,36.3740,-102.9845
Texola,OK,35.2250,-99.9822
Thackerville,OK,33.7882,-97.1363
Thatcher,AZ,32.8199,-109.7302
Thatcher,ID,42.3320,-111.7890
Thawville,IL,40.6840,-88.0999
Thaxton,MS,34.3136,-89.1515
Thaxton,VA,37.3600,-79.6522
Thayer,IA,41.0029,-94.0686
Thayer,IL,39.5381,-89.7631
Thayer,IN,41.1733,-87.3336
Thayer,KS,37.4527,-95.4671
Thayer,MO,36.5327,-91.5418
Thayne,WY,42.9330,-111.0114
The Colony,TX,33.0940,-96.8836
The Dalles,OR,45.5995,-121.1905
The Lakes,NV,36.1750,-115.1363
The Plains,OH,39.3662,-82.1341
The Plains,VA,38.8619,-77.7742
The Rock,GA,32.9717,-84.2424
The Sea Ranch,CA,38.7256,-123.4675
The Villages,FL,28.9335,-82.0046
Thebes,IL,37.1916,-89.3969
Thedford,NE,41.9736,-100.5738
Thelma,KY,37.7987,-82.7755
Thendara,NY,43.7000,-75.0022
Theodore,AL,30.5444,-88.1807
Theodosia,MO,36.5690,-92.7019
Theresa,NY,44.2113,-75.8014
Theresa,WI,43.5045,-88.4478
Theriot,LA,29.4516,-90.7651
Thermal,CA,33.5434,-116.1158
Thermopolis,WY,43.6622,-108.2313
Thetford,VT,43.8211,-72.2544
Thetford Center,VT,43.8149,-72.2662
Thibodaux,LA,29.7992,-90.8096
Thicket,TX,30.3956,-94.6300
Thida,AR,35.5536,-91.4618
Thief River Falls,MN,48.1104,-96.1670
Thiells,NY,41.2078,-74.0154
Thiensville,WI,43.2251,-87.9594
Thomas,OK,35.7382,-98.7388
Thomas,WV,39.1505,-79.5030
Thomasboro,IL,40.2402,-88.1830
Thomaston,AL,32.2538,-87.5974
Thomaston,CT,41.6786,-73.0886
Thomaston,GA,32.9015,-84.3324
Thomaston,ME,44.0846,-69.1888
Thomaston,TX,28.9972,-97.1547
Thomastown,MS,32.8639,-89.6694
Thomasville,AL,31.9067,-87.7598
Thomasville,GA,30.8665,-83.9233
Thomasville,NC,35.8713,-80.0913
Thomasville,PA,39.9346,-76.8822
Thompson,CT,41.9803,-71.8376
Thompson,IA,43.3875,-93.7517
Thompson,MO,39.2026,-92.0259
Thompson,ND,47.7766,-97.0962
Thompson,OH,41.6762,-81.0573
Thompson,PA,41.8340,-75.5342
Thompson,UT,38.9881,-109.7945
Thompson Falls,MT,47.6016,-115.3602
Thompson Ridge,NY,41.5810,-74.3774
Thompsons,TX,29.4975,-95.5847
Thompsons Station,TN,35.8310,-87.0049
Thompsontown,PA,40.5908,-77.2076
Thompsonville,IL,37.8804,-88.7684
Thompsonville,MI,44.5198,-85.9460
Thompsonville,NY,41.6681,-74.6256
Thomson,GA,33.4774,-82.4942
Thomson,IL,41.9816,-90.0844
Thonotosassa,FL,28.0617,-82.3082
Thor,IA,42.6889,-94.0390
Thoreau,NM,35.5787,-107.8302
Thorn Hill,TN,36.3917,-83.3660
Thornburg,IA,41.4547,-92.3356
Thornburg,VA,38.1333,-77.5219
Thorndale,PA,40.0001,-75.7629
Thorndale,TX,30.6082,-97.1764
Thorndike,MA,42.1875,-72.3361
Thorndike,ME,44.5744,-69.2487
Thorne Bay,AK,55.6609,-132.5138
Thornfield,MO,36.7075,-92.6578
Thornton,AR,33.7677,-92.4683
Thornton,CA,38.2261,-121.4236
Thornton,IA,42.9684,-93.4088
Thornton,IL,41.5727,-87.6078
Thornton,KY,37.1296,-82.7382
Thornton,NH,43.8928,-71.6759
Thornton,PA,39.9041,-75.5313
Thornton,TX,31.4083,-96.5024
Thornton,WA,47.1253,-117.3864
Thornton,WV,39.3329,-79.9096
Thorntown,IN,40.1133,-86.5898
Thornville,OH,39.8974,-82.4071
Thornwood,NY,41.1182,-73.7733
Thorofare,NJ,39.8592,-75.1767
Thorp,WA,47.0178,-120.6786
Thorp,WI,44.9573,-90.8029
Thorpe,WV,37.3686,-81.5167
Thorsby,AL,32.9238,-86.7467
Thousand Island Park,NY,44.2869,-76.0281
Thousand Oaks,CA,34.1706,-118.8367
Thousand Palms,CA,33.8082,-116.3713
Thousandsticks,KY,37.1850,-83.4289
Thrall,TX,30.5920,-97.2893
Three Bridges,NJ,40.5216,-74.7998
Three Forks,MT,45.8811,-111.5436
Three Lakes,WI,45.8046,-89.1328
Three Mile Bay,NY,44.0551,-76.2689
Three Oaks,MI,41.8150,-86.6154
Three Rivers,CA,36.4377,-118.8875
Three Rivers,MA,42.1819,-72.3624
Three Rivers,MI,41.9596,-85.6371
Three Rivers,TX,28.4756,-98.1782
Three Springs,PA,40.1834,-77.9941
Throckmorton,TX,33.1794,-99.1838
Thurman,IA,40.8424,-95.7605
Thurman,OH,38.8988,-82.4050
Thurmond,NC,36.3562,-80.9317
Thurmond,WV,37.9554,-81.0714
Thurmont,MD,39.6066,-77.4051
Thurston,NE,42.1882,-96.6904
Thurston,OH,39.8403,-82.5461
Thurston,OR,44.0464,-123.0208
Tibbie,AL,31.3737,-88.2668
Tichnor,AR,34.0893,-91.2437
Tickfaw,LA,30.5668,-90.4820
Ticonderoga,NY,43.8463,-73.4426
Tidewater,OR,44.4055,-123.9149
Tidioute,PA,41.7030,-79.3752
Tie Plant,MS,33.7414,-89.7900
Tie Siding,WY,41.0528,-105.4462
Tierra Amarilla,NM,36.6805,-106.5570
Tieton,WA,46.7063,-120.7473
Tiff,MO,38.0192,-90.6528
Tiff City,MO,36.6644,-94.5934
Tiffin,IA,41.7058,-91.6628
Tiffin,OH,41.1238,-83.1844
Tifton,GA,31.4503,-83.5086
Tiger,GA,34.8174,-83.4333
Tigerton,WI,44.7299,-89.0569
Tigerville,SC,35.0944,-82.3582
Tignall,GA,33.8833,-82.6956
Tigrett,TN,35.9514,-89.2400
Tijeras,NM,35.0446,-106.3062
Tilden,IL,38.2119,-89.6825
Tilden,NE,42.0496,-97.8223
Tilden,TX,28.4198,-98.5693
Tilghman,MD,38.7063,-76.3377
Tiline,KY,37.1628,-88.2547
Tillamook,OR,45.4492,-123.8189
Tillar,AR,33.6748,-91.5203
Tillatoba,MS,33.9852,-89.8945
Tilleda,WI,44.8118,-88.9075
Tiller,OR,42.9859,-122.9081
Tillery,NC,36.2517,-77.4858
Tillman,SC,32.4927,-81.0776
Tillson,NY,41.8163,-74.0722
Tilly,AR,35.6976,-92.8442
Tilton,IL,40.0964,-87.6440
Tilton,NH,43.4603,-71.5774
Tiltonsville,OH,40.1681,-80.6996
Timber,OR,45.7270,-123.3119
Timber Lake,SD,45.3927,-101.0351
Timberlake,NC,36.2918,-78.9353
Timberon,NM,32.9583,-105.7450
Timberville,VA,38.6476,-78.7717
Timblin,PA,40.9684,-79.2014
Timbo,AR,35.8963,-92.2525
Timewell,IL,40.0117,-90.8661
Timmonsville,SC,34.1012,-79.9378
Timnath,CO,40.5292,-104.9847
Timpson,TX,31.8841,-94.3967
Tina,MO,39.5518,-93.4647
Tingley,IA,40.8516,-94.1908
Tinker Afb,OK,35.4157,-97.4037
Tinley Park,IL,41.5825,-87.8050
Tinley Park,IL,41.5963,-87.8434
Tinnie,NM,33.3373,-105.2027
Tinsley,MS,32.7319,-90.4603
Tintah,MN,45.9902,-96.3870
Tioga,LA,31.4157,-92.4471
Tioga,ND,48.3920,-102.9613
Tioga,PA,41.9125,-77.1393
Tioga,TX,33.4675,-96.9097
Tioga,WV,38.3760,-80.6617
Tioga Center,NY,42.0561,-76.3483
Tiona,PA,41.7469,-79.0675
Tionesta,PA,41.5116,-79.3663
Tiplersville,MS,34.9029,-88.9157
Tipp City,OH,39.9436,-84.1715
Tippecanoe,IN,41.2166,-86.1095
Tippecanoe,OH,40.2797,-81.2919
Tippo,MS,33.9119,-90.1806
Tipton,CA,36.0546,-119.3078
Tipton,IA,41.7563,-91.1362
Tipton,IN,40.2817,-86.0433
Tipton,KS,39.3436,-98.4644
Tipton,MI,42.0369,-84.0768
Tipton,MO,38.6548,-92.7814
Tipton,OK,34.5098,-99.1315
Tipton,PA,40.6358,-78.2961
Tipton,TN,35.4136,-89.8197
Tiptonville,TN,36.3846,-89.4649
Tire Hill,PA,40.2686,-78.9161
Tiro,OH,40.8810,-82.7970
Tisch Mills,WI,44.3272,-87.6236
Tishomingo,MS,34.6478,-88.2194
Tishomingo,OK,34.2643,-96.6675
Tiskilwa,IL,41.2891,-89.5080
Titonka,IA,43.2456,-94.0367
Titus,AL,32.6900,-86.2393
Titusville,FL,28.5697,-80.8191
Titusville,NJ,40.3077,-74.8655
Titusville,PA,41.6382,-79.6855
Tiverton,RI,41.6338,-71.1808
Tivoli,NY,42.0579,-73.9025
Tivoli,TX,28.4401,-96.8872
Toa Alta,PR,18.3664,-66.2333
Toa Baja,PR,18.4519,-66.1819
Toano,VA,37.3901,-76.8253
Toast,NC,36.5003,-80.6267
Tobaccoville,NC,36.2336,-80.3915
Tobias,NE,40.4262,-97.3184
Tobyhanna,PA,41.1836,-75.3918
Toccoa,GA,34.5665,-83.3114
Toccoa Falls,GA,34.5936,-83.3583
Toccopola,MS,34.2556,-89.2344
Todd,NC,36.3245,-81.5874
Todd,PA,40.2578,-78.1004
Toddville,IA,42.1039,-91.7290
Toddville,MD,38.2726,-76.0596
Toeterville,IA,43.4422,-92.8903
Tofte,MN,47.7608,-90.7831
Togiak,AK,59.0667,-160.4000
Tohatchi,NM,35.7686,-108.6878
Toivola,MI,46.9854,-88.8607
Tok,AK,63.3333,-142.9833
Tokeland,WA,46.7469,-124.0460
Tokio,ND,47.9233,-98.8167
Tokio,TX,33.1826,-102.5768
Toksook Bay,AK,60.5370,-165.0970
Tolar,TX,32.3772,-97.8802
Toledo,IA,42.0077,-92.5662
Toledo,IL,39.2772,-88.2468
Toledo,OH,41.6420,-83.5438
Toledo,OH,41.6420,-83.5438
Toledo,OR,44.6271,-123.9301
Toledo,WA,46.4396,-122.8266
Tolland,CT,41.8696,-72.3718
Tollesboro,KY,38.5723,-83.5605
Tolleson,AZ,33.4347,-112.2774
Tolley,ND,48.7969,-101.8559
Tollhouse,CA,36.9943,-119.3914
Tolna,ND,47.8020,-98.4752
Tolono,IL,39.9850,-88.2596
Tolovana Park,OR,45.8862,-123.9589
Tolstoy,SD,45.1702,-99.6176
Tolu,KY,37.4331,-88.2453
Toluca,IL,41.0046,-89.1348
Toluca Lake,CA,34.1578,-118.3794
Tom Bean,TX,33.5200,-96.4836
Tomah,WI,43.9948,-90.4917
Tomahawk,KY,37.8793,-82.5993
Tomahawk,WI,45.4963,-89.7273
Tomales,CA,38.2464,-122.9044
Tomball,TX,30.0739,-95.6201
Tombstone,AZ,31.7216,-110.0584
Tome,NM,34.7408,-106.7278
Tomkins Cove,NY,41.2598,-73.9892
Tompkinsville,KY,36.7131,-85.6968
Toms Brook,VA,38.9702,-78.4038
Toms River,NJ,39.9771,-74.1565
Tonalea,AZ,35.9346,-110.8820
Tonasket,WA,48.7194,-119.3943
Tonawanda,NY,43.0028,-78.8547
Toney,AL,34.9116,-86.7000
Tonganoxie,KS,39.1026,-95.1051
Tonica,IL,41.2327,-89.0890
Tonkawa,OK,36.6806,-97.3063
Tonopah,AZ,33.4228,-112.9528
Tonopah,NV,38.2043,-117.0899
Tontitown,AR,36.1778,-94.2333
Tonto Basin,AZ,33.9303,-111.3081
Tontogany,OH,41.4192,-83.7408
Tony,WI,45.4741,-90.9869
Tooele,UT,40.5454,-112.3002
Toomsboro,GA,32.8219,-83.0844
Toomsuba,MS,32.4296,-88.4892
Toone,TN,35.3574,-88.9353
Topanga,CA,34.1076,-118.6023
Topawa,AZ,31.8139,-111.8250
Topaz,CA,38.6415,-119.5122
Topeka,IL,40.3811,-89.9326
Topeka,IN,41.5634,-85.5317
Topeka,KS,39.0541,-95.6719
Topinabee,MI,45.4839,-84.5953
Topmost,KY,37.3470,-82.7810
Topock,AZ,34.7784,-114.4817
Toponas,CO,40.1196,-106.9082
Toppenish,WA,46.3751,-120.3305
Topping,VA,37.5978,-76.4549
Topsfield,MA,42.6415,-70.9488
Topsfield,ME,45.4304,-67.7473
Topsham,ME,43.9413,-69.9645
Topsham,VT,44.0639,-72.2228
Topton,NC,35.2306,-83.7451
Topton,PA,40.5029,-75.7015
Toquerville,UT,37.2533,-113.2839
Tornado,WV,38.3357,-81.8476
Tornillo,TX,31.4453,-106.0878
Toronto,KS,37.7953,-95.9368
Toronto,OH,40.4733,-80.6325
Toronto,SD,44.5786,-96.7077
Torrance,CA,33.8268,-118.3118
Torrance,PA,40.4172,-79.2231
Torreon,NM,34.7222,-106.2981
Torrey,UT,38.3350,-111.5474
Torrington,CT,41.8131,-73.1156
Torrington,WY,42.0624,-104.1917
Tortilla Flat,AZ,33.5264,-111.3892
Toston,MT,46.2044,-111.4260
Totowa,NJ,40.9050,-74.2103
Totz,KY,36.9710,-83.2019
Touchet,WA,46.0485,-118.6554
Tougaloo,MS,32.3975,-90.1589
Toughkenamon,PA,39.8251,-75.7825
Toulon,IL,41.1009,-89.8606
Toutle,WA,46.2956,-122.6477
Tovey,IL,39.5889,-89.4561
Tow,TX,30.8609,-98.4596
Towaco,NJ,40.9277,-74.3428
Towanda,IL,40.5533,-88.8886
Towanda,KS,37.8005,-96.9918
Towanda,PA,41.7638,-76.4645
Towaoc,CO,37.2084,-108.7200
Tower,MI,45.3416,-84.3035
Tower,MN,47.8089,-92.2878
Tower City,ND,46.9119,-97.6594
Tower City,PA,40.5845,-76.5500
Tower Hill,IL,39.3658,-88.9745
Town Creek,AL,34.6491,-87.4262
Towner,ND,48.3777,-100.4123
Townley,AL,33.8470,-87.4372
Townsend,DE,39.3819,-75.6834
Townsend,GA,31.5673,-81.4182
Townsend,MA,42.6525,-71.6896
Townsend,MT,46.3346,-111.4919
Townsend,TN,35.6784,-83.7572
Townsend,VA,37.1844,-75.9586
Townsend,WI,45.3148,-88.6107
Townshend,VT,43.0622,-72.6687
Township Of Washington,NJ,41.0028,-74.0189
Townsville,NC,36.4944,-78.4239
Townville,PA,41.6856,-79.8767
Townville,SC,34.5226,-82.8963
Towson,MD,39.4025,-76.6032
Toxey,AL,31.9315,-88.3179
Toyah,TX,31.3147,-103.7928
Toyahvale,TX,30.9442,-103.7889
Trabuco Canyon,CA,33.6639,-117.5894
Tracy,CA,37.7544,-121.3697
Tracy,IA,41.2756,-92.8753
Tracy,MN,44.2342,-95.6213
Tracy City,TN,35.2721,-85.7362
Tracys Landing,MD,38.7671,-76.5752
Tracyton,WA,47.6092,-122.6539
Trade,TN,36.3683,-81.7572
Traer,IA,42.1847,-92.4827
Trafalgar,IN,39.3696,-86.1838
Trafford,AL,33.8190,-86.7434
Trafford,PA,40.3852,-79.7552
Trail,MN,47.7478,-95.7607
Trail,OR,42.6864,-122.8160
Trail City,SD,45.4401,-100.6829
Tram,KY,37.5733,-82.6464
Trampas,NM,36.1311,-105.7583
Tranquility,NJ,40.9561,-74.8089
Tranquillity,CA,36.6584,-120.2617
Transfer,PA,41.3244,-80.4197
Transylvania,LA,32.6705,-91.2288
Traphill,NC,36.3301,-81.0151
Trappe,MD,38.6647,-76.0507
Trapper Creek,AK,61.4414,-150.2845
Traskwood,AR,34.4508,-92.6547
Travelers Rest,SC,35.0039,-82.4272
Traver,CA,36.4553,-119.4839
Traverse City,MI,44.7437,-85.6189
Travis Afb,CA,38.2743,-121.9463
Treadwell,NY,42.3630,-75.0588
Trebloc,MS,33.8411,-88.8303
Treece,KS,37.0399,-94.8690
Trego,MT,48.7053,-114.8683
Trego,WI,45.9516,-91.8581
Treichlers,PA,40.7342,-75.5442
Treloar,MO,38.6444,-91.1878
Trementina,NM,35.5849,-104.6163
Tremont,IL,40.5053,-89.4833
Tremont,MS,34.2335,-88.2392
Tremont,PA,40.6268,-76.3988
Tremont City,OH,40.0111,-83.8361
Tremonton,UT,41.7016,-112.1813
Trempealeau,WI,44.0218,-91.4282
Trenary,MI,46.1947,-86.9502
Trent,SD,43.8942,-96.6326
Trent,TX,32.4898,-100.1195
Trenton,AL,34.7401,-86.2913
Trenton,FL,29.6264,-82.8093
Trenton,GA,34.9017,-85.5171
Trenton,IL,38.6191,-89.6447
Trenton,KY,36.7314,-87.2611
Trenton,MI,42.1343,-83.2181
Trenton,MO,40.0823,-93.6086
Trenton,NC,35.0745,-77.4595
Trenton,ND,48.0563,-103.8613
Trenton,NE,40.1681,-101.0201
Trenton,NJ,40.0440,-74.5882
Trenton,NJ,40.2169,-74.7433
Trenton,NJ,40.2169,-74.7433
Trenton,OH,39.4799,-84.4598
Trenton,SC,33.6938,-81.8534
Trenton,TN,35.9712,-88.9507
Trenton,TX,33.4235,-96.3398
Trenton,UT,41.9105,-111.9340
Tres Piedras,NM,36.6469,-105.9667
Tres Pinos,CA,36.7900,-121.3200
Tresckow,PA,40.9133,-75.9669
Trevett,ME,43.8935,-69.6746
Trevilians,VA,38.0514,-78.0731
Trevor,WI,42.5201,-88.1387
Trevorton,PA,40.7819,-76.6702
Trexlertown,PA,40.5544,-75.6023
Treynor,IA,41.2207,-95.6170
Trezevant,TN,36.0172,-88.6100
Triadelphia,WV,40.0699,-80.5953
Triangle,VA,38.5509,-77.3229
Tribes Hill,NY,42.9553,-74.2856
Tribune,KS,38.4962,-101.7656
Tridell,UT,40.4436,-109.8359
Trilby,FL,28.4622,-82.1950
Trilla,IL,39.3853,-88.3457
Trimble,MO,39.4871,-94.5512
Trimble,OH,39.4847,-82.0792
Trimble,TN,36.2011,-89.1863
Trimont,MN,43.7827,-94.7186
Trinchera,CO,37.0757,-104.1184
Trinidad,CA,41.0879,-124.1013
Trinidad,CO,37.1755,-104.5007
Trinidad,TX,32.1383,-96.0831
Trinity,AL,34.5918,-87.0913
Trinity,NC,35.8429,-79.9902
Trinity,TX,30.9420,-95.3403
Trinity Center,CA,41.0615,-122.7239
Trinway,OH,40.1411,-82.0100
Trion,GA,34.5468,-85.3112
Tripler Army Medical Center,HI,21.3608,-157.8917
Triplett,MO,39.5011,-93.1928
Tripoli,IA,42.8105,-92.2659
Tripoli,WI,45.5814,-89.9852
Tripp,SD,43.2404,-97.9713
Triumph,IL,41.4994,-89.0219
Trivoli,IL,40.6795,-89.9135
Trona,CA,35.7608,-117.3830
Tropic,UT,37.6253,-112.0814
Trosky,MN,43.8892,-96.2567
Trosper,KY,36.7826,-83.8314
Troup,TX,32.1040,-95.1227
Troupsburg,NY,42.0501,-77.5502
Trout,LA,31.6531,-92.1993
Trout Creek,MI,46.4864,-89.0270
Trout Creek,MT,47.8111,-115.5592
Trout Creek,NY,42.2036,-75.2797
Trout Lake,MI,46.1936,-85.0189
Trout Lake,WA,45.9828,-121.5163
Trout Run,PA,41.4125,-77.0098
Troutdale,OR,45.5254,-122.3739
Troutdale,VA,36.6855,-81.4350
Troutman,NC,35.6863,-80.8822
Troutville,PA,41.0256,-78.7856
Troutville,VA,37.4019,-79.8786
Troxelville,PA,40.8031,-77.2056
Troy,AL,31.7567,-85.9993
Troy,ID,46.7426,-116.7681
Troy,IL,38.7243,-89.8708
Troy,IN,37.9980,-86.7978
Troy,KS,39.7787,-95.0663
Troy,ME,44.6757,-69.2549
Troy,MI,42.5609,-83.1471
Troy,MO,39.0012,-90.9624
Troy,MT,48.4791,-115.8817
Troy,NC,35.3777,-79.9093
Troy,NH,42.8270,-72.1848
Troy,NY,42.7287,-73.6683
Troy,NY,42.7438,-73.6937
Troy,OH,40.0374,-84.2032
Troy,PA,41.7781,-76.7711
Troy,SC,33.9557,-82.2941
Troy,TN,36.3416,-89.1611
Troy,TX,31.1759,-97.2852
Troy,VA,37.9636,-78.2535
Troy,VT,44.9594,-72.3938
Troy,WV,39.0839,-80.7549
Troy Grove,IL,41.4678,-89.0831
Troy Mills,IA,42.2900,-91.6822
Truchas,NM,36.0436,-105.8111
Truckee,CA,39.3281,-120.1822
Truesdale,IA,42.7292,-95.1825
Trufant,MI,43.3156,-85.3685
Trujillo Alto,PR,18.3440,-66.0053
Truman,MN,43.8200,-94.4319
Trumann,AR,35.6689,-90.5187
Trumansburg,NY,42.5210,-76.6681
Trumbauersville,PA,40.4106,-75.3786
Trumbull,CT,41.2564,-73.2111
Trumbull,NE,40.6692,-98.2574
Truro,IA,41.2076,-93.8410
Truro,MA,41.9988,-70.0564
Trussville,AL,33.6339,-86.5981
Truth Or Consequences,NM,33.1395,-107.2488
Truxton,MO,38.9670,-91.2126
Truxton,NY,42.7085,-76.0189
Tryon,NC,35.2157,-82.2394
Tryon,NE,41.5732,-101.0175
Tryon,OK,35.8632,-96.9984
Tsaile,AZ,36.3071,-109.2176
Tualatin,OR,45.3727,-122.7631
Tuba City,AZ,36.1037,-111.2686
Tubac,AZ,31.6125,-111.0453
Tuckahoe,NJ,39.2900,-74.7542
Tuckahoe,NY,40.9569,-73.8198
Tuckasegee,NC,35.2599,-83.0749
Tucker,AR,34.4414,-91.9163
Tucker,GA,33.8570,-84.2160
Tuckerman,AR,35.7307,-91.2003
Tucson,AZ,32.2139,-110.9694
Tucumcari,NM,35.1680,-103.7179
Tujunga,CA,34.2544,-118.2849
Tula,MS,34.2328,-89.3622
Tulare,CA,36.2022,-119.3380
Tulare,SD,44.7305,-98.5539
Tularosa,NM,33.0650,-106.0108
Tulelake,CA,41.9316,-121.4347
Tuleta,TX,28.5706,-97.7969
Tulia,TX,34.5403,-101.7629
Tullahoma,TN,35.3584,-86.2207
Tullos,LA,31.8531,-92.3013
Tully,NY,42.8070,-76.1394
Tulsa,OK,36.0557,-96.0602
Tulsa,OK,36.1504,-95.9953
Tuluksak,AK,61.1088,-160.9389
Tumacacori,AZ,31.5942,-111.0397
Tumbling Shoals,AR,35.5470,-91.9704
Tumtum,WA,47.8982,-117.6990
Tumwater,WA,46.9542,-123.0250
Tunas,MO,37.8392,-92.9808
Tunbridge,VT,43.9169,-72.4786
Tunica,LA,30.9292,-91.5550
Tunica,MS,34.6884,-90.3685
Tunkhannock,PA,41.5507,-75.9410
Tunnel,NY,42.2161,-75.7269
Tunnel City,WI,44.0072,-90.5656
Tunnel Hill,GA,34.8541,-85.0468
Tunnelton,IN,38.7686,-86.3428
Tunnelton,WV,39.3625,-79.7478
Tuntutuliak,AK,60.8438,-161.6372
Tununak,AK,60.5393,-165.0975
Tuolumne,CA,37.9713,-120.2375
Tupelo,AR,35.3931,-91.2306
Tupelo,MS,34.2538,-88.7209
Tupelo,OK,34.5598,-96.4274
Tupman,CA,35.2885,-119.3420
Tupper Lake,NY,44.2285,-74.4632
Tuppers Plains,OH,39.1686,-81.8467
Turbeville,SC,33.8786,-79.9852
Turbotville,PA,41.1119,-76.7425
Turin,GA,33.3264,-84.6358
Turin,NY,43.6441,-75.4132
Turkey,NC,34.9857,-78.2121
Turkey,TX,34.4036,-100.8449
Turkey City,PA,41.1853,-79.6136
Turkey Creek,LA,30.8769,-92.4131
Turlock,CA,37.5036,-120.8505
Turner,AR,34.4761,-91.0186
Turner,ME,44.2557,-70.2494
Turner,MI,44.1054,-83.6507
Turner,MT,48.8328,-108.3961
Turner,OR,44.8476,-122.9501
Turners,MO,37.1808,-93.1553
Turners Falls,MA,42.6065,-72.5470
Turners Station,KY,38.5504,-85.1325
Turnersburg,NC,35.9083,-80.8075
Turnerville,GA,34.6867,-83.4261
Turney,MO,39.6318,-94.2972
Turon,KS,37.8096,-98.4218
Turpin,OK,36.9090,-100.8690
Turrell,AR,35.2969,-90.2630
Turtle Creek,PA,40.4113,-79.8220
Turtle Creek,WV,38.0427,-81.8535
Turtle Lake,ND,47.5414,-100.8814
Turtle Lake,WI,45.4213,-92.1781
Turtlepoint,PA,41.8847,-78.3308
Turtletown,TN,35.1081,-84.3544
Turton,SD,45.0379,-98.0996
Tuscaloosa,AL,33.1969,-87.5627
Tuscarawas,OH,40.3947,-81.4072
Tuscarora,MD,39.2667,-77.5101
Tuscarora,NV,41.1715,-116.9311
Tuscarora,PA,40.7700,-76.0378
Tuscola,IL,39.7995,-88.2816
Tuscola,MI,43.3264,-83.6572
Tuscola,TX,32.2350,-99.8244
Tuscumbia,AL,34.6874,-87.6833
Tuscumbia,MO,38.2389,-92.4917
Tuskahoma,OK,34.7348,-95.2208
Tuskegee,AL,32.4316,-85.6861
Tuskegee Institute,AL,32.4303,-85.7053
Tussy,OK,34.5067,-97.5428
Tustin,CA,33.7382,-117.8207
Tustin,MI,44.1072,-85.4901
Tuthill,SD,43.1196,-101.4701
Tutor Key,KY,37.8605,-82.7351
Tuttle,ND,47.1626,-99.9873
Tuttle,OK,35.2674,-97.7446
Tutwiler,MS,33.9819,-90.3753
Tuxedo,NC,35.2253,-82.4297
Tuxedo Park,NY,41.1925,-74.2159
Twain,CA,40.0028,-121.1507
Twain Harte,CA,38.0447,-120.2155
Twelve Mile,IN,40.8547,-86.2126
Twentynine Palms,CA,34.1455,-116.0601
Twig,MN,46.8944,-92.3644
Twilight,WV,37.9210,-81.6352
Twin Bridges,CA,38.8086,-120.1289
Twin Bridges,MT,45.5311,-112.3495
Twin Brooks,SD,45.2115,-96.9956
Twin City,GA,32.6129,-82.1979
Twin Falls,ID,42.5565,-114.4693
Twin Lake,MI,43.3414,-86.1633
Twin Lakes,CO,39.0902,-106.4351
Twin Lakes,MN,43.5540,-93.3887
Twin Lakes,WI,42.5232,-88.2573
Twin Mountain,NH,44.2722,-71.5394
Twin Oaks,OK,36.1916,-94.8544
Twin Peaks,CA,34.2389,-117.2328
Twin Rocks,PA,40.5183,-78.8605
Twin Valley,MN,47.2509,-96.2464
Twining,MI,44.1293,-83.8491
Twinsburg,OH,41.3289,-81.4559
Twisp,WA,48.3632,-120.1350
Two Buttes,CO,37.5748,-102.3201
Two Dot,MT,46.4465,-109.8995
Two Harbors,MN,47.0394,-91.6783
Two Rivers,AK,64.8719,-147.0381
Two Rivers,WI,44.1660,-87.5855
Ty Ty,GA,31.4560,-83.6220
Tyaskin,MD,38.3071,-75.8690
Tybee Island,GA,32.0068,-80.8509
Tye,TX,32.4477,-99.8684
Tygh Valley,OR,45.2318,-121.2965
Tyler,AL,32.2819,-86.8599
Tyler,MN,44.2773,-96.1302
Tyler,TX,32.3254,-95.2922
Tyler Hill,PA,41.6709,-75.1542
Tylersburg,PA,41.3847,-79.3225
Tylersport,PA,40.3494,-75.3814
Tylersville,PA,40.9906,-77.4253
Tylerton,MD,37.9674,-76.0230
Tylertown,MS,31.1466,-90.1169
Tynan,TX,28.1693,-97.7549
Tyndall,SD,42.9900,-97.8633
Tyner,IN,41.4097,-86.4025
Tyner,KY,37.3430,-83.8707
Tyner,NC,36.2502,-76.6428
Tyngsboro,MA,42.6724,-71.4158
Tyonek,AK,61.1179,-151.3485
Tyringham,MA,42.2458,-73.2042
Tyro,KS,37.0378,-95.8211
Tyro,VA,37.8214,-79.0050
Tyrone,GA,33.4719,-84.5914
Tyrone,NM,32.6583,-108.3600
Tyrone,NY,42.4081,-77.0586
Tyrone,OK,36.9558,-101.0594
Tyrone,PA,40.6619,-78.2419
Tyronza,AR,35.4865,-90.3519
U S A F Academy,CO,38.9904,-104.8601
Ubly,MI,43.6896,-82.9640
Ucon,ID,43.5964,-111.9631
Udall,KS,37.3939,-97.1108
Udall,MO,36.5253,-92.2335
Udell,IA,40.7836,-92.7185
Uehling,NE,41.7342,-96.5047
Uhrichsville,OH,40.3905,-81.3374
Ukiah,CA,39.1519,-123.2007
Ukiah,OR,45.1342,-118.9314
Uledi,PA,39.8961,-79.7906
Ulen,MN,47.0903,-96.2824
Ullin,IL,37.2704,-89.1911
Ulm,AR,34.5799,-91.5134
Ulm,MT,47.4306,-111.5064
Ulman,MO,38.1341,-92.4640
Ulmer,SC,33.0576,-81.2213
Ulster,PA,41.8408,-76.4876
Ulster Park,NY,41.8651,-73.9948
Ulysses,KS,37.5792,-101.3488
Ulysses,KY,37.9458,-82.6736
Ulysses,NE,41.0791,-97.1984
Ulysses,PA,41.8459,-77.7126
Umatilla,FL,28.9314,-81.6717
Umatilla,OR,45.9157,-119.3137
Umbarger,TX,34.9544,-102.1050
Umpire,AR,34.2921,-94.0314
Umpqua,OR,43.3745,-123.5358
Una,SC,34.9689,-81.9706
Unadilla,GA,32.2558,-83.7447
Unadilla,NE,40.6917,-96.2825
Unadilla,NY,42.3252,-75.3366
Unalakleet,AK,63.8835,-160.7884
Unalaska,AK,53.8871,-166.5199
Uncasville,CT,41.4622,-72.1126
Uncle Sam,LA,30.0217,-90.7719
Underhill,VT,44.5391,-72.9258
Underhill Center,VT,44.5075,-72.9000
Underwood,IA,41.3603,-95.6270
Underwood,IN,38.5903,-85.7672
Underwood,MN,46.3265,-95.8415
Underwood,ND,47.4602,-101.1898
Underwood,WA,45.7409,-121.5974
Uneeda,WV,38.0356,-81.7808
Unicoi,TN,36.2066,-82.3220
Union,IA,42.2521,-93.0562
Union,IL,42.2103,-88.5283
Union,KY,38.9435,-84.7274
Union,ME,44.2424,-69.2524
Union,MI,41.7827,-85.8529
Union,MO,38.4456,-91.0206
Union,MS,32.5373,-89.0495
Union,NE,40.8245,-95.9037
Union,NH,43.4382,-71.0209
Union,NJ,40.6952,-74.2677
Union,OR,45.2019,-117.8536
Union,SC,34.7269,-81.6202
Union,WA,47.3513,-123.0344
Union,WV,37.5802,-80.5248
Union Bridge,MD,39.5415,-77.1943
Union Center,SD,44.6380,-102.7980
Union Center,WI,43.6853,-90.2667
Union Church,MS,31.7105,-90.8259
Union City,CA,37.5895,-122.0497
Union City,GA,33.5832,-84.5499
Union City,IN,40.2024,-84.8268
Union City,MI,42.0551,-85.1356
Union City,NJ,40.7682,-74.0306
Union City,OH,40.2018,-84.7832
Union City,OK,35.3913,-97.9398
Union City,PA,41.8939,-79.8455
Union City,TN,36.4263,-89.0667
Union Dale,PA,41.7079,-75.5465
Union Furnace,OH,39.4617,-82.3564
Union Grove,AL,34.4093,-86.4628
Union Grove,NC,36.0369,-80.8967
Union Grove,WI,42.6896,-88.0390
Union Hall,VA,37.0131,-79.6864
Union Hill,IL,41.1075,-88.1467
Union Hill,NY,43.2228,-77.3719
Union Lake,MI,42.6147,-83.4469
Union Mills,IN,41.4602,-86.8355
Union Mills,NC,35.4732,-81.9685
Union Pier,MI,41.8255,-86.6911
Union Point,GA,33.6345,-83.0879
Union Springs,AL,32.1663,-85.6787
Union Springs,NY,42.8335,-76.6740
Union Star,KY,37.9616,-86.4615
Union Star,MO,39.9846,-94.5787
Uniondale,IN,40.8717,-85.2732
Uniondale,NY,40.7020,-73.5920
Uniontown,AL,32.4470,-87.4934
Uniontown,AR,35.5748,-94.4349
Uniontown,KS,37.8117,-94.9814
Uniontown,KY,37.7677,-87.9263
Uniontown,MO,37.6107,-89.7237
Uniontown,OH,40.9637,-81.4211
Uniontown,PA,39.8897,-79.7282
Uniontown,WA,46.5258,-117.0908
Unionville,CT,41.7477,-72.8874
Unionville,IA,40.8416,-92.6935
Unionville,IN,39.2514,-86.4189
Unionville,MD,39.4747,-77.1858
Unionville,MI,43.6473,-83.4699
Unionville,MO,40.4815,-92.9951
Unionville,NY,41.3019,-74.5619
Unionville,OH,41.7808,-80.9892
Unionville,PA,39.8953,-75.7347
Unionville,TN,35.6224,-86.5639
Unionville,VA,38.2383,-77.9193
Unionville Center,OH,40.1383,-83.3400
Uniopolis,OH,40.6022,-84.0867
United,PA,40.2183,-79.4881
Unity,IL,37.2350,-89.2700
Unity,ME,44.6007,-69.3328
Unity,OR,44.4491,-118.1627
Unity,WI,44.8227,-90.3221
Unity House,PA,41.1453,-75.0081
Unityville,PA,41.2436,-76.5183
Universal,IN,39.6217,-87.4514
Universal City,CA,34.1378,-118.3563
Universal City,TX,29.5516,-98.3067
University,MS,34.3645,-89.5827
University Center,MI,43.5608,-83.9899
University Of Richmond,VA,37.5737,-77.5407
University Park,IA,41.2869,-92.6183
University Park,PA,40.8019,-77.8567
University Place,WA,47.2054,-122.5336
Upatoi,GA,32.5601,-84.7448
Upham,ND,48.5816,-100.7323
Upland,CA,34.1368,-117.6598
Upland,IN,40.4548,-85.4990
Upland,NE,40.3171,-98.8966
Upper Black Eddy,PA,40.5411,-75.1259
Upper Darby,PA,39.9579,-75.2681
Upper Fairmount,MD,38.1039,-75.7917
Upper Falls,MD,39.4397,-76.4006
Upper Jay,NY,44.3256,-73.8079
Upper Lake,CA,39.1608,-122.8961
Upper Marlboro,MD,38.8377,-76.7980
Upper Sandusky,OH,40.8249,-83.2977
Upper Tract,WV,38.7950,-79.2586
Upperco,MD,39.5639,-76.8162
Upperglade,WV,38.4185,-80.4965
Upperstrasburg,PA,40.0580,-77.7368
Upperville,VA,39.0008,-77.8719
Upsala,MN,45.8097,-94.5755
Upson,WI,46.3761,-90.4051
Upton,KY,37.4568,-85.9086
Upton,MA,42.1733,-71.6080
Upton,NY,40.8694,-72.8872
Upton,WY,44.0893,-104.6352
Urania,LA,31.8636,-92.2958
Urbana,AR,33.1030,-92.4930
Urbana,IA,42.2242,-91.8742
Urbana,IL,40.1095,-88.2036
Urbana,IN,40.8987,-85.7485
Urbana,MO,37.8523,-93.1510
Urbana,OH,40.1066,-83.7671
Urbandale,IA,41.6295,-93.7230
Urbanna,VA,37.6550,-76.6126
Uriah,AL,31.3135,-87.5705
Urich,MO,38.4449,-93.9785
Ursa,IL,40.0809,-91.3733
Ursina,PA,39.8175,-79.3281
Usk,WA,48.2960,-117.3189
Ute,IA,42.0581,-95.7125
Ute Park,NM,36.5581,-105.1144
Utica,IL,41.3630,-89.0008
Utica,KS,38.6411,-100.1380
Utica,KY,37.6206,-87.0591
Utica,MI,42.6637,-82.9965
Utica,MN,43.9587,-91.9417
Utica,MO,39.7417,-93.6289
Utica,MS,32.1229,-90.6047
Utica,NE,40.9168,-97.3344
Utica,NY,43.0871,-75.2315
Utica,OH,40.2441,-82.4135
Utica,PA,41.4798,-79.9403
Utica,SD,42.9366,-97.4551
Utopia,TX,29.5972,-99.5585
Utuado,PR,18.2675,-66.7008
Uvalda,GA,32.0483,-82.5089
Uvalde,TX,29.2172,-99.7931
Uwchland,PA,40.0597,-75.6536
Uxbridge,MA,42.0744,-71.6329
Vacaville,CA,38.3419,-121.9623
Vacherie,LA,29.9694,-90.7097
Vader,WA,46.3985,-122.9585
Vadito,NM,36.1913,-105.6782
Vado,NM,32.1150,-106.6633
Vaiden,MS,33.3343,-89.7570
Vail,AZ,32.0359,-110.8838
Vail,CO,39.6238,-106.4635
Vail,IA,42.0338,-95.1778
Vails Gate,NY,41.4542,-74.0581
Valatie,NY,42.4321,-73.6683
Valders,WI,44.0420,-87.8812
Valdese,NC,35.7447,-81.5670
Valdez,AK,60.8950,-146.1956
Valdez,NM,36.5697,-105.5070
Valdosta,GA,30.8106,-83.2772
Vale,NC,35.5188,-81.4589
Vale,OR,44.0039,-117.2674
Vale,SD,44.6222,-103.3795
Valencia,CA,34.4466,-118.5374
Valencia,PA,40.7018,-79.9235
Valentine,AZ,35.3717,-113.8213
Valentine,NE,42.8062,-100.6215
Valentine,TX,30.6200,-104.4811
Valentines,VA,36.5650,-77.8384
Valera,TX,31.7731,-99.5640
Valhalla,NY,41.0856,-73.7776
Valhermoso Springs,AL,34.5381,-86.6780
Valier,IL,38.0153,-89.0425
Valier,MT,48.2795,-112.3033
Valier,PA,40.9229,-79.0833
Valle Crucis,NC,36.2070,-81.8806
Vallecito,CA,38.1015,-120.4679
Vallecitos,NM,36.5163,-106.0859
Vallejo,CA,38.1483,-122.2493
Valles Mines,MO,38.0419,-90.4997
Valley,AL,32.8113,-85.1749
Valley,AL,32.8208,-85.1708
Valley,NE,41.3186,-96.3463
Valley,WA,48.1351,-117.7610
Valley Bend,WV,38.7849,-79.9160
Valley Center,CA,33.2490,-117.0122
Valley Center,KS,37.8616,-97.2621
Valley City,ND,46.9268,-98.0033
Valley City,OH,41.2368,-81.9245
Valley Cottage,NY,41.1183,-73.9430
Valley Falls,KS,39.3484,-95.4670
Valley Falls,NY,42.8855,-73.5437
Valley Farms,AZ,32.9883,-111.4467
Valley Ford,CA,38.3157,-122.9245
Valley Forge,PA,40.0800,-75.4159
Valley Forge,PA,40.0969,-75.4700
Valley Grove,WV,40.0946,-80.5551
Valley Head,AL,34.5697,-85.6272
Valley Head,WV,38.5366,-80.0449
Valley Lee,MD,38.1899,-76.5087
Valley Mills,TX,31.6599,-97.4935
Valley Park,MO,38.5576,-90.4924
Valley Park,MS,32.6323,-90.8542
Valley Spring,TX,30.8369,-98.8325
Valley Springs,AR,36.1468,-92.9799
Valley Springs,CA,38.1544,-120.8597
Valley Springs,SD,43.5773,-96.4956
Valley Stream,NY,40.6742,-73.7057
Valley View,PA,40.6445,-76.5448
Valley View,TX,33.5022,-97.2311
Valley Village,CA,34.1672,-118.3989
Valleyford,WA,47.5292,-117.2686
Valliant,OK,34.0091,-95.0686
Vallonia,IN,38.8174,-86.0690
Valmeyer,IL,38.2952,-90.3092
Valmora,NM,35.7940,-104.9116
Valmy,NV,40.7928,-117.1258
Valparaiso,FL,30.5092,-86.5009
Valparaiso,IN,41.4757,-87.0759
Valparaiso,NE,41.0843,-96.8091
Valrico,FL,27.9124,-82.2466
Valyermo,CA,34.3390,-117.8271
Van,TX,32.5283,-95.6545
Van,WV,37.9712,-81.7022
Van Alstyne,TX,33.4292,-96.5486
Van Buren,AR,35.4540,-94.3278
Van Buren,IN,40.6320,-85.4819
Van Buren,ME,47.1589,-67.9459
Van Buren,MO,37.0015,-91.0007
Van Buren,OH,41.1327,-83.6473
Van Buren Point,NY,42.4794,-79.3342
Van Dyne,WI,43.8734,-88.5100
Van Etten,NY,42.2085,-76.5717
Van Horn,TX,31.0429,-104.8322
Van Horne,IA,42.0194,-92.1046
Van Hornesville,NY,42.8948,-74.8347
Van Lear,KY,37.6929,-82.7032
Van Meter,IA,41.5394,-93.9530
Van Nuys,CA,34.2012,-118.4742
Van Orin,IL,41.5500,-89.3533
Van Tassell,WY,42.8300,-104.3151
Van Vleck,TX,29.0139,-95.9389
Van Vleet,MS,33.9869,-88.9003
Van Voorhis,PA,40.1561,-79.9744
Van Wert,IA,40.8645,-93.8073
Van Wert,OH,40.8689,-84.5904
Van Wyck,SC,34.8583,-80.8461
Vance,AL,33.1750,-87.2574
Vance,MS,34.0936,-90.3752
Vance,SC,33.4139,-80.4617
Vanceboro,ME,45.5588,-67.4634
Vanceboro,NC,35.3063,-77.1716
Vanceburg,KY,38.5515,-83.3554
Vancleave,MS,30.5350,-88.7033
Vancleve,KY,37.6477,-83.3806
Vancourt,TX,31.3404,-100.1804
Vancouver,WA,45.6418,-122.6801
Vandalia,IL,38.9439,-89.1041
Vandalia,MI,41.8955,-85.8755
Vandalia,MO,39.2949,-91.4883
Vandalia,MT,48.3547,-106.9092
Vandalia,OH,39.8883,-84.2023
Vandemere,NC,35.1953,-76.6571
Vanderbilt,MI,45.1532,-84.6511
Vanderbilt,PA,40.0246,-79.6955
Vanderbilt,TX,28.8228,-96.6172
Vanderbilt Beach,FL,26.1627,-81.7912
Vandergrift,PA,40.6059,-79.5655
Vanderpool,TX,29.7418,-99.5555
Vandervoort,AR,34.3795,-94.3698
Vanderwagen,NM,35.2703,-108.7513
Vandiver,AL,33.4807,-86.5013
Vanduser,MO,36.9906,-89.6856
Vanleer,TN,36.2237,-87.4565
Vanlue,OH,40.9583,-83.4971
Vanndale,AR,35.3133,-90.7739
Vansant,VA,37.1738,-82.1277
Vantage,WA,46.9967,-120.5467
Vanzant,MO,36.9778,-92.2101
Vardaman,MS,33.9190,-89.1921
Varina,IA,42.6581,-94.8975
Varna,IL,41.0327,-89.2483
Varnado,LA,30.9821,-89.7606
Varnell,GA,34.9011,-84.9739
Varney,KY,37.6985,-82.3510
Varney,WV,37.6692,-82.1222
Varnville,SC,32.8349,-81.0288
Varysburg,NY,42.7459,-78.3167
Vashon,WA,47.4259,-122.4644
Vass,NC,35.2171,-79.2562
Vassalboro,ME,44.4405,-69.6519
Vassar,KS,38.6691,-95.5813
Vassar,MI,43.3691,-83.5844
Vaucluse,SC,33.6125,-81.8100
Vaughan,MS,32.8174,-90.0855
Vaughan,NC,36.4264,-78.0039
Vaughn,MT,47.5624,-111.5770
Vaughn,NM,34.6241,-105.1926
Vaughn,WA,47.3309,-122.7736
Vaughnsville,OH,40.8817,-84.1506
Vauxhall,NJ,40.7179,-74.2829
Veblen,SD,45.8535,-97.3122
Veedersburg,IN,40.1186,-87.2602
Vega,TX,35.3732,-102.3566
Vega Alta,PR,18.4142,-66.3317
Vega Baja,PR,18.4385,-66.3983
Veguita,NM,34.4850,-106.7591
Velarde,NM,36.1589,-105.9742
Velma,OK,34.4600,-97.6736
Velpen,IN,38.3680,-87.0990
Velva,ND,48.0675,-100.9346
Venango,NE,40.8073,-101.9839
Venango,PA,41.7920,-80.1254
Vendor,AR,35.9481,-93.1008
Venedocia,OH,40.7685,-84.4620
Veneta,OR,44.0382,-123.3516
Venetia,PA,40.2755,-80.0598
Venetie,AK,67.0104,-146.4137
Venice,CA,33.9938,-118.4635
Venice,FL,27.0993,-82.4489
Venice,IL,38.6706,-90.1689
Venice,LA,29.2618,-89.3478
Ventnor City,NJ,39.3460,-74.4723
Ventress,LA,30.6814,-91.4033
Ventura,CA,34.2905,-119.2888
Ventura,IA,43.1262,-93.4706
Venus,FL,27.1346,-81.3594
Venus,PA,41.3761,-79.5048
Venus,TX,32.4330,-97.1087
Vera,OK,36.4492,-95.8806
Veradale,WA,47.6421,-117.1977
Verbank,NY,41.7227,-73.7184
Verbena,AL,32.7596,-86.5438
Verden,OK,35.0836,-98.0792
Verdi,NV,39.5183,-119.9878
Verdigre,NE,42.6101,-98.0793
Verdon,NE,40.1425,-95.7162
Verdugo City,CA,34.2114,-118.2386
Verdunville,WV,37.8444,-82.0553
Vergas,MN,46.6706,-95.7948
Vergennes,IL,37.9051,-89.3269
Vergennes,VT,44.1326,-73.2793
Veribest,TX,31.4764,-100.2592
Vermilion,IL,39.5811,-87.5889
Vermilion,OH,41.4100,-82.3554
Vermillion,KS,39.7050,-96.2816
Vermillion,MN,44.6736,-92.9669
Vermillion,SD,42.7951,-96.9258
Vermont,IL,40.3062,-90.4220
Vermontville,MI,42.6392,-85.0110
Vermontville,NY,44.4601,-74.0573
Vernal,UT,40.4406,-109.5469
Vernalis,CA,37.6185,-121.2590
Verndale,MN,46.4270,-94.8533
Verner,WV,37.6455,-81.8648
Vernon,AL,33.7613,-88.0979
Vernon,AZ,34.2575,-109.6922
Vernon,CO,39.9331,-102.3193
Vernon,FL,30.6267,-85.7553
Vernon,IL,38.8033,-89.0830
Vernon,IN,38.9689,-85.5984
Vernon,MI,42.9392,-84.0294
Vernon,NJ,41.1850,-74.5332
Vernon,NY,43.0945,-75.5627
Vernon,TX,34.1491,-99.3030
Vernon,UT,40.0826,-112.4260
Vernon,VT,42.7565,-72.5115
Vernon Center,MN,43.9706,-94.2142
Vernon Center,NY,43.0443,-75.5210
Vernon Hill,VA,36.7867,-79.1109
Vernon Hills,IL,42.2288,-87.9719
Vernon Rockville,CT,41.8501,-72.4649
Vernonia,OR,45.8573,-123.1967
Vero Beach,FL,27.6330,-80.4031
Verona,IL,41.2501,-88.5170
Verona,KY,38.8390,-84.6907
Verona,MO,36.9370,-93.8005
Verona,MS,34.1942,-88.7197
Verona,ND,46.3712,-98.0895
Verona,NJ,40.8319,-74.2428
Verona,NY,43.1473,-75.5724
Verona,OH,39.9033,-84.4856
Verona,PA,40.4927,-79.8345
Verona,VA,38.2037,-79.0059
Verona,WI,42.9999,-89.5522
Verona Beach,NY,43.1908,-75.7294
Verplanck,NY,41.2528,-73.9603
Versailles,CT,41.6017,-72.0378
Versailles,IL,39.8883,-90.6741
Versailles,IN,39.0511,-85.2235
Versailles,KY,38.0413,-84.7287
Versailles,MO,38.4365,-92.8258
Versailles,NY,42.5189,-78.9961
Versailles,OH,40.2273,-84.4957
Vershire,VT,43.9618,-72.3190
Vesper,WI,44.4677,-89.9826
Vest,KY,37.4087,-83.0627
Vesta,MN,44.5051,-95.4118
Vesta,VA,36.7167,-80.3581
Vestaburg,MI,43.3870,-84.9082
Vestaburg,PA,40.0161,-79.9900
Vestal,NY,42.0771,-76.0118
Vesuvius,VA,37.8378,-79.2135
Veteran,WY,41.9821,-104.3709
Vevay,IN,38.7724,-85.0852
Veyo,UT,37.3590,-113.6668
Vian,OK,35.5404,-94.9888
Viborg,SD,43.1815,-97.1140
Viburnum,MO,37.7151,-91.1289
Vicco,KY,37.1898,-83.0998
Vichy,MO,38.0980,-91.7788
Vici,OK,36.1372,-99.2670
Vickery,OH,41.3910,-82.8990
Vicksburg,MI,42.1209,-85.5024
Vicksburg,MS,32.3258,-90.8507
Vicksburg,PA,40.9386,-76.9883
Victor,CA,38.1381,-121.2050
Victor,CO,38.7100,-105.1394
Victor,IA,41.7290,-92.2842
Victor,ID,43.6148,-111.1259
Victor,MT,46.4005,-114.1665
Victor,NY,42.9866,-77.4180
Victor,WV,38.1402,-81.0322
Victoria,IL,41.0256,-90.0933
Victoria,KS,38.8589,-99.1391
Victoria,MN,44.8582,-93.6561
Victoria,MS,34.8461,-89.6181
Victoria,TX,28.8090,-96.9993
Victoria,VA,36.9835,-78.2372
Victorville,CA,34.5039,-117.3192
Victory Mills,NY,43.0878,-73.5944
Vida,MT,47.8947,-105.5996
Vida,OR,44.1300,-122.5044
Vidal,CA,34.1561,-114.5656
Vidalia,GA,32.1934,-82.4067
Vidalia,LA,31.5782,-91.4695
Vidor,TX,30.1502,-94.0008
Vienna,GA,32.0913,-83.7922
Vienna,IL,37.4205,-88.8879
Vienna,MD,38.4774,-75.8729
Vienna,ME,44.5333,-69.9853
Vienna,MO,38.1919,-91.9422
Vienna,NJ,40.8686,-74.8894
Vienna,OH,41.2175,-80.6550
Vienna,SD,44.6900,-97.5456
Vienna,VA,38.8935,-77.2532
Vienna,WV,39.3251,-81.5411
Vieques,PR,18.4264,-65.8356
Viewtown,VA,38.6457,-78.0258
Viking,MN,48.2349,-96.4749
Vilas,CO,37.3730,-102.4437
Vilas,NC,36.2574,-81.7652
Villa Grande,CA,38.4731,-123.0244
Villa Grove,CO,38.2952,-106.1102
Villa Grove,IL,39.8687,-88.1616
Villa Maria,PA,41.0736,-80.5075
Villa Park,CA,33.8165,-117.8112
Villa Park,IL,41.8799,-87.9782
Villa Rica,GA,33.7173,-84.9297
Villa Ridge,IL,37.1578,-89.1825
Villa Ridge,MO,38.4601,-90.8822
Village,VA,37.9489,-76.6044
Village Mills,TX,30.4936,-94.3972
Village Of Nagog Woods,MA,42.5149,-71.4224
Villalba,PR,18.1292,-66.4925
Villamont,VA,37.3953,-79.7764
Villanova,PA,40.0399,-75.3459
Villanueva,NM,35.2650,-105.3633
Villard,MN,45.7118,-95.2414
Villas,NJ,39.0219,-74.9354
Ville Platte,LA,30.6924,-92.2737
Villisca,IA,40.9437,-94.9796
Vilonia,AR,35.0719,-92.1832
Vina,AL,34.3712,-88.0774
Vina,CA,39.9331,-122.0528
Vinalhaven,ME,44.0397,-68.8368
Vincennes,IN,38.6734,-87.5098
Vincent,AL,33.4010,-86.3994
Vincent,IA,42.5623,-94.0335
Vincent,KY,37.4437,-83.7846
Vincent,OH,39.3374,-81.6743
Vine Grove,KY,37.8589,-86.0069
Vineburg,CA,38.2725,-122.4375
Vinegar Bend,AL,31.2584,-88.3865
Vineland,NJ,39.4818,-75.0091
Vinemont,AL,34.2621,-86.9125
Vineyard Haven,MA,41.4500,-70.5937
Vining,IA,41.9799,-92.3697
Vining,MN,46.2561,-95.5883
Vinita,OK,36.6334,-95.1382
Vinson,OK,34.9062,-99.8339
Vinton,CA,39.7207,-120.2050
Vinton,IA,42.1743,-91.9892
Vinton,LA,30.2015,-93.5728
Vinton,OH,38.9783,-82.3570
Vinton,VA,37.2711,-79.8355
Vintondale,PA,40.4939,-78.9427
Viola,AR,36.3924,-91.9932
Viola,DE,39.0419,-75.5726
Viola,IA,42.0908,-91.3850
Viola,ID,46.8583,-116.9732
Viola,IL,41.2024,-90.5936
Viola,KS,37.5696,-97.6306
Viola,TN,35.5383,-85.8592
Viola,WI,43.5048,-90.6554
Violet,LA,29.9043,-89.8960
Violet Hill,AR,36.1630,-91.8471
Viper,KY,37.1507,-83.1583
Virden,IL,39.5064,-89.7783
Virgie,KY,37.3137,-82.6494
Virgil,KS,37.8976,-96.0329
Virgil,SD,44.3256,-98.3921
Virgilina,VA,36.6062,-78.7605
Virgin,UT,37.1889,-113.0000
Virginia,IL,39.9455,-90.2127
Virginia,MN,47.5233,-92.5364
Virginia,NE,40.2309,-96.5121
Virginia Beach,VA,36.8527,-75.9783
Virginia City,MT,45.2472,-112.0026
Virginia City,NV,39.3873,-119.5961
Virginville,PA,40.5239,-75.8733
Viroqua,WI,43.5442,-90.8939
Visalia,CA,36.3114,-119.3065
Vista,CA,33.1694,-117.2420
Vista,MO,37.9883,-93.6639
Vivian,LA,32.8668,-93.9873
Vivian,SD,43.9535,-100.2860
Voca,TX,30.9959,-99.1682
Volant,PA,41.0938,-80.2441
Volborg,MT,46.0736,-105.7214
Volcano,CA,38.4773,-120.6178
Volcano,HI,19.4801,-155.1974
Volga,IA,42.7904,-91.5429
Volga,SD,44.3224,-96.9251
Volga,WV,39.0684,-80.1432
Volin,SD,42.9696,-97.2282
Voltaire,ND,47.9518,-100.8038
Voluntown,CT,41.5831,-71.8550
Von Ormy,TX,29.2750,-98.6677
Vona,CO,39.3236,-102.7393
Vonore,TN,35.5354,-84.1778
Voorhees,NJ,39.8504,-74.9646
Voorheesville,NY,42.6431,-73.9448
Voss,TX,31.6392,-99.5385
Vossburg,MS,31.9723,-88.9696
Votaw,TX,30.4353,-94.6731
Vowinckel,PA,41.3786,-79.2746
Vredenburgh,AL,31.7344,-87.4162
Vulcan,MI,45.7623,-87.8168
Vulcan,MO,37.3060,-90.7106
Waban,MA,42.3278,-71.2278
Wabash,AR,34.3886,-90.8286
Wabash,IN,40.7909,-85.8321
Wabasha,MN,44.3703,-92.0361
Wabasso,FL,27.7481,-80.4364
Wabasso,MN,44.4059,-95.2632
Wabbaseka,AR,34.3936,-91.7549
Wabeno,WI,45.4332,-88.6625
Waccabuc,NY,41.3032,-73.6032
Wachapreague,VA,37.6042,-75.6900
Wacissa,FL,30.3583,-83.9872
Waco,GA,33.6840,-85.2197
Waco,KY,37.7668,-84.1171
Waco,MO,37.2469,-94.5992
Waco,NC,35.3614,-81.4289
Waco,NE,40.9198,-97.4534
Waco,TX,31.5525,-97.1396
Waconia,MN,44.8510,-93.7784
Waddell,AZ,33.5673,-112.4387
Waddington,NY,44.8564,-75.2049
Waddy,KY,38.1054,-85.1288
Wade,NC,35.1606,-78.7249
Wadena,IA,42.8550,-91.6639
Wadena,MN,46.4401,-95.1283
Wadesboro,NC,34.9809,-80.0696
Wadesville,IN,38.0828,-87.7543
Wading River,NY,40.9520,-72.8348
Wadley,AL,33.1492,-85.5513
Wadley,GA,32.8747,-82.4025
Wadmalaw Island,SC,32.6529,-80.1829
Wadsworth,IL,42.4460,-87.9040
Wadsworth,NV,39.6481,-119.2918
Wadsworth,OH,41.0384,-81.7374
Wadsworth,TX,28.6143,-95.9713
Waelder,TX,29.6868,-97.2958
Wagarville,AL,31.4102,-88.0705
Wagener,SC,33.6494,-81.3995
Waggoner,IL,39.3838,-89.6474
Wagner,SD,43.0819,-98.2819
Wagon Mound,NM,35.9814,-104.6910
Wagoner,OK,35.9549,-95.3540
Wagontown,PA,40.0106,-75.8431
Wagram,NC,34.9044,-79.3959
Wahiawa,HI,21.5006,-158.0435
Wahkiacus,WA,45.8156,-121.1486
Wahkon,MN,46.1121,-93.4972
Wahoo,NE,41.2117,-96.6219
Wahpeton,ND,46.2651,-96.6133
Waialua,HI,21.5766,-158.1267
Waianae,HI,21.4352,-158.1781
Waikoloa,HI,19.9331,-155.6842
Wailuku,HI,20.8966,-156.5036
Waimanalo,HI,21.3418,-157.7131
Waimea,HI,21.9685,-159.6694
Wainscott,NY,40.9367,-72.2433
Wainwright,AK,70.6201,-160.0125
Wainwright,OK,35.6125,-95.5642
Waipahu,HI,21.3982,-158.0124
Waite,ME,45.3577,-67.6428
Waite Park,MN,45.5497,-94.2245
Waiteville,WV,37.4645,-80.4634
Waitsburg,WA,46.2691,-118.1447
Waitsfield,VT,44.1889,-72.8283
Waka,TX,36.2817,-101.0472
Wakarusa,IN,41.5401,-86.0205
Wakarusa,KS,38.9045,-95.7015
Wake,VA,37.5681,-76.4323
Wake Forest,NC,35.9815,-78.5392
Wake Island,HI,19.2831,-166.5997
Wakeeney,KS,39.0114,-99.8818
Wakefield,KS,39.2249,-97.0229
Wakefield,LA,30.8892,-91.3500
Wakefield,MA,42.5009,-71.0685
Wakefield,MI,46.4752,-89.9424
Wakefield,NE,42.2733,-96.8776
Wakefield,OH,38.9703,-83.0200
Wakefield,RI,41.4302,-71.5251
Wakefield,VA,36.9757,-76.9790
Wakeman,OH,41.2637,-82.3782
Wakita,OK,36.8753,-97.9427
Wakonda,SD,42.9960,-97.0694
Wakpala,SD,45.7006,-100.5332
Walbridge,OH,41.5861,-83.4930
Walburg,TX,30.7367,-97.5800
Walcott,AR,36.0433,-90.6711
Walcott,IA,41.6453,-90.7256
Walcott,ND,46.5835,-97.0014
Walcott,WY,41.7611,-106.8444
Walden,CO,40.7100,-106.2767
Walden,NY,41.5596,-74.1764
Waldenburg,AR,35.5653,-90.9336
Waldo,AR,33.3600,-93.2949
Waldo,FL,29.7871,-82.1608
Waldo,KS,39.0877,-98.7785
Waldo,OH,40.4605,-83.0706
Waldo,WI,43.6571,-87.9722
Waldoboro,ME,44.1046,-69.3745
Waldorf,MD,38.6371,-76.8778
Waldorf,MN,43.9399,-93.7043
Waldport,OR,44.4085,-124.0351
Waldron,AR,34.9026,-94.0772
Waldron,IN,39.4688,-85.6644
Waldron,KS,37.0730,-98.2289
Waldron,MI,41.7386,-84.4496
Waldron,MO,39.2222,-94.7931
Waldron,WA,48.6878,-123.0356
Waldwick,NJ,41.0130,-74.1243
Wales,AK,65.6882,-168.5205
Wales,MA,42.0627,-72.2046
Wales,ND,48.9216,-98.5596
Wales,UT,39.4869,-111.6344
Wales,WI,43.0088,-88.3787
Wales Center,NY,42.7683,-78.5303
Waleska,GA,34.3217,-84.5620
Walford,IA,41.8783,-91.8344
Walhalla,MI,43.9536,-86.1147
Walhalla,ND,48.9110,-97.8819
Walhalla,SC,34.7689,-83.0388
Walhonding,OH,40.3620,-82.2094
Walker,IA,42.2720,-91.7302
Walker,KS,38.8672,-99.0756
Walker,KY,36.8911,-83.6616
Walker,LA,30.5247,-90.8557
Walker,MN,47.0877,-94.5847
Walker,MO,37.8930,-94.2293
Walker,SD,45.9103,-101.0900
Walker,WV,39.1821,-81.3866
Walker Valley,NY,41.6289,-74.3717
Walkersville,MD,39.4787,-77.3484
Walkersville,WV,38.8507,-80.4802
Walkerton,IN,41.4457,-86.4510
Walkerton,VA,37.7554,-77.0185
Walkertown,NC,36.1800,-80.1629
Walkerville,MI,43.7626,-86.0830
Wall,SD,43.9812,-102.2245
Wall,TX,31.3694,-100.3221
Wall Lake,IA,42.2653,-95.0852
Walla Walla,WA,46.0614,-118.3315
Wallace,CA,38.1942,-120.9769
Wallace,ID,47.4908,-115.9620
Wallace,IN,39.9864,-87.1483
Wallace,KS,38.8747,-101.5735
Wallace,MI,45.3017,-87.5805
Wallace,NC,34.7542,-77.9429
Wallace,NE,40.8304,-101.1738
Wallace,SC,34.7307,-79.8011
Wallace,SD,45.0815,-97.4458
Wallace,WV,39.4117,-80.4865
Wallaceton,PA,40.9597,-78.2892
Wallagrass,ME,47.1515,-68.5981
Walland,TN,35.7533,-83.8243
Wallback,WV,38.5725,-81.0935
Wallburg,NC,36.0100,-80.1394
Walled Lake,MI,42.5504,-83.4796
Waller,TX,30.0860,-95.9613
Walling,TN,35.8695,-85.6185
Wallingford,CT,41.4600,-72.8222
Wallingford,IA,43.3122,-94.8206
Wallingford,KY,38.3374,-83.5625
Wallingford,PA,39.8871,-75.3721
Wallingford,VT,43.4573,-72.9877
Wallington,NJ,40.8536,-74.1079
Wallins Creek,KY,36.8165,-83.4190
Wallis,TX,29.6397,-96.0456
Wallisville,TX,29.8591,-94.6759
Wallkill,NY,41.6160,-74.1439
Walloon Lake,MI,45.2661,-84.9336
Wallops Island,VA,37.8273,-75.5065
Wallowa,OR,45.5717,-117.5357
Wallpack Center,NJ,41.1343,-74.9176
Walls,MS,34.9641,-90.1208
Wallsburg,UT,40.3657,-111.4649
Wallula,WA,46.0856,-118.9042
Walnut,CA,34.0176,-117.8636
Walnut,IA,41.4623,-95.2180
Walnut,IL,41.5530,-89.5922
Walnut,KS,37.5967,-95.0455
Walnut,MS,34.9527,-88.9053
Walnut Bottom,PA,40.0860,-77.4090
Walnut Cove,NC,36.3189,-80.1484
Walnut Creek,CA,37.8753,-122.0703
Walnut Creek,OH,40.5414,-81.7219
Walnut Grove,AL,34.0656,-86.3064
Walnut Grove,CA,38.2364,-121.5248
Walnut Grove,MN,44.2294,-95.4965
Walnut Grove,MO,37.3943,-93.5044
Walnut Grove,MS,32.6134,-89.4105
Walnut Hill,IL,38.5200,-88.9845
Walnut Ridge,AR,36.0778,-90.9528
Walnut Shade,MO,36.7704,-93.2148
Walnut Springs,TX,32.0593,-97.7514
Walnutport,PA,40.7615,-75.5657
Walpole,MA,42.1444,-71.2544
Walpole,ME,43.9462,-69.5516
Walpole,NH,43.0765,-72.4155
Walsenburg,CO,37.6382,-104.8043
Walsh,CO,37.3521,-102.2537
Walsh,IL,38.0203,-89.8297
Walshville,IL,39.0473,-89.6350
Walston,PA,40.9650,-78.9950
Walstonburg,NC,35.5882,-77.6983
Walterboro,SC,32.8974,-80.6792
Walters,OK,34.3605,-98.3140
Waltersburg,PA,39.9905,-79.7803
Walterville,OR,44.1352,-122.6291
Walthall,MS,33.6072,-89.2772
Waltham,MA,42.3954,-71.2508
Waltham,MN,43.8070,-92.8734
Walthill,NE,42.1485,-96.4803
Walthourville,GA,31.7739,-81.6328
Walton,IN,40.6772,-86.2805
Walton,KS,38.1239,-97.2361
Walton,KY,38.8875,-84.6328
Walton,NE,40.7975,-96.5359
Walton,NY,42.1756,-75.1532
Walton,OR,44.0282,-123.5893
Walton,WV,38.6023,-81.3958
Waltonville,IL,38.2465,-89.0067
Walworth,NY,43.1402,-77.2858
Walworth,WI,42.5350,-88.6027
Wamego,KS,39.2100,-96.3153
Wampsville,NY,43.0753,-75.7072
Wampum,PA,40.8819,-80.3392
Wamsutter,WY,41.6583,-108.1517
Wana,WV,39.7021,-80.3051
Wanakena,NY,44.2184,-75.0908
Wanamingo,MN,44.3121,-92.8103
Wanaque,NJ,41.0544,-74.2790
Wanatah,IN,41.3845,-86.8764
Wanblee,SD,43.5589,-101.7219
Wanchese,NC,35.8425,-75.6389
Wanda,MN,44.3229,-95.1780
Waneta,KY,37.4744,-84.0411
Wanette,OK,34.9983,-97.0419
Wann,OK,36.9402,-95.7768
Wannaska,MN,48.6452,-95.7072
Wantagh,NY,40.6850,-73.5103
Wapakoneta,OH,40.5690,-84.1774
Wapanucka,OK,34.3866,-96.4532
Wapato,WA,46.4507,-120.4265
Wapella,IL,40.2323,-88.9673
Wapello,IA,41.2070,-91.1719
Wapiti,WY,44.4797,-109.4326
Wappapello,MO,36.9766,-90.2848
Wappingers Falls,NY,41.5922,-73.8906
Wapwallopen,PA,41.0680,-76.0857
War,WV,37.3378,-81.7153
Warba,MN,47.1361,-93.2764
Warbranch,KY,36.9567,-83.4503
Ward,AL,32.3341,-88.2971
Ward,AR,34.9532,-91.9004
Ward,CO,40.0726,-105.5080
Ward,SC,33.8849,-81.7283
Ward Cove,AK,55.4083,-131.7250
Warda,TX,30.0550,-96.9136
Wardell,MO,36.3472,-89.8164
Warden,WA,46.9770,-119.0539
Wardensville,WV,39.0562,-78.6175
Wardsboro,VT,43.0326,-72.8077
Wardtown,VA,37.5347,-75.8772
Wardville,OK,34.5688,-96.0210
Ware,MA,42.2618,-72.2583
Ware Neck,VA,37.4025,-76.4589
Ware Shoals,SC,34.4025,-82.2678
Wareham,MA,41.7541,-70.7116
Waresboro,GA,31.2478,-82.4739
Waretown,NJ,39.7896,-74.1954
Warfield,KY,37.8581,-82.4322
Warfield,VA,36.9011,-77.7673
Warfordsburg,PA,39.7698,-78.1986
Waring,TX,29.9506,-98.8028
Warm Springs,AR,36.4675,-91.0387
Warm Springs,GA,32.8956,-84.8217
Warm Springs,MT,46.1626,-112.8200
Warm Springs,OR,44.7468,-121.2909
Warm Springs,VA,38.0851,-79.8078
Warminster,PA,40.2067,-75.0905
Warne,NC,35.0024,-83.9045
Warner,NH,43.3035,-71.8353
Warner,OK,35.4945,-95.3064
Warner,SD,45.3486,-98.4757
Warner Robins,GA,32.5934,-83.6416
Warner Springs,CA,33.3037,-116.7214
Warners,NY,43.0932,-76.2904
Warnerville,NY,42.6388,-74.4870
Warnock,OH,40.0225,-80.9375
Warren,AR,33.6140,-92.0778
Warren,ID,45.2642,-115.6756
Warren,IL,42.4890,-89.9860
Warren,IN,40.6886,-85.4183
Warren,MA,42.2125,-72.1917
Warren,ME,44.1271,-69.2479
Warren,MI,42.5159,-82.9824
Warren,MN,48.2078,-96.7597
Warren,NH,43.9447,-71.8901
Warren,NJ,40.6318,-74.5105
Warren,OH,41.1724,-80.8718
Warren,OR,45.8260,-122.8634
Warren,PA,41.8453,-79.1429
Warren,RI,41.7256,-71.2702
Warren,TX,30.5978,-94.4120
Warren,VT,44.1142,-72.8482
Warren Center,PA,41.9394,-76.1964
Warrendale,PA,40.6641,-80.0807
Warrens,WI,44.1570,-90.4967
Warrensburg,IL,39.9397,-89.0683
Warrensburg,MO,38.7667,-93.7273
Warrensburg,NY,43.5003,-73.7920
Warrensville,NC,36.4572,-81.5465
Warrenton,GA,33.4091,-82.6357
Warrenton,MO,38.8050,-91.1740
Warrenton,NC,36.3539,-78.1594
Warrenton,OR,46.1450,-123.9254
Warrenton,TX,30.0172,-96.7317
Warrenton,VA,38.7063,-77.8159
Warrenville,IL,41.8280,-88.1921
Warrenville,SC,33.5199,-81.8294
Warrington,PA,40.2464,-75.1354
Warrior,AL,33.8529,-86.8198
Warriormine,WV,37.2928,-81.6972
Warriors Mark,PA,40.7414,-78.0775
Warroad,MN,48.9111,-95.3538
Warsaw,IL,40.3544,-91.4348
Warsaw,IN,41.2438,-85.8508
Warsaw,KY,38.7807,-84.8496
Warsaw,MN,44.2504,-93.3642
Warsaw,MO,38.2502,-93.3373
Warsaw,NC,34.9982,-78.0867
Warsaw,NY,42.7410,-78.1429
Warsaw,OH,40.3172,-82.0560
Warsaw,VA,37.9500,-76.7365
Wartburg,TN,36.1016,-84.5652
Warthen,GA,33.1255,-82.8039
Wartrace,TN,35.5123,-86.3277
Warwick,GA,31.7345,-83.9201
Warwick,MA,42.6819,-72.3394
Warwick,MD,39.4283,-75.7996
Warwick,ND,47.8913,-98.6810
Warwick,NY,41.2656,-74.3604
Warwick,RI,41.7026,-71.4476
Wasco,CA,35.5934,-119.3447
Wasco,IL,41.9381,-88.4044
Wasco,OR,45.5974,-120.7304
Wascott,WI,46.1725,-91.7981
Waseca,MN,44.0834,-93.5108
Washburn,IL,40.9141,-89.2830
Washburn,ME,46.7883,-68.1338
Washburn,MO,36.5807,-93.9920
Washburn,ND,47.3114,-101.0116
Washburn,TN,36.3106,-83.5937
Washburn,WI,46.6806,-90.9095
Washington,AR,33.7546,-93.6735
Washington,CA,39.3594,-120.7981
Washington,CT,41.6346,-73.2935
Washington,DC,38.9122,-77.0177
Washington,GA,33.7265,-82.7429
Washington,IA,41.3015,-91.6987
Washington,IL,40.6994,-89.4479
Washington,IN,38.6536,-87.1707
Washington,KS,39.8223,-97.0484
Washington,KY,38.6158,-83.8086
Washington,LA,30.7099,-92.0399
Washington,ME,44.2693,-69.3842
Washington,MI,42.7262,-83.0268
Washington,MO,38.5459,-91.0193
Washington,MS,31.5786,-91.2992
Washington,NC,35.5884,-77.1404
Washington,NE,41.3975,-96.2078
Washington,NH,43.1747,-72.0824
Washington,NJ,40.7582,-74.9914
Washington,OK,35.1324,-97.4870
Washington,PA,40.1717,-80.2560
Washington,TX,30.3182,-96.2249
Washington,UT,37.1364,-113.5050
Washington,VA,38.7078,-78.1566
Washington,VT,44.0864,-72.4300
Washington,WV,39.2339,-81.6407
Washington Boro,PA,39.9881,-76.4402
Washington Court House,OH,39.5343,-83.4388
Washington Crossing,PA,40.2919,-74.8829
Washington Depot,CT,41.6559,-73.3274
Washington Grove,MD,39.1397,-77.1756
Washington Island,WI,45.3740,-86.9137
Washington Mills,NY,43.0500,-75.2733
Washington Navy Yard,DC,38.8742,-76.9943
Washingtonville,NY,41.4237,-74.1601
Washingtonville,OH,40.8973,-80.7631
Washingtonville,PA,41.0517,-76.6750
Washita,OK,35.1028,-98.3406
Washoe Valley,NV,39.0898,-119.8286
Washougal,WA,45.5959,-122.3104
Washta,IA,42.5781,-95.7295
Washtucna,WA,46.8209,-118.2862
Wasilla,AK,61.5814,-149.4394
Waskish,MN,48.1770,-94.5037
Waskom,TX,32.4672,-94.1379
Wasola,MO,36.7826,-92.5899
Wassaic,NY,41.7759,-73.5544
Wasta,SD,44.0937,-102.3471
Wataga,IL,41.0224,-90.2723
Watauga,SD,45.9276,-101.5129
Watauga,TN,36.3702,-82.2683
Watchung,NJ,40.6378,-74.4514
Water Mill,NY,40.9209,-72.3491
Water Valley,KY,36.5694,-88.8084
Water Valley,MS,34.1525,-89.6380
Water Valley,TX,31.6675,-100.7167
Water View,VA,37.7105,-76.6227
Waterboro,ME,43.5661,-70.7431
Waterbury,CT,41.5580,-73.0519
Waterbury,NE,42.4604,-96.7448
Waterbury,VT,44.3378,-72.7567
Waterbury Center,VT,44.3828,-72.7080
Waterfall,PA,40.0739,-78.0477
Waterflow,NM,36.7801,-108.4311
Waterford,CA,37.6510,-120.7539
Waterford,CT,41.3469,-72.1458
Waterford,ME,44.1814,-70.7178
Waterford,MI,42.6438,-83.4076
Waterford,MS,34.6402,-89.4683
Waterford,NY,42.8100,-73.6995
Waterford,OH,39.5159,-81.6559
Waterford,PA,41.9603,-79.9996
Waterford,VA,39.1867,-77.6103
Waterford,WI,42.7969,-88.1933
Waterford Works,NJ,39.7215,-74.8609
Waterloo,AL,34.9357,-87.9624
Waterloo,IA,42.4778,-92.3661
Waterloo,IL,38.3223,-90.1478
Waterloo,IN,41.4402,-85.0221
Waterloo,NE,41.2702,-96.3063
Waterloo,NY,42.9045,-76.8755
Waterloo,OH,38.7182,-82.5174
Waterloo,SC,34.3367,-82.0880
Waterloo,WI,43.1832,-88.9838
Waterman,IL,41.7504,-88.7754
Waterport,NY,43.3326,-78.2430
Waterproof,LA,31.8076,-91.3872
Waters,MI,44.8797,-84.6986
Watersmeet,MI,46.2542,-89.2108
Watertown,CT,41.6057,-73.1221
Watertown,MA,42.3733,-71.1540
Watertown,MN,44.9595,-93.8482
Watertown,NY,43.9743,-75.9122
Watertown,OH,39.4658,-81.6333
Watertown,SD,44.9043,-97.1240
Watertown,TN,36.0953,-86.1434
Watertown,WI,43.1930,-88.7185
Watertown,WI,43.1947,-88.7289
Waterville,IA,43.2636,-91.2630
Waterville,KS,39.6971,-96.7498
Waterville,ME,44.5480,-69.6359
Waterville,MN,44.2238,-93.5751
Waterville,NY,42.9332,-75.3815
Waterville,OH,41.5022,-83.7331
Waterville,PA,41.3114,-77.3604
Waterville,VT,44.7124,-72.7596
Waterville,WA,47.6295,-119.9887
Waterville Valley,NH,43.9500,-71.5000
Watervliet,MI,42.1938,-86.2604
Watervliet,NY,42.7298,-73.7123
Watford City,ND,47.8043,-103.2582
Wathena,KS,39.7625,-94.9255
Watkins,CO,39.7623,-104.5834
Watkins,IA,41.9040,-91.9965
Watkins,MN,45.3087,-94.4297
Watkins Glen,NY,42.3771,-76.9022
Watkinsville,GA,33.8542,-83.4080
Watonga,OK,35.8538,-98.4175
Watrous,NM,35.7917,-104.9817
Watseka,IL,40.7734,-87.7309
Watson,AL,33.6336,-86.8794
Watson,AR,33.8907,-91.2815
Watson,IL,39.0395,-88.5599
Watson,LA,30.5756,-90.9531
Watson,MN,45.0194,-95.7942
Watson,MO,40.4780,-95.6193
Watson,OK,34.4193,-94.5562
Watsontown,PA,41.1020,-76.8532
Watsonville,CA,36.9205,-121.7634
Watton,MI,46.5137,-88.5993
Watts,OK,36.1152,-94.6345
Wattsburg,PA,42.0391,-79.8363
Wattsville,AL,33.6814,-86.2797
Wattsville,VA,37.9339,-75.5000
Waubay,SD,45.3784,-97.2950
Waubun,MN,47.1920,-95.8871
Wauchula,FL,27.5517,-81.8074
Waucoma,IA,43.0433,-92.0302
Wauconda,IL,42.2636,-88.1333
Wauconda,WA,48.8224,-118.9469
Waukau,WI,43.9892,-88.7717
Waukee,IA,41.5930,-93.8592
Waukegan,IL,42.3636,-87.8447
Waukena,CA,36.0981,-119.5594
Waukesha,WI,42.9993,-88.2196
Waukomis,OK,36.2781,-97.8996
Waukon,IA,43.2640,-91.4800
Wauna,WA,47.3792,-122.6414
Waunakee,WI,43.1818,-89.4532
Wauneta,NE,40.4409,-101.3812
Waupaca,WI,44.3481,-89.1101
Waupun,WI,43.6324,-88.7373
Wauregan,CT,41.7442,-71.9097
Waurika,OK,34.1745,-97.9973
Wausa,NE,42.4973,-97.5576
Wausau,FL,30.6319,-85.5889
Wausau,WI,44.9634,-89.6340
Wausaukee,WI,45.3495,-87.9099
Wauseon,OH,41.5668,-84.1537
Wautoma,WI,44.0656,-89.2666
Wauzeka,WI,43.1143,-90.9239
Waveland,IN,39.9020,-87.0178
Waveland,MS,30.2914,-89.3837
Waverley,MA,42.3875,-71.1833
Waverly,AL,32.7632,-85.5144
Waverly,FL,27.9786,-81.6142
Waverly,GA,31.0427,-81.5697
Waverly,IA,42.7373,-92.4662
Waverly,IL,39.5870,-89.9449
Waverly,KS,38.3782,-95.5982
Waverly,KY,37.7430,-87.8067
Waverly,MN,45.0413,-93.9545
Waverly,MO,39.2055,-93.5257
Waverly,NE,40.9222,-96.5260
Waverly,NY,42.0172,-76.5333
Waverly,OH,39.1264,-83.0049
Waverly,PA,41.5264,-75.7058
Waverly,TN,36.0997,-87.7991
Waverly,VA,37.0250,-77.1055
Waverly,WA,47.3354,-117.2331
Waverly,WV,39.3157,-81.3819
Waverly Hall,GA,32.6793,-84.7425
Waves,NC,35.5667,-75.4689
Wawaka,IN,41.4833,-85.4804
Wawarsing,NY,41.7589,-74.3578
Waxahachie,TX,32.3808,-96.8374
Waxhaw,NC,34.9553,-80.7279
Wayan,ID,43.0269,-111.2541
Waycross,GA,31.2197,-82.3645
Wayland,IA,41.1449,-91.6589
Wayland,KY,37.4367,-82.8010
Wayland,MA,42.3486,-71.3588
Wayland,MI,42.6643,-85.6191
Wayland,MO,40.4426,-91.6079
Wayland,NY,42.5593,-77.5906
Wayland,OH,41.1606,-81.0714
Waymart,PA,41.5703,-75.4065
Wayne,IL,41.9508,-88.2422
Wayne,ME,44.3493,-70.0712
Wayne,MI,42.2768,-83.3758
Wayne,NE,42.2304,-97.0186
Wayne,NJ,40.9471,-74.2466
Wayne,NY,42.4703,-77.1056
Wayne,OH,41.2993,-83.4701
Wayne,OK,34.9154,-97.3290
Wayne,PA,40.0435,-75.3880
Wayne,WV,38.2258,-82.4339
Wayne City,IL,38.3328,-88.5833
Waynesboro,GA,33.1013,-81.9908
Waynesboro,MS,31.6754,-88.6782
Waynesboro,PA,39.7635,-77.5674
Waynesboro,TN,35.3220,-87.7395
Waynesboro,VA,38.0774,-78.9035
Waynesburg,KY,37.3499,-84.6655
Waynesburg,OH,40.6829,-81.2659
Waynesburg,PA,39.8917,-80.1795
Waynesfield,OH,40.6072,-83.9585
Waynesville,GA,31.2448,-81.8039
Waynesville,IL,40.2437,-89.1143
Waynesville,MO,37.8175,-92.1989
Waynesville,NC,35.4886,-82.9889
Waynesville,OH,39.5285,-84.0815
Waynetown,IN,40.0858,-87.0512
Waynoka,OK,36.5858,-98.8487
Wayside,MS,33.2610,-91.0248
Wayside,TX,34.8034,-101.5454
Wayside,WV,37.5937,-80.7458
Wayzata,MN,44.9582,-93.5206
Weare,NH,43.0714,-71.7038
Weatherby,MO,39.8887,-94.2550
Weatherford,OK,35.5350,-98.6996
Weatherford,TX,32.8435,-97.7047
Weatherly,PA,40.9411,-75.8306
Weatogue,CT,41.8372,-72.8253
Weaubleau,MO,37.8804,-93.5344
Weaver,AL,33.7563,-85.8107
Weaverville,CA,40.7317,-122.9353
Weaverville,NC,35.7126,-82.5491
Webb,AL,31.2656,-85.2544
Webb,IA,42.9502,-94.9951
Webb,MS,33.9472,-90.3442
Webb City,MO,37.1440,-94.4727
Webber,KS,39.9245,-97.9978
Webbers Falls,OK,35.5138,-95.1659
Webberville,MI,42.6630,-84.1701
Webbville,KY,38.1634,-82.7897
Weber City,VA,36.6202,-82.5452
Webster,FL,28.5775,-82.0930
Webster,IA,41.4364,-92.1765
Webster,IN,39.9057,-84.9429
Webster,KY,37.9239,-86.4032
Webster,MA,42.0476,-71.8395
Webster,MN,44.5026,-93.3344
Webster,NC,35.3461,-83.2194
Webster,ND,48.3229,-98.8739
Webster,NY,43.2196,-77.4616
Webster,PA,40.1850,-79.8489
Webster,SD,45.3226,-97.5153
Webster,TX,29.5564,-95.1440
Webster,WI,45.8740,-92.3227
Webster City,IA,42.4657,-93.8262
Webster Springs,WV,38.4764,-80.3998
Websterville,VT,44.1606,-72.4700
Wedderburn,OR,42.4297,-124.4139
Wedgefield,SC,33.9430,-80.4987
Wedowee,AL,33.3019,-85.4737
Wedron,IL,41.4361,-88.7733
Weed,CA,41.4395,-122.3848
Weed,NM,32.8052,-105.5063
Weedsport,NY,43.0489,-76.5425
Weedville,PA,41.2685,-78.4952
Weehawken,NJ,40.7694,-74.0208
Weeksbury,KY,37.3278,-82.6883
Weems,VA,37.6847,-76.4313
Weeping Water,NE,40.8731,-96.1528
Weesatche,TX,28.8469,-97.4478
Weidman,MI,43.6453,-85.0046
Weikert,PA,40.8583,-77.2956
Weimar,CA,39.0375,-120.9714
Weimar,TX,29.6787,-96.7550
Weiner,AR,35.6291,-90.9289
Weinert,TX,33.3249,-99.6664
Weippe,ID,46.3807,-115.9386
Weir,KS,37.2982,-94.7439
Weir,MS,33.2645,-89.2804
Weir,TX,30.6736,-97.5844
Weirsdale,FL,28.9782,-81.8932
Weirton,WV,40.4137,-80.5683
Weiser,ID,44.2522,-116.9651
Welaka,FL,29.4789,-81.6717
Welch,MN,44.6030,-92.7263
Welch,OK,36.9020,-95.1295
Welch,TX,32.8938,-102.1068
Welch,WV,37.4000,-81.5344
Welches,OR,45.3399,-121.9598
Welchs Creek,KY,37.3086,-86.6371
Welcome,MD,38.4672,-77.0950
Welcome,MN,43.6705,-94.5886
Welcome,NC,35.9028,-80.2572
Weld,ME,44.7016,-70.4249
Welda,KS,38.1686,-95.3096
Weldon,CA,35.6391,-118.2859
Weldon,IA,40.8739,-93.7387
Weldon,IL,40.1177,-88.7531
Weldon,NC,36.4206,-77.6035
Weldona,CO,40.3681,-103.9678
Weleetka,OK,35.3416,-96.1136
Wellborn,FL,30.1796,-82.8505
Wellborn,TX,30.5350,-96.3014
Wellersburg,PA,39.7328,-78.8506
Wellesley,MA,42.2986,-71.3016
Wellesley Hills,MA,42.3133,-71.2695
Wellesley Island,NY,44.2875,-76.0125
Wellfleet,MA,41.9289,-70.0186
Wellfleet,NE,40.7988,-100.7119
Wellford,SC,34.9514,-82.0927
Welling,OK,35.8819,-94.8653
Wellington,AL,33.8638,-85.9153
Wellington,CO,40.7255,-105.0318
Wellington,IL,40.5339,-87.6561
Wellington,KS,37.2778,-97.3910
Wellington,KY,37.9654,-83.4731
Wellington,MO,39.1258,-93.9855
Wellington,NV,38.7876,-119.3449
Wellington,OH,41.1712,-82.2269
Wellington,TX,34.8717,-100.2207
Wellington,UT,39.5373,-110.7370
Wellman,IA,41.4700,-91.8400
Wellman,TX,33.0483,-102.4275
Wellpinit,WA,47.8697,-117.9856
Wells,ME,43.3144,-70.5969
Wells,MI,45.7849,-87.0734
Wells,MN,43.7434,-93.7321
Wells,NV,41.1298,-114.5328
Wells,NY,43.4012,-74.2886
Wells,TX,31.4998,-94.9694
Wells,VT,43.4305,-73.2027
Wells Bridge,NY,42.3580,-75.2566
Wells River,VT,44.1524,-72.0530
Wells Tannery,PA,40.1010,-78.1403
Wellsboro,PA,41.7373,-77.3080
Wellsburg,IA,42.4494,-92.9398
Wellsburg,NY,42.0273,-76.7723
Wellsburg,WV,40.2548,-80.5961
Wellston,MI,44.2133,-85.9555
Wellston,OH,39.1189,-82.5485
Wellston,OK,35.6757,-97.0597
Wellsville,KS,38.7137,-95.0916
Wellsville,MO,39.0765,-91.5645
Wellsville,NY,42.1108,-77.9419
Wellsville,OH,40.6171,-80.6621
Wellsville,PA,40.0557,-76.9443
Wellsville,UT,41.6343,-111.9317
Wellton,AZ,32.7493,-114.1766
Welsh,LA,30.2363,-92.8190
Welton,IA,41.9075,-90.6068
Wenatchee,WA,47.4253,-120.3273
Wendel,CA,40.3462,-120.3522
Wendel,PA,40.2956,-79.6867
Wendell,ID,42.7579,-114.7154
Wendell,MA,42.5656,-72.4009
Wendell,MN,46.0562,-96.1144
Wendell,NC,35.7980,-78.3926
Wendell Depot,MA,42.5958,-72.3603
Wenden,AZ,33.8225,-113.5408
Wendover,KY,37.1291,-83.3502
Wendover,UT,40.5974,-113.9936
Wenham,MA,42.6017,-70.8786
Wenona,IL,41.0548,-89.0416
Wenonah,NJ,39.7993,-75.1536
Wentworth,MO,36.9807,-94.1322
Wentworth,NC,36.4000,-79.7747
Wentworth,NH,43.8685,-71.9097
Wentworth,SD,43.9852,-96.9615
Wentzville,MO,38.8020,-90.8534
Weogufka,AL,33.0238,-86.3042
Weott,CA,40.3219,-123.9206
Wernersville,PA,40.3293,-76.0901
Wesco,MO,37.8732,-91.3490
Weskan,KS,38.8649,-101.9512
Weslaco,TX,26.1694,-97.9887
Wesley,AR,35.9573,-93.9115
Wesley,IA,43.0977,-94.0038
Wesley,ME,44.7150,-67.4619
Wesley Chapel,FL,28.2104,-82.2890
Wessington,SD,44.4128,-98.6920
Wessington Springs,SD,44.0699,-98.6116
Wesson,MS,31.6901,-90.4131
West,MS,33.1883,-89.7695
West,TX,31.7754,-97.1258
West Alexander,PA,40.1065,-80.4978
West Alexandria,OH,39.7259,-84.5352
West Alton,MO,38.8758,-90.2384
West Augusta,VA,38.2744,-79.3201
West Babylon,NY,40.7135,-73.3546
West Baden Springs,IN,38.5855,-86.6138
West Baldwin,ME,43.8299,-70.7490
West Barnstable,MA,41.7002,-70.3720
West Bend,IA,42.9574,-94.4564
West Bend,WI,43.4253,-88.1833
West Berlin,NJ,39.8196,-74.9417
West Bethel,ME,44.4019,-70.8617
West Blocton,AL,33.1424,-87.1369
West Bloomfield,MI,42.5424,-83.3793
West Bloomfield,NY,42.9058,-77.5394
West Boothbay Harbor,ME,43.8489,-69.6439
West Boxford,MA,42.7069,-71.0644
West Boylston,MA,42.3584,-71.7838
West Branch,IA,41.6726,-91.3141
West Branch,MI,44.2790,-84.2286
West Bridgewater,MA,42.0255,-71.0161
West Brookfield,MA,42.2441,-72.1511
West Brooklyn,IL,41.7292,-89.1909
West Burke,VT,44.6636,-71.9572
West Burlington,IA,40.8321,-91.1799
West Burlington,NY,42.7062,-75.1906
West Camp,NY,42.1231,-73.9353
West Charleston,VT,44.8729,-72.0521
West Chatham,MA,41.6811,-69.9917
West Chazy,NY,44.7970,-73.5112
West Chester,IA,41.3610,-91.8619
West Chester,OH,39.3402,-84.3998
West Chester,PA,39.9845,-75.5962
West Chesterfield,MA,42.4028,-72.8764
West Chesterfield,NH,42.8732,-72.5112
West Chicago,IL,41.8886,-88.2022
West Chop,MA,41.4800,-70.6033
West Clarksville,NY,42.1281,-78.2433
West College Corner,IN,39.5675,-84.8161
West Columbia,SC,33.9950,-81.0888
West Columbia,TX,29.1408,-95.6694
West Columbia,WV,38.9262,-82.0905
West Concord,MN,44.1520,-92.8825
West Copake,NY,42.0958,-73.5828
West Cornwall,CT,41.8689,-73.3313
West Covina,CA,34.0673,-117.9366
West Coxsackie,NY,42.4151,-73.8170
West Creek,NJ,39.6627,-74.2885
West Danville,VT,44.4465,-72.2198
West Davenport,NY,42.4458,-74.9636
West Decatur,PA,40.9493,-78.3129
West Dennis,MA,41.6626,-70.1681
West Des Moines,IA,41.5805,-93.7447
West Dover,VT,42.9560,-72.8542
West Dummerston,VT,42.9264,-72.6158
West Eaton,NY,42.8544,-75.6564
West Edmeston,NY,42.7945,-75.3037
West Elizabeth,PA,40.2708,-79.8994
West Elkton,OH,39.5878,-84.5544
West End,NC,35.2512,-79.5360
West Enfield,ME,45.1878,-68.4683
West Fairlee,VT,43.9223,-72.2616
West Falls,NY,42.7053,-78.6779
West Falmouth,MA,41.6042,-70.6350
West Fargo,ND,46.8695,-96.8950
West Farmington,ME,44.6628,-70.1558
West Farmington,OH,41.3508,-80.9672
West Finley,PA,39.9914,-80.4408
West Fork,AR,35.9082,-94.2304
West Forks,ME,45.3839,-69.9841
West Frankfort,IL,37.8979,-88.9307
West Friendship,MD,39.2934,-76.9660
West Fulton,NY,42.5506,-74.4631
West Glacier,MT,48.5000,-113.9778
West Glover,VT,44.7031,-72.2599
West Granby,CT,41.9655,-72.8555
West Green,GA,31.5923,-82.7564
West Greene,AL,32.9236,-88.0853
West Greenwich,RI,41.6400,-71.6435
West Groton,MA,42.6042,-71.6278
West Grove,IA,40.7196,-92.5498
West Grove,PA,39.8253,-75.8374
West Halifax,VT,42.7761,-72.7501
West Hamlin,WV,38.2886,-82.1843
West Harrison,IN,39.2667,-84.8780
West Harrison,NY,41.0433,-73.7507
West Hartford,CT,41.7556,-72.7532
West Hartford,VT,43.7161,-72.4446
West Hartland,CT,42.0075,-72.9711
West Harwich,MA,41.6694,-70.1135
West Hatfield,MA,42.3708,-72.6375
West Haven,CT,41.2701,-72.9638
West Haverstraw,NY,41.2090,-73.9821
West Helena,AR,34.5496,-90.6545
West Hempstead,NY,40.6929,-73.6539
West Henrietta,NY,43.0397,-77.6871
West Hickory,PA,41.5686,-79.4083
West Hills,CA,34.1963,-118.6389
West Hollywood,CA,34.0906,-118.3788
West Hurley,NY,41.9908,-74.1152
West Hyannisport,MA,41.6361,-70.3208
West Islip,NY,40.7117,-73.3007
West Jefferson,NC,36.3776,-81.4872
West Jefferson,OH,39.9424,-83.2853
West Jordan,UT,40.6254,-111.9677
West Kennebunk,ME,43.4086,-70.5819
West Kill,NY,42.2046,-74.3620
West Kingston,RI,41.5067,-71.5991
West Lafayette,IN,40.4440,-86.9237
West Lafayette,OH,40.2718,-81.7361
West Lebanon,IN,40.2415,-87.4367
West Lebanon,NH,43.6440,-72.3007
West Lebanon,NY,42.4861,-73.4667
West Lebanon,PA,40.6025,-79.3539
West Leisenring,PA,39.9592,-79.6975
West Leyden,NY,43.4597,-75.5127
West Liberty,IA,41.5701,-91.2668
West Liberty,IL,38.8950,-88.0979
West Liberty,KY,37.9497,-83.2799
West Liberty,OH,40.2625,-83.7528
West Liberty,WV,40.1697,-80.5939
West Linn,OR,45.3669,-122.6480
West Long Branch,NJ,40.2878,-74.0162
West Louisville,KY,37.6967,-87.2869
West Manchester,OH,39.9026,-84.6194
West Mansfield,OH,40.4043,-83.5243
West Mclean,VA,38.9287,-77.2397
West Medford,MA,42.4222,-71.1333
West Memphis,AR,35.1484,-90.1779
West Middlesex,PA,41.1741,-80.4528
West Middleton,IN,40.4394,-86.2161
West Middletown,PA,40.2428,-80.4275
West Mifflin,PA,40.3665,-79.8943
West Milford,NJ,41.0915,-74.3750
West Milford,WV,39.2039,-80.3630
West Millbury,MA,42.1711,-71.8042
West Millgrove,OH,41.2439,-83.4914
West Milton,OH,39.9531,-84.3242
West Milton,PA,40.9644,-76.8847
West Mineral,KS,37.2842,-94.9228
West Minot,ME,44.1711,-70.3664
West Monroe,LA,32.5317,-92.1760
West Monroe,NY,43.2882,-76.0797
West Mystic,CT,41.3542,-71.9669
West New York,NJ,40.7882,-74.0129
West Newbury,MA,42.7949,-70.9778
West Newbury,VT,44.0644,-72.1253
West Newfield,ME,43.6434,-70.9135
West Newton,IN,39.6531,-86.2828
West Newton,MA,42.3500,-71.2333
West Newton,PA,40.2075,-79.7580
West Nottingham,NH,43.1340,-71.1110
West Nyack,NY,41.0973,-73.9768
West Olive,MI,42.9099,-86.1317
West Oneonta,NY,42.4539,-75.0957
West Orange,NJ,40.7859,-74.2568
West Ossipee,NH,43.8360,-71.2051
West Paducah,KY,37.0922,-88.7611
West Palm Beach,FL,26.7140,-80.0659
West Paris,ME,44.3253,-70.5732
West Park,NY,41.7944,-73.9600
West Pawlet,VT,43.3667,-73.2313
West Peterborough,NH,42.8872,-71.9858
West Pittsburg,PA,40.9328,-80.3636
West Plains,MO,36.7284,-91.8717
West Point,AR,35.2069,-91.6142
West Point,CA,38.4062,-120.5159
West Point,GA,32.8337,-85.1197
West Point,IA,40.7150,-91.4397
West Point,IL,40.2452,-91.2496
West Point,KY,37.9954,-85.9545
West Point,MS,33.6265,-88.6823
West Point,NE,41.8450,-96.7318
West Point,NY,41.3945,-73.9737
West Point,OH,40.7083,-80.7025
West Point,PA,40.2067,-75.2997
West Point,TX,29.9523,-97.0361
West Point,VA,37.5556,-76.8237
West Poland,ME,44.0472,-70.4502
West Portsmouth,OH,38.7492,-83.0477
West Richland,WA,46.3044,-119.3603
West Ridge,AR,35.6831,-90.2625
West River,MD,38.8252,-76.5391
West Rockport,ME,44.1820,-69.1510
West Roxbury,MA,42.2787,-71.1589
West Rupert,VT,43.2618,-73.2028
West Rushville,OH,39.7639,-82.4475
West Rutland,VT,43.5781,-73.0424
West Sacramento,CA,38.5924,-121.5264
West Salem,IL,38.5183,-88.0323
West Salem,OH,40.9485,-82.1066
West Salem,WI,43.9063,-91.0893
West Salisbury,PA,39.7542,-79.0953
West Sand Lake,NY,42.6380,-73.6109
West Sayville,NY,40.7320,-73.1000
West Shokan,NY,41.9555,-74.2851
West Simsbury,CT,41.8718,-72.8577
West Somerset,KY,37.0900,-84.6458
West Springfield,MA,42.1151,-72.6411
West Springfield,PA,41.9465,-80.4650
West Stewartstown,NH,44.9953,-71.5317
West Stockbridge,MA,42.3348,-73.3825
West Stockholm,NY,44.7290,-74.8919
West Suffield,CT,42.0115,-72.7362
West Sunbury,PA,41.0026,-79.8751
West Swanzey,NH,42.8703,-72.2977
West Terre Haute,IN,39.4938,-87.4671
West Tisbury,MA,41.4137,-70.6558
West Topsham,VT,44.1199,-72.2701
West Townsend,MA,42.6704,-71.7406
West Townshend,VT,43.1300,-72.7210
West Union,IA,42.9732,-91.8036
West Union,IL,39.2402,-87.6512
West Union,MN,45.7985,-95.0833
West Union,OH,38.8017,-83.5333
West Union,SC,34.7516,-83.0399
West Union,WV,39.2762,-80.7911
West Unity,OH,41.5756,-84.4421
West Valley,NY,42.4315,-78.6280
West Van Lear,KY,37.7861,-82.7714
West Wardsboro,VT,43.0472,-72.8805
West Wareham,MA,41.7796,-70.7642
West Warren,MA,42.2073,-72.2036
West Warwick,RI,41.7004,-71.5183
West Wendover,NV,40.7350,-114.0753
West Willow,PA,39.9728,-76.2883
West Windsor,NJ,40.2977,-74.6146
West Winfield,NY,42.8826,-75.1835
West Yarmouth,MA,41.6614,-70.2363
West Yellowstone,MT,44.9125,-111.1860
West York,IL,39.1938,-87.7131
Westboro,MO,40.5357,-95.3134
Westboro,WI,45.3445,-90.3072
Westborough,MA,42.2830,-71.6015
Westbrook,CT,41.2927,-72.4563
Westbrook,ME,43.6843,-70.3580
Westbrook,MN,44.0654,-95.4232
Westbrook,TX,32.3532,-100.9907
Westbrookville,NY,41.3750,-74.6931
Westbury,NY,40.7557,-73.5723
Westby,MT,48.8587,-104.1247
Westby,WI,43.6631,-90.8740
Westchester,IL,41.8524,-87.8845
Westcliffe,CO,38.1230,-105.4332
Westdale,NY,43.4117,-75.8226
Westerlo,NY,42.5156,-74.0394
Westerly,RI,41.3691,-71.8126
Western,NE,40.4152,-97.1976
Western Grove,AR,36.0830,-92.9716
Western Springs,IL,41.8049,-87.8995
Westernport,MD,39.4826,-79.0307
Westernville,NY,43.3294,-75.3151
Westerville,NE,41.4193,-99.3844
Westerville,OH,40.1146,-82.9105
Westerville,OH,40.1545,-82.9097
Westfall,OR,43.9922,-117.6877
Westfield,IA,42.6953,-96.4920
Westfield,IL,39.4424,-88.0448
Westfield,IN,40.0489,-86.1499
Westfield,MA,42.1295,-72.7543
Westfield,ME,46.5087,-67.8974
Westfield,NC,36.4674,-80.3677
Westfield,NJ,40.6479,-74.3451
Westfield,NY,42.3220,-79.5726
Westfield,PA,41.9191,-77.5310
Westfield,VT,44.8825,-72.4396
Westfield,WI,43.8968,-89.5020
Westfield Center,OH,41.0264,-81.9333
Westfir,OR,43.7566,-122.5141
Westford,MA,42.5900,-71.4381
Westford,NY,42.5035,-75.1004
Westford,VT,44.6182,-73.0060
Westgate,IA,42.8055,-92.0183
Westhampton,NY,40.8180,-72.6699
Westhampton Beach,NY,40.8228,-72.6448
Westhoff,TX,29.0550,-97.3511
Westhope,ND,48.9051,-101.0338
Westlake,LA,30.2613,-93.2688
Westlake,OH,41.4535,-81.9218
Westlake,OR,43.9140,-124.0334
Westlake Village,CA,34.1462,-118.8013
Westlake Village,CA,34.1656,-118.8307
Westland,MI,42.3189,-83.3749
Westland,PA,40.2772,-80.2733
Westley,CA,37.5494,-121.1981
Westminster,CA,33.7528,-117.9913
Westminster,CO,39.8542,-105.0371
Westminster,MA,42.5458,-71.9111
Westminster,MD,39.5557,-76.9940
Westminster,SC,34.6589,-83.1108
Westminster,TX,33.3625,-96.4617
Westminster,VT,43.0694,-72.4622
Westminster Station,VT,43.0856,-72.4397
Westmont,IL,41.7728,-87.9757
Westmoreland,KS,39.4165,-96.4114
Westmoreland,NH,42.9690,-72.4358
Westmoreland,NY,43.1017,-75.4533
Westmoreland,TN,36.5756,-86.2353
Westmoreland City,PA,40.2768,-79.5477
Westmorland,CA,33.0411,-115.6307
Weston,CO,37.1702,-104.8247
Weston,CT,41.2195,-73.3715
Weston,GA,31.9637,-84.5756
Weston,ID,42.0446,-111.9715
Weston,MA,42.3667,-71.3036
Weston,MI,41.7703,-84.0978
Weston,MO,39.4453,-94.9145
Weston,NE,41.1811,-96.7691
Weston,OH,41.3516,-83.7973
Weston,OR,45.8074,-118.3733
Weston,PA,40.9414,-76.1425
Weston,TX,33.3489,-96.6692
Weston,VT,43.2941,-72.7935
Weston,WV,39.0411,-80.4737
Weston,WY,44.8357,-105.3732
Westons Mills,NY,42.0622,-78.3775
Westover,AL,33.3494,-86.5358
Westover,MD,38.1010,-75.7406
Westover,PA,40.7615,-78.7355
Westphalia,IA,41.7180,-95.3870
Westphalia,IN,38.8628,-87.2256
Westphalia,KS,38.1718,-95.4665
Westphalia,MI,42.9123,-84.7856
Westphalia,MO,38.4270,-92.0392
Westpoint,IN,40.3581,-87.0575
Westpoint,TN,35.1393,-87.5380
Westport,CA,39.6441,-123.7643
Westport,CT,41.1434,-73.3496
Westport,IN,39.1749,-85.5856
Westport,KY,38.4921,-85.4524
Westport,MA,41.6211,-71.0890
Westport,NY,44.2050,-73.4702
Westport,PA,41.2745,-77.9315
Westport,SD,45.6250,-98.5856
Westport,TN,35.9169,-88.3364
Westport,WA,46.8836,-124.1061
Westport Point,MA,41.5222,-71.0750
Westside,IA,42.1084,-95.1273
Westtown,NY,41.3214,-74.5529
Westtown,PA,39.9308,-75.5522
Westview,KY,37.6792,-86.4273
Westville,FL,30.8747,-85.9130
Westville,IL,40.0451,-87.6360
Westville,IN,41.5365,-86.9013
Westville,NJ,39.8605,-75.1323
Westville,OH,40.1094,-83.8381
Westville,OK,35.9912,-94.5926
Westville,SC,34.4492,-80.5796
Westwego,LA,29.9144,-90.1813
Westwood,CA,40.2704,-121.1092
Westwood,MA,42.2148,-71.2104
Westwood,NJ,41.0017,-74.0326
Wethersfield,CT,41.7013,-72.6763
Wetmore,CO,38.1899,-105.1064
Wetmore,KS,39.6428,-95.8231
Wetmore,MI,46.3535,-86.6345
Wetumka,OK,35.2396,-96.2421
Wetumpka,AL,32.5451,-86.1880
Wever,IA,40.7067,-91.2268
Wevertown,NY,43.6413,-73.9309
Wewahitchka,FL,30.0933,-85.2048
Wewahitchka,FL,30.2632,-85.2065
Wewoka,OK,35.1829,-96.5038
Wexford,PA,40.6120,-80.0649
Weyanoke,LA,30.9467,-91.4611
Weyauwega,WI,44.3210,-88.9410
Weyerhaeuser,WI,45.4263,-91.4289
Weyers Cave,VA,38.2931,-78.9235
Weymouth,MA,42.2113,-70.9582
Whaleyville,MD,38.4042,-75.2889
Wharncliffe,WV,37.5452,-81.9566
Wharton,NJ,40.9139,-74.5863
Wharton,OH,40.8612,-83.4630
Wharton,TX,29.3205,-96.0858
Wharton,WV,37.8872,-81.6703
What Cheer,IA,41.3953,-92.3548
Whately,MA,42.4397,-72.6353
Whatley,AL,31.6395,-87.6565
Wheat Ridge,CO,39.7740,-105.0962
Wheatcroft,KY,37.4900,-87.8628
Wheatfield,IN,41.1779,-87.0699
Wheatland,CA,39.0192,-121.4221
Wheatland,IA,41.8259,-90.8402
Wheatland,IN,38.6671,-87.3062
Wheatland,MO,37.9103,-93.3981
Wheatland,ND,46.8750,-97.3917
Wheatland,OK,35.3978,-97.6519
Wheatland,PA,41.2008,-80.4981
Wheatland,WY,42.0495,-104.9679
Wheatley,AR,34.9207,-91.1086
Wheaton,IL,41.8566,-88.1076
Wheaton,MN,45.8111,-96.4866
Wheaton,MO,36.7651,-94.0492
Wheeler,IL,39.0182,-88.3175
Wheeler,IN,41.5117,-87.1792
Wheeler,MI,43.3962,-84.4243
Wheeler,MS,34.5803,-88.6075
Wheeler,OR,45.6892,-123.8794
Wheeler,TX,35.4319,-100.2568
Wheeler,WI,45.0719,-91.8871
Wheeler Army Airfield,HI,21.4858,-158.0364
Wheelersburg,OH,38.7418,-82.8204
Wheeling,IL,42.1340,-87.9341
Wheeling,MO,39.8011,-93.3868
Wheeling,WV,40.0727,-80.6851
Wheelock,TX,30.8975,-96.3897
Wheelwright,KY,37.3325,-82.7211
Wheelwright,MA,42.3519,-72.1403
Whelen Springs,AR,33.8308,-93.1261
Whick,KY,37.4102,-83.3747
Whigham,GA,30.8828,-84.3239
Whippany,NJ,40.8219,-74.4200
Whipple,OH,39.4810,-81.3636
Whippleville,NY,44.8097,-74.2622
Whiskeytown,CA,40.6389,-122.5586
Whitakers,NC,36.0758,-77.7167
White,GA,34.2717,-84.7383
White,PA,40.0726,-79.4251
White,SD,44.4132,-96.6150
White Bird,ID,45.7521,-116.2889
White Bluff,TN,36.1253,-87.2190
White Castle,LA,30.1545,-91.1773
White City,KS,38.7890,-96.7637
White City,OR,42.4319,-122.8296
White Cloud,KS,39.9627,-95.2982
White Cloud,MI,43.5398,-85.7586
White Cottage,OH,39.8717,-82.0978
White Deer,PA,41.0758,-76.8750
White Deer,TX,35.4278,-101.1740
White Earth,MN,47.0967,-95.8431
White Earth,ND,48.4307,-102.8067
White Hall,AR,34.2570,-92.0897
White Hall,IL,39.4288,-90.4019
White Hall,MD,39.6618,-76.5666
White Hall,VA,38.1178,-78.6617
White Haven,PA,41.0790,-75.7715
White Heath,IL,40.1009,-88.5193
White Horse Beach,MA,41.9308,-70.5583
White House,TN,36.4600,-86.6705
White Lake,MI,42.6580,-83.5398
White Lake,NY,41.6485,-74.8654
White Lake,SD,43.7564,-98.7076
White Lake,WI,45.1715,-88.7555
White Marsh,MD,39.3923,-76.4132
White Marsh,VA,37.3422,-76.5217
White Mills,KY,37.5438,-86.0395
White Mills,PA,41.5261,-75.2039
White Mountain,AK,64.7028,-163.4219
White Mountain Lake,AZ,34.3483,-109.9969
White Oak,GA,31.0340,-81.8082
White Oak,NC,34.7662,-78.7301
White Oak,TX,32.5372,-94.8621
White Oak,WV,37.6801,-81.0589
White Owl,SD,44.6182,-102.4452
White Pigeon,MI,41.7929,-85.6750
White Pine,MI,46.7539,-89.5839
White Pine,TN,36.0903,-83.2879
White Plains,GA,33.4843,-83.0908
White Plains,KY,37.1788,-87.3644
White Plains,MD,38.5948,-76.9802
White Plains,NC,36.4992,-80.6075
White Plains,NY,41.0330,-73.7652
White Plains,VA,36.6335,-77.9592
White Post,VA,39.0580,-78.1105
White River,SD,43.5666,-100.7449
White River Junction,VT,43.6634,-72.3504
White Rock,SC,34.1450,-81.2758
White Salmon,WA,45.7551,-121.4795
White Sands Missile Range,NM,32.3827,-106.4924
White Springs,FL,30.3387,-82.7765
White Stone,SC,34.9028,-81.8172
White Stone,VA,37.6475,-76.3686
White Sulphur Springs,MT,46.5663,-110.9344
White Sulphur Springs,NY,41.7900,-74.8281
White Sulphur Springs,WV,37.8146,-80.2746
White Swan,WA,46.3716,-120.7453
White Water,CA,33.9276,-116.6932
Whiteclay,NE,42.9969,-102.5542
Whiteface,TX,33.5866,-102.6389
Whitefield,ME,44.2178,-69.6022
Whitefield,NH,44.3681,-71.6035
Whitefield,OK,35.2511,-95.2375
Whitefish,MT,48.4040,-114.3509
Whiteford,MD,39.7077,-76.3160
Whitehall,MI,43.3904,-86.3315
Whitehall,MT,45.8771,-112.1245
Whitehall,NY,43.5531,-73.3864
Whitehall,PA,40.6475,-75.4954
Whitehall,WI,44.3827,-91.3030
Whitehorse,SD,45.2700,-100.8883
Whitehouse,NJ,40.6183,-74.7447
Whitehouse,OH,41.5194,-83.8115
Whitehouse,TX,32.2220,-95.2266
Whitehouse Station,NJ,40.5999,-74.7641
Whiteland,IN,39.5553,-86.0935
Whitelaw,WI,44.1573,-87.8267
Whiteman Air Force Base,MO,38.7317,-93.5725
Whiteoak,MO,36.3303,-90.0278
Whiteriver,AZ,33.8369,-109.9636
Whiterocks,UT,40.4528,-109.9172
Whites City,NM,32.1756,-104.3761
Whites Creek,TN,36.2744,-86.8292
Whitesboro,NJ,39.0389,-74.8572
Whitesboro,NY,43.1158,-75.3095
Whitesboro,OK,34.6843,-94.8700
Whitesboro,TX,33.6590,-96.8790
Whitesburg,GA,33.5111,-84.9254
Whitesburg,KY,37.1155,-82.8388
Whitesburg,TN,36.2621,-83.1458
Whiteside,MO,39.1853,-91.0167
Whiteside,TN,35.0663,-85.3985
Whitestone,NY,40.7851,-73.8096
Whitestown,IN,40.0000,-86.3507
Whitesville,KY,37.6834,-86.8699
Whitesville,NY,42.0456,-77.8106
Whitesville,WV,37.9787,-81.5340
Whitetail,MT,48.9250,-105.2977
Whitethorn,CA,40.0239,-123.9419
Whitetop,VA,36.6106,-81.5839
Whiteville,NC,34.3241,-78.7160
Whiteville,TN,35.3191,-89.1337
Whitewater,CO,38.9744,-108.3990
Whitewater,KS,37.9612,-97.1308
Whitewater,MO,37.2865,-89.7363
Whitewater,MT,48.8349,-107.4054
Whitewater,WI,42.8272,-88.7429
Whitewood,SD,44.4589,-103.6370
Whitewood,VA,37.2644,-81.8904
Whitewright,TX,33.5190,-96.4510
Whitfield,MS,32.2353,-90.0719
Whitharral,TX,33.7375,-102.3267
Whiting,IA,42.1522,-96.1822
Whiting,IN,41.6787,-87.5005
Whiting,KS,39.5974,-95.6158
Whiting,ME,44.7908,-67.1761
Whiting,VT,43.8750,-73.2133
Whitingham,VT,42.7901,-72.8560
Whitinsville,MA,42.1153,-71.6644
Whitlash,MT,48.9110,-111.1075
Whitley City,KY,36.7386,-84.4684
Whitleyville,TN,36.5158,-85.6899
Whitman,MA,42.0816,-70.9381
Whitman,NE,41.9584,-101.5216
Whitman,WV,37.8133,-82.0247
Whitmer,WV,38.8083,-79.5578
Whitmire,SC,34.4955,-81.6060
Whitmore,CA,40.6525,-121.8771
Whitmore Lake,MI,42.4289,-83.7828
Whitney,NE,42.7559,-103.2396
Whitney,PA,40.2533,-79.4106
Whitney,TX,31.9592,-97.3350
Whitney Point,NY,42.3384,-75.9522
Whitsett,NC,36.0330,-79.5972
Whitsett,TX,28.6373,-98.2565
Whitt,TX,32.9555,-98.0210
Whittaker,MI,42.1281,-83.5997
Whittemore,IA,43.0261,-94.4064
Whittemore,MI,44.2325,-83.8068
Whitten,IA,42.2608,-93.0053
Whittier,AK,60.7750,-148.6833
Whittier,CA,34.0011,-118.0371
Whittier,NC,35.4469,-83.2872
Whittington,IL,38.0989,-88.8635
Whitwell,TN,35.1972,-85.5011
Wibaux,MT,46.9646,-104.1897
Wichita,KS,37.6898,-97.3415
Wichita Falls,TX,33.9053,-98.4976
Wickatunk,NJ,40.3500,-74.2483
Wickenburg,AZ,33.9686,-112.7289
Wickes,AR,34.3088,-94.3403
Wickett,TX,31.5700,-103.0006
Wickhaven,PA,40.1231,-79.7731
Wickliffe,KY,36.9680,-89.0177
Wickliffe,OH,41.6046,-81.4692
Wicomico,VA,37.2908,-76.5097
Wicomico Church,VA,37.7790,-76.3565
Wiconisco,PA,40.5675,-76.7091
Wideman,AR,36.1987,-92.0018
Widen,WV,38.4661,-80.8575
Widener,AR,35.0592,-90.6293
Widnoon,PA,40.9611,-79.4675
Wiergate,TX,31.0414,-93.8039
Wiggins,CO,40.2057,-104.0528
Wiggins,MS,30.8609,-89.1324
Wikieup,AZ,34.7033,-113.6106
Wilber,NE,40.4821,-96.9757
Wilberforce,OH,39.7161,-83.8778
Wilbraham,MA,42.1245,-72.4464
Wilbur,OR,43.3211,-123.3394
Wilbur,WA,47.7410,-118.7063
Wilburn,AR,35.4545,-91.9072
Wilburton,OK,34.9128,-95.3389
Wilburton,PA,40.8121,-76.3929
Wilcoe,WV,37.3811,-81.5642
Wilcox,NE,40.3735,-99.1539
Wilcox,PA,41.5735,-78.6823
Wild Horse,CO,38.8258,-103.0111
Wild Rose,WI,44.1834,-89.1953
Wilder,ID,43.6579,-116.9122
Wilder,TN,36.2305,-85.0747
Wilder,VT,43.6728,-72.3092
Wildersville,TN,35.7698,-88.4388
Wilderville,OR,42.3925,-123.5139
Wildie,KY,37.4233,-84.3022
Wildomar,CA,33.6021,-117.2640
Wildorado,TX,35.1916,-102.2118
Wildrose,ND,48.6219,-103.1849
Wildsville,LA,31.6156,-91.7839
Wildwood,FL,28.8454,-82.0347
Wildwood,GA,34.9779,-85.4305
Wildwood,NJ,38.9899,-74.8191
Wildwood,PA,40.5942,-79.9703
Wiley,CO,38.1590,-102.7147
Wiley,GA,34.7983,-83.4203
Wiley Ford,WV,39.6133,-78.7750
Wileyville,WV,39.6626,-80.6473
Wilkes Barre,PA,41.2449,-75.8841
Wilkesboro,NC,36.1359,-81.1573
Wilkeson,WA,47.1056,-122.0444
Wilkesville,OH,39.1408,-82.3769
Wilkinson,IN,39.8957,-85.6144
Wilkinson,WV,37.8278,-81.9978
Willacoochee,GA,31.3455,-83.0449
Willamina,OR,45.0826,-123.5047
Willard,KY,38.2117,-82.8972
Willard,MO,37.2962,-93.4259
Willard,MT,46.1141,-104.4467
Willard,NC,34.6845,-78.0234
Willard,NM,34.5754,-106.0307
Willard,NY,42.6822,-76.8689
Willard,OH,41.0531,-82.7264
Willard,UT,41.3989,-112.0317
Willard,WI,44.7274,-90.7499
Willards,MD,38.3939,-75.3552
Willcox,AZ,32.3730,-109.8631
Willernie,MN,45.0542,-92.9564
Willet,NY,42.4520,-75.9014
Williams,AZ,35.2498,-112.1906
Williams,CA,39.1489,-122.1624
Williams,IA,42.4614,-93.5677
Williams,IN,38.7735,-86.6285
Williams,MN,48.8022,-94.9556
Williams,OR,42.2230,-123.2829
Williams,SC,33.0344,-80.8428
Williams Bay,WI,42.5767,-88.5431
Williamsburg,IA,41.6393,-92.0240
Williamsburg,IN,39.9580,-84.9984
Williamsburg,KS,38.4902,-95.4226
Williamsburg,KY,36.7355,-84.1436
Williamsburg,MA,42.4085,-72.7780
Williamsburg,MI,44.8020,-85.4347
Williamsburg,MO,38.8981,-91.6792
Williamsburg,NM,33.2265,-107.3376
Williamsburg,OH,39.0753,-84.0432
Williamsburg,PA,40.4374,-78.2255
Williamsburg,VA,37.2627,-76.7017
Williamsburg,VA,37.2732,-76.7194
Williamsburg,WV,37.9442,-80.5173
Williamsfield,IL,40.9277,-90.0267
Williamsfield,OH,41.5383,-80.5964
Williamson,GA,33.1598,-84.3795
Williamson,IA,41.1020,-93.2659
Williamson,NY,43.2421,-77.1700
Williamson,PA,39.8531,-77.7978
Williamson,WV,37.6902,-82.2642
Williamsport,IN,40.3094,-87.2787
Williamsport,KY,37.8142,-82.7105
Williamsport,MD,39.5930,-77.8087
Williamsport,OH,39.6117,-83.1251
Williamsport,PA,41.2472,-77.0206
Williamsport,TN,35.6494,-87.2257
Williamston,MI,42.6967,-84.2926
Williamston,NC,35.6602,-77.0483
Williamston,SC,34.6206,-82.5110
Williamstown,KY,38.6292,-84.5744
Williamstown,MA,42.7089,-73.2036
Williamstown,MO,40.2156,-91.8548
Williamstown,NJ,39.6650,-74.9710
Williamstown,NY,43.4106,-75.9044
Williamstown,OH,40.8339,-83.6508
Williamstown,PA,40.5808,-76.6223
Williamstown,VT,44.1182,-72.5381
Williamstown,WV,39.3824,-81.4566
Williamsville,IL,39.9304,-89.5342
Williamsville,MO,36.9638,-90.4879
Williamsville,VA,38.1779,-79.6506
Williamsville,VT,42.9482,-72.6584
Williford,AR,36.2453,-91.3792
Willimantic,CT,41.7149,-72.2134
Willingboro,NJ,40.0290,-74.8835
Willington,CT,41.8740,-72.2728
Willis,MI,42.1292,-83.5687
Willis,TX,30.4247,-95.4797
Willis,VA,36.8749,-80.4909
Willis Wharf,VA,37.5156,-75.8069
Willisburg,KY,37.8373,-85.1362
Williston,FL,29.3977,-82.4856
Williston,NC,34.7892,-76.5056
Williston,ND,48.1679,-103.6317
Williston,OH,41.6036,-83.3400
Williston,SC,33.3926,-81.4161
Williston,TN,35.1666,-89.3906
Williston,VT,44.4367,-73.0957
Williston Park,NY,40.7592,-73.6449
Willisville,AR,33.4847,-93.3121
Willisville,IL,37.9821,-89.5785
Willits,CA,39.4114,-123.3503
Willmar,MN,45.1393,-95.0523
Willoughby,OH,41.6302,-81.4076
Willow,AK,61.7715,-150.1889
Willow,NY,42.0923,-74.2025
Willow,OK,35.0702,-99.5421
Willow Beach,AZ,35.8316,-114.4441
Willow City,ND,48.6062,-100.2968
Willow City,TX,30.4549,-98.6646
Willow Creek,CA,40.9389,-123.6311
Willow Creek,MT,45.8253,-111.6439
Willow Grove,PA,40.1467,-75.1213
Willow Hill,IL,38.9757,-88.0172
Willow Hill,PA,40.1137,-77.7969
Willow Island,NE,40.8778,-100.0944
Willow Lake,SD,44.6272,-97.6747
Willow River,MN,46.2949,-92.8309
Willow Spring,NC,35.5470,-78.6717
Willow Springs,IL,41.7364,-87.8786
Willow Springs,MO,36.9958,-91.9405
Willow Street,PA,39.9670,-76.2752
Willow Wood,OH,38.5940,-82.4530
Willowbrook,IL,41.7528,-87.9197
Willows,CA,39.5238,-122.1992
Wills Point,TX,32.7283,-96.0079
Willsboro,NY,44.3604,-73.3963
Willseyville,NY,42.3029,-76.3897
Willshire,OH,40.7346,-84.7777
Wilmar,AR,33.6213,-91.9257
Wilmer,AL,30.8137,-88.3332
Wilmer,TX,32.5981,-96.6838
Wilmerding,PA,40.3934,-79.8030
Wilmette,IL,42.0765,-87.7246
Wilmington,CA,33.7855,-118.2645
Wilmington,DE,39.7378,-75.5497
Wilmington,IL,41.2981,-88.1301
Wilmington,MA,42.5581,-71.1723
Wilmington,NC,34.2253,-77.9379
Wilmington,NY,44.3880,-73.8166
Wilmington,OH,39.4488,-83.8417
Wilmington,VT,42.8812,-72.8613
Wilmont,MN,43.7692,-95.8324
Wilmore,KS,37.3318,-99.1846
Wilmore,KY,37.8621,-84.6621
Wilmore,PA,40.3886,-78.7189
Wilmot,AR,33.0576,-91.5723
Wilmot,NH,43.4322,-71.9010
Wilmot,OH,40.6567,-81.6352
Wilmot,SD,45.4125,-96.8560
Wilmot,WI,42.5128,-88.1819
Wilsall,MT,45.9484,-110.6061
Wilsey,KS,38.6334,-96.6704
Wilseyville,CA,38.3846,-120.4424
Wilson,AR,35.5660,-90.0427
Wilson,KS,38.8134,-98.4432
Wilson,LA,30.9473,-91.0655
Wilson,MI,45.6649,-87.3997
Wilson,NC,35.7270,-77.9227
Wilson,NY,43.2968,-78.8244
Wilson,OK,34.1642,-97.4249
Wilson,TX,33.3299,-101.7122
Wilson,WI,44.9466,-92.1965
Wilson,WY,43.4992,-110.8742
Wilson Creek,WA,47.4233,-119.1197
Wilsonburg,WV,39.2925,-80.3963
Wilsondale,WV,37.9516,-82.3814
Wilsons,VA,37.1157,-77.8352
Wilsons Mills,NC,35.5839,-78.3561
Wilsonville,AL,33.2293,-86.5299
Wilsonville,IL,39.0708,-89.8561
Wilsonville,NE,40.1089,-100.1211
Wilsonville,OR,45.2986,-122.7699
Wilton,AL,33.0786,-86.8817
Wilton,AR,33.7348,-94.1357
Wilton,CA,38.4121,-121.2257
Wilton,CT,41.2018,-73.4383
Wilton,IA,41.5858,-91.0100
Wilton,ME,44.5911,-70.2961
Wilton,MN,47.5353,-94.9862
Wilton,ND,47.1709,-100.7944
Wilton,NH,42.8368,-71.7541
Wilton,WI,43.8322,-90.5162
Wimauma,FL,27.7015,-82.3151
Wimberley,TX,30.0265,-98.1123
Wimbledon,ND,47.1438,-98.4329
Winamac,IN,41.0562,-86.6307
Winburne,PA,40.9678,-78.1562
Winchendon,MA,42.6789,-72.0475
Winchendon Springs,MA,42.6944,-72.0153
Winchester,AR,33.7520,-91.5431
Winchester,CA,33.6243,-117.0885
Winchester,ID,46.2383,-116.6204
Winchester,IL,39.6141,-90.4337
Winchester,IN,40.1696,-85.0044
Winchester,KS,39.3245,-95.2696
Winchester,KY,37.9872,-84.1789
Winchester,MA,42.4530,-71.1441
Winchester,NH,42.7739,-72.3637
Winchester,OH,38.9353,-83.6661
Winchester,OR,43.2803,-123.3525
Winchester,TN,35.1864,-86.1130
Winchester,VA,39.1581,-78.2313
Winchester,VA,39.1858,-78.1827
Winchester Center,CT,41.9000,-73.1353
Wind Gap,PA,40.8169,-75.3264
Wind Ridge,PA,39.8971,-80.4647
Windber,PA,40.2287,-78.8303
Winder,GA,33.9985,-83.7115
Windermere,FL,28.5006,-81.5354
Windfall,IN,40.3669,-85.9476
Windham,CT,41.7027,-72.1526
Windham,ME,43.7958,-70.4143
Windham,NH,42.8051,-71.3067
Windham,NY,42.3175,-74.2620
Windham,OH,41.2392,-81.0535
Windom,KS,38.3845,-97.8965
Windom,MN,43.8790,-95.1515
Windom,TX,33.5633,-96.0020
Window Rock,AZ,35.6806,-109.0519
Windsor,CA,38.5432,-122.8044
Windsor,CO,40.4837,-104.8994
Windsor,CT,41.8525,-72.6442
Windsor,IL,39.4302,-88.5857
Windsor,KY,37.1278,-84.9122
Windsor,MA,42.5095,-73.0466
Windsor,ME,44.3009,-69.5806
Windsor,MO,38.5272,-93.5269
Windsor,NC,36.0159,-76.9336
Windsor,NJ,40.2422,-74.5817
Windsor,NY,42.0745,-75.6728
Windsor,OH,41.5623,-80.9667
Windsor,PA,39.9233,-76.5591
Windsor,SC,33.4674,-81.5136
Windsor,VA,36.8369,-76.7324
Windsor,VT,43.4760,-72.4110
Windsor,WI,43.2141,-89.3415
Windsor Heights,WV,40.1911,-80.6656
Windsor Locks,CT,41.9261,-72.6458
Windsor Mill,MD,39.3350,-76.7625
Windthorst,TX,33.5796,-98.4376
Windyville,MO,37.7182,-92.9379
Winesburg,OH,40.6164,-81.6953
Winfall,NC,36.2189,-76.4642
Winfield,AL,33.9303,-87.7972
Winfield,IA,41.1257,-91.4379
Winfield,IL,41.8744,-88.1516
Winfield,KS,37.2416,-96.9800
Winfield,MO,38.9897,-90.8213
Winfield,PA,40.8908,-76.8718
Winfield,TN,36.5598,-84.4340
Winfield,TX,33.1615,-95.0790
Winfield,WV,38.5072,-81.8900
Winfred,SD,43.9595,-97.3093
Wing,AL,31.1481,-86.5612
Wing,ND,47.1519,-100.3072
Wingate,IN,40.1666,-87.0664
Wingate,MD,38.2899,-76.0863
Wingate,NC,34.9847,-80.4476
Wingate,TX,32.0318,-100.1183
Wingdale,NY,41.6538,-73.5556
Winger,MN,47.5375,-95.9941
Wingett Run,OH,39.5428,-81.2840
Wingina,VA,37.6415,-78.7557
Wingo,KY,36.6253,-88.7394
Winifred,MT,47.5899,-109.3409
Winifrede,WV,38.1852,-81.5587
Winigan,MO,40.0371,-92.9301
Wink,TX,31.7527,-103.1561
Winkelman,AZ,33.0057,-110.7727
Winlock,WA,46.4940,-122.9158
Winn,ME,45.4568,-68.3575
Winn,MI,43.5233,-84.9017
Winnabow,NC,34.2145,-78.0562
Winnebago,IL,42.2727,-89.2373
Winnebago,MN,43.7755,-94.1632
Winnebago,NE,42.2339,-96.4685
Winnebago,WI,44.0758,-88.5250
Winneconne,WI,44.1187,-88.7214
Winnemucca,NV,40.9664,-117.7467
Winner,SD,43.3555,-99.8619
Winnetka,CA,34.2092,-118.5749
Winnetka,IL,42.1036,-87.7523
Winnetoon,NE,42.4946,-98.0254
Winnett,MT,46.9438,-108.3184
Winnfield,LA,31.9214,-92.6366
Winnie,TX,29.8157,-94.3395
Winnisquam,NH,43.5014,-71.5125
Winnsboro,LA,32.1592,-91.7108
Winnsboro,SC,34.3810,-81.1090
Winnsboro,TX,32.9146,-95.2726
Winona,KS,39.0610,-101.2216
Winona,MN,44.0391,-91.6533
Winona,MO,37.0169,-91.3121
Winona,MS,33.4858,-89.7277
Winona,OH,40.8281,-80.8964
Winona,TX,32.4662,-95.1246
Winona,WV,38.0464,-80.9925
Winona Lake,IN,41.2110,-85.8305
Winooski,VT,44.4949,-73.1874
Winside,NE,42.1678,-97.1825
Winslow,AR,35.8312,-94.1187
Winslow,AZ,35.1608,-110.5114
Winslow,IL,42.4838,-89.8060
Winslow,IN,38.3640,-87.2223
Winslow,NE,41.6092,-96.5042
Winslow,NJ,39.6572,-74.8628
Winsted,CT,41.9252,-73.0663
Winsted,MN,44.9585,-94.0552
Winston,GA,33.6634,-84.8639
Winston,KY,37.7056,-84.0822
Winston,MO,39.8499,-94.1487
Winston,MT,46.4315,-111.6447
Winston,NM,33.3061,-107.6675
Winston,OR,43.1049,-123.4325
Winston Salem,NC,36.1024,-80.2228
Winstonville,MS,33.9100,-90.7514
Winter,WI,45.8414,-90.9496
Winter Beach,FL,27.7189,-80.4208
Winter Garden,FL,28.4867,-81.6051
Winter Harbor,ME,44.3900,-68.0843
Winter Haven,FL,27.9993,-81.7515
Winter Park,CO,39.8917,-105.7625
Winter Park,FL,28.5978,-81.3534
Winter Springs,FL,28.6831,-81.2814
Winterhaven,CA,32.8329,-114.6366
Winterport,ME,44.6552,-68.8862
Winters,CA,38.5295,-121.9745
Winters,TX,31.9620,-99.9551
Winterset,IA,41.3391,-94.0088
Winterthur,DE,39.8028,-75.5919
Winterville,GA,33.9543,-83.2906
Winterville,MS,33.5017,-91.0583
Winterville,NC,35.5336,-77.3910
Winthrop,AR,33.8583,-94.3952
Winthrop,IA,42.4912,-91.7315
Winthrop,MA,42.3763,-70.9800
Winthrop,ME,44.3140,-69.9731
Winthrop,MN,44.5436,-94.3698
Winthrop,NY,44.7583,-74.8066
Winthrop,WA,48.4756,-120.1805
Winthrop Harbor,IL,42.4793,-87.8318
Winton,CA,37.3923,-120.6132
Winton,MN,47.9289,-91.8014
Winton,NC,36.3826,-76.9360
Wiota,IA,41.3846,-94.8405
Wirt,MN,47.7164,-93.9811
Wirtz,VA,37.0818,-79.7573
Wiscasset,ME,44.0074,-69.6826
Wisconsin Dells,WI,43.6508,-89.7665
Wisconsin Rapids,WI,44.3758,-89.8062
Wisdom,MT,45.6519,-113.4729
Wise,NC,36.4864,-78.1711
Wise,VA,36.9750,-82.5947
Wise River,MT,45.7424,-112.9963
Wiseman,AR,36.2280,-91.8495
Wishek,ND,46.2516,-99.5860
Wishon,CA,37.2810,-119.5570
Wishram,WA,45.6575,-120.9656
Wisner,LA,31.9913,-91.6768
Wisner,NE,41.9980,-96.9170
Wister,OK,34.9556,-94.7832
Withams,VA,37.9456,-75.5775
Withee,WI,44.9757,-90.6049
Witherbee,NY,44.0875,-73.5333
Witmer,PA,40.0481,-76.2117
Witt,IL,39.2469,-89.3414
Witten,SD,43.4498,-100.0783
Wittenberg,WI,44.8232,-89.1665
Wittensville,KY,37.8703,-82.8100
Witter,AR,35.9356,-93.6210
Witter Springs,CA,39.1821,-122.9711
Wittman,MD,38.7892,-76.2993
Wittmann,AZ,33.7264,-112.4466
Witts Springs,AR,35.7855,-92.8155
Wixom,MI,42.5340,-83.5285
Woburn,MA,42.4829,-71.1574
Woden,IA,43.2226,-93.9109
Woden,TX,31.5031,-94.5264
Wofford Heights,CA,35.7246,-118.4559
Wolbach,NE,41.4244,-98.3995
Wolcott,CO,39.7028,-106.6781
Wolcott,CT,41.5970,-72.9828
Wolcott,IN,40.7516,-87.0290
Wolcott,NY,43.2341,-76.8217
Wolcott,VT,44.5558,-72.4844
Wolcottville,IN,41.5570,-85.3150
Wolf,WY,44.7682,-107.3034
Wolf Creek,MT,46.8396,-111.8833
Wolf Creek,OR,42.6551,-123.3515
Wolf Island,MO,36.7392,-89.2103
Wolf Lake,IL,37.5120,-89.4408
Wolf Lake,MN,46.8334,-95.3607
Wolf Point,MT,48.1119,-105.6293
Wolf Run,OH,40.4672,-80.8894
Wolfcreek,WV,37.6188,-80.6113
Wolfe,WV,37.3072,-81.3289
Wolfe City,TX,33.3605,-96.0691
Wolfeboro,NH,43.5950,-71.1908
Wolfeboro Falls,NH,43.5919,-71.2061
Wolfforth,TX,33.5304,-102.0261
Wolflake,IN,41.3325,-85.4981
Wolford,ND,48.4809,-99.6628
Wolford,VA,37.3644,-81.9914
Wolftown,VA,38.3556,-78.3478
Wolsey,SD,44.3991,-98.4743
Wolverine,MI,45.2861,-84.6065
Wolverton,MN,46.5550,-96.6149
Womelsdorf,PA,40.3743,-76.1985
Wonalancet,NH,43.9072,-71.3511
Wonder Lake,IL,42.3849,-88.3534
Wonewoc,WI,43.6285,-90.2394
Wood,PA,40.1683,-78.1367
Wood,SD,43.5366,-100.4379
Wood Dale,IL,41.9602,-87.9810
Wood Lake,MN,44.6379,-95.5409
Wood Lake,NE,42.6264,-100.2872
Wood Ridge,NJ,40.8493,-74.0878
Wood River,IL,38.8643,-90.0875
Wood River,NE,40.8106,-98.6065
Wood River Junction,RI,41.4538,-71.7095
Woodacre,CA,38.0069,-122.6382
Woodberry Forest,VA,38.2139,-78.0536
Woodbine,GA,30.9437,-81.6783
Woodbine,IA,41.7373,-95.7008
Woodbine,KS,38.8131,-96.9619
Woodbine,KY,36.9188,-84.0827
Woodbine,MD,39.3464,-77.0647
Woodbine,NJ,39.2489,-74.8026
Woodbourne,NY,41.7708,-74.5928
Woodbridge,CA,38.1551,-121.3086
Woodbridge,CT,41.3517,-73.0139
Woodbridge,NJ,40.5560,-74.2845
Woodbridge,VA,38.6356,-77.2683
Woodburn,IA,41.0000,-93.6083
Woodburn,IN,41.1361,-84.8929
Woodburn,KY,36.8557,-86.5623
Woodburn,OR,45.1446,-122.8583
Woodbury,CT,41.5521,-73.2083
Woodbury,GA,32.9813,-84.5986
Woodbury,KY,37.1833,-86.6339
Woodbury,NJ,39.8295,-75.1380
Woodbury,NY,40.8154,-73.4716
Woodbury,PA,40.2185,-78.3666
Woodbury,TN,35.8143,-86.0500
Woodbury,VT,44.4325,-72.4178
Woodbury Heights,NJ,39.8142,-75.1530
Woodcliff Lake,NJ,40.9911,-74.0331
Woodford,VA,38.0847,-77.4399
Woodford,WI,42.6486,-89.8625
Woodgate,NY,43.5488,-75.1191
Woodhaven,NY,40.6913,-73.8585
Woodhull,IL,41.1849,-90.2833
Woodhull,NY,42.0736,-77.4203
Woodinville,WA,47.7684,-122.1271
Woodlake,CA,36.4313,-119.0918
Woodlake,TX,31.0286,-95.0328
Woodland,AL,33.3555,-85.3538
Woodland,CA,38.6743,-121.7793
Woodland,GA,32.8061,-84.5952
Woodland,IL,40.7144,-87.7311
Woodland,MI,42.7057,-85.1326
Woodland,MS,33.8066,-89.0256
Woodland,NC,36.3205,-77.1978
Woodland,PA,41.0098,-78.3214
Woodland,WA,45.9219,-122.7126
Woodland,WI,43.3703,-88.5186
Woodland Hills,CA,34.1557,-118.6000
Woodland Mills,TN,36.4883,-89.1150
Woodland Park,CO,38.9969,-105.0623
Woodlawn,IL,38.3844,-89.0745
Woodlawn,TN,36.5147,-87.5393
Woodlawn,TX,32.6681,-94.3456
Woodlawn,VA,36.7879,-80.8824
Woodleaf,NC,35.7876,-80.6039
Woodlyn,PA,39.8760,-75.3463
Woodman,WI,43.0577,-90.8245
Woodmere,NY,40.6326,-73.7141
Woodridge,IL,41.7518,-88.0489
Woodridge,NY,41.7170,-74.5815
Woodrow,CO,39.9381,-103.5780
Woodruff,AZ,34.5133,-110.0778
Woodruff,SC,34.7579,-82.0447
Woodruff,UT,41.4888,-111.1868
Woodruff,WI,45.9186,-89.6954
Woods Cross,UT,40.8874,-111.9027
Woods Cross Roads,VA,37.4364,-76.5458
Woods Hole,MA,41.5263,-70.6643
Woodsboro,MD,39.5311,-77.2972
Woodsboro,TX,28.2232,-97.3192
Woodsfield,OH,39.7531,-81.1034
Woodside,DE,39.0714,-75.5686
Woodside,NY,40.7450,-73.9069
Woodson,AR,34.5292,-92.2108
Woodson,IL,39.6289,-90.2189
Woodson,TX,33.3020,-99.0160
Woodstock,AL,33.1698,-87.1635
Woodstock,CT,41.9602,-72.0040
Woodstock,GA,34.1060,-84.5117
Woodstock,IL,42.3198,-88.4477
Woodstock,MD,39.3392,-76.8576
Woodstock,MN,43.9873,-96.1192
Woodstock,NH,43.9775,-71.6856
Woodstock,NY,42.0348,-74.1120
Woodstock,OH,40.1816,-83.5461
Woodstock,VA,38.8870,-78.5217
Woodstock,VT,43.6248,-72.5385
Woodstock Valley,CT,41.9153,-72.0937
Woodston,KS,39.4431,-99.1037
Woodstown,NJ,39.6457,-75.3248
Woodsville,NH,44.1385,-71.9892
Woodville,AL,34.6689,-86.2296
Woodville,FL,30.3139,-84.2475
Woodville,MA,42.2375,-71.5625
Woodville,MS,31.1459,-91.3076
Woodville,OH,41.4512,-83.3646
Woodville,TX,30.7751,-94.4255
Woodville,VA,38.6482,-78.1739
Woodville,WI,44.9408,-92.2848
Woodville,WV,38.1570,-81.9113
Woodward,IA,41.8452,-93.9056
Woodward,OK,36.4268,-99.4020
Woodward,PA,40.9116,-77.3483
Woodway,TX,31.5051,-97.2311
Woodworth,LA,31.1326,-92.4990
Woodworth,ND,47.1636,-99.3406
Woodworth,WI,42.5581,-88.0011
Woody,CA,35.7068,-118.8439
Woody Creek,CO,39.2769,-106.8908
Wooldridge,MO,38.9195,-92.5826
Woolford,MD,38.5066,-76.2041
Woollum,KY,37.0097,-83.8472
Woolrich,PA,41.1887,-77.3313
Woolstock,IA,42.5844,-93.8216
Woolwich,ME,43.9503,-69.7891
Woolwine,VA,36.7921,-80.2774
Woonsocket,RI,41.9995,-71.5137
Woonsocket,SD,44.0572,-98.2430
Wooster,AR,35.1973,-92.4510
Wooster,OH,40.8094,-81.9483
Woosung,IL,41.9033,-89.5408
Wooton,KY,37.1924,-83.2927
Worcester,MA,42.2621,-71.8034
Worcester,NY,42.6049,-74.7299
Worcester,PA,40.2011,-75.3469
Worcester,VT,44.3944,-72.5609
Worden,IL,38.9449,-89.8532
Worden,MT,45.9779,-108.1533
Worland,WY,44.0138,-107.9563
Worley,ID,47.4292,-116.9056
Woronoco,MA,42.1639,-72.8300
Worth,IL,41.6895,-87.7863
Worth,MO,40.4173,-94.4371
Wortham,TX,31.7865,-96.4202
Worthing,SD,43.2925,-96.7529
Worthington,IA,42.3930,-91.1069
Worthington,IN,39.1230,-86.9991
Worthington,KY,38.5511,-82.7396
Worthington,MA,42.3843,-72.9314
Worthington,MN,43.6286,-95.6059
Worthington,MO,40.4240,-92.7401
Worthington,PA,40.8344,-79.6385
Worthington,WV,39.4522,-80.2905
Worthington Springs,FL,29.9292,-82.4236
Worthville,KY,38.6179,-85.0663
Worthville,PA,41.0238,-79.1387
Worton,MD,39.2963,-76.1008
Wounded Knee,SD,43.1852,-102.4022
Woxall,PA,40.3106,-75.4492
Wrangell,AK,56.4335,-132.3529
Wray,CO,40.1049,-102.2338
Wray,GA,31.5952,-83.1075
Wren,OH,40.8008,-84.7753
Wrens,GA,33.2104,-82.3810
Wrenshall,MN,46.5921,-92.3718
Wrentham,MA,42.0617,-71.3396
Wright,AR,34.4377,-92.0631
Wright,KS,37.7676,-99.9238
Wright,MN,46.6753,-93.0029
Wright,WY,43.8293,-105.5323
Wright City,MO,38.8097,-91.0329
Wright City,OK,34.0799,-94.9929
Wrights,IL,39.3758,-90.2942
Wrightsboro,TX,29.3578,-97.5035
Wrightstown,NJ,40.0720,-74.5731
Wrightstown,WI,44.3384,-88.1218
Wrightsville,AR,34.6022,-92.2167
Wrightsville,GA,32.7219,-82.7262
Wrightsville,PA,39.9966,-76.5270
Wrightsville Beach,NC,34.2122,-77.7982
Wrightwood,CA,34.3628,-117.6249
Wrigley,KY,38.0183,-83.2714
Wurtsboro,NY,41.5877,-74.5039
Wyaconda,MO,40.3721,-91.9071
Wyalusing,PA,41.7015,-76.2754
Wyandanch,NY,40.7533,-73.3660
Wyandotte,MI,42.1961,-83.1821
Wyandotte,OK,36.7796,-94.7002
Wyanet,IL,41.3785,-89.5744
Wyano,PA,40.1972,-79.6975
Wyarno,WY,44.8133,-106.7733
Wyatt,IN,41.5258,-86.1694
Wyatt,MO,36.9092,-89.2225
Wyatt,WV,39.4350,-80.3536
Wyckoff,NJ,40.9978,-74.1660
Wyco,WV,37.5989,-81.3431
Wycombe,PA,40.2822,-75.0192
Wye Mills,MD,38.9281,-76.0814
Wykoff,MN,43.7146,-92.2679
Wylie,TX,33.0041,-96.5394
Wylliesburg,VA,36.8390,-78.6127
Wymore,NE,40.1130,-96.6613
Wynantskill,NY,42.6878,-73.6383
Wyncote,PA,40.0867,-75.1524
Wyndmere,ND,46.2891,-97.1289
Wynnburg,TN,36.3286,-89.4733
Wynne,AR,35.2330,-90.7930
Wynnewood,OK,34.6385,-97.1770
Wynnewood,PA,40.0000,-75.2760
Wynona,OK,36.5085,-96.3689
Wynot,NE,42.7393,-97.1678
Wyocena,WI,43.4958,-89.3083
Wyola,MT,45.1089,-107.4303
Wyoming,IA,42.0604,-90.9940
Wyoming,IL,41.0599,-89.7782
Wyoming,MI,42.9009,-85.7058
Wyoming,MN,45.3243,-93.0686
Wyoming,NY,42.8317,-78.0833
Wyoming,PA,41.3197,-75.8541
Wyoming,RI,41.5234,-71.6840
Wyoming,WV,37.5822,-81.6019
Wysox,PA,41.7826,-76.3834
Wytheville,VA,36.9407,-81.0941
Wytopitlock,ME,45.6645,-68.1055
Xenia,IL,38.6697,-88.6379
Xenia,OH,39.6842,-83.9369
Yabucoa,PR,18.0525,-65.8797
Yachats,OR,44.3256,-124.0863
Yacolt,WA,45.8622,-122.4275
Yadkinville,NC,36.1277,-80.6530
Yakima,WA,46.6070,-120.4773
Yakutat,AK,59.6202,-139.7789
Yalaha,FL,28.7444,-81.8263
Yale,IA,41.7753,-94.3503
Yale,IL,39.1300,-88.0105
Yale,MI,43.1224,-82.7979
Yale,OK,36.1101,-96.7022
Yale,SD,44.4956,-97.9932
Yale,VA,36.8373,-77.2870
Yamhill,OR,45.3350,-123.2036
Yampa,CO,40.1525,-106.9081
Yancey,TX,29.1404,-99.1428
Yanceyville,NC,36.3907,-79.3465
Yankeetown,FL,29.0297,-82.7161
Yankton,SD,42.8821,-97.3986
Yantic,CT,41.5597,-72.1242
Yantis,TX,32.9257,-95.5311
Yaphank,NY,40.8370,-72.9174
Yarmouth,IA,41.0297,-91.3175
Yarmouth,ME,43.8009,-70.1750
Yarmouth Port,MA,41.7051,-70.2270
Yarnell,AZ,34.4141,-112.6217
Yatahey,NM,35.6153,-108.7136
Yates Center,KS,37.8801,-95.7289
Yates City,IL,40.7878,-90.0265
Yatesboro,PA,40.8000,-79.3344
Yatesville,GA,32.9156,-84.1593
Yauco,PR,18.0369,-66.8503
Yawkey,WV,38.2193,-81.9568
Yazoo City,MS,32.8594,-90.4031
Yeaddiss,KY,37.0430,-83.2270
Yeagertown,PA,40.6436,-77.5688
Yellow Jacket,CO,37.4995,-108.7852
Yellow Pine,ID,44.9698,-115.4963
Yellow Spring,WV,39.1830,-78.4950
Yellow Springs,OH,39.7996,-83.8891
Yellowstone National Park,WY,44.8539,-110.6744
Yellowtail,MT,45.3128,-107.9364
Yellville,AR,36.2253,-92.7245
Yelm,WA,46.9206,-122.5880
Yemassee,SC,32.6430,-80.8129
Yeoman,IN,40.6678,-86.7242
Yerington,NV,38.9866,-119.1596
Yerkes,KY,37.2772,-83.3011
Yermo,CA,34.9050,-116.8194
Yeso,NM,34.4750,-104.5276
Yettem,CA,36.4864,-119.2586
Yoakum,TX,29.2840,-97.1306
Yoder,CO,38.7753,-104.2184
Yoder,IN,40.9371,-85.1958
Yoder,KS,37.9403,-97.8681
Yoder,WY,41.9120,-104.3535
Yolo,CA,38.7319,-121.8067
Yolyn,WV,37.8665,-81.8727
Yoncalla,OR,43.6043,-123.2926
Yonkers,NY,40.9407,-73.8883
Yorba Linda,CA,33.8913,-117.8191
York,AL,32.4728,-88.2683
York,ME,43.1544,-70.6578
York,ND,48.3217,-99.5505
York,NE,40.8667,-97.5825
York,NY,42.8711,-77.8856
York,PA,39.9635,-76.7269
York,SC,34.9947,-81.2245
York Beach,ME,43.1714,-70.6094
York Harbor,ME,43.1367,-70.6461
York Haven,PA,40.1222,-76.7737
York New Salem,PA,39.9031,-76.7892
York Springs,PA,40.0084,-77.1061
Yorklyn,DE,39.8081,-75.6758
Yorkshire,NY,42.5300,-78.4731
Yorkshire,OH,40.3283,-84.4836
Yorktown,AR,34.0172,-91.7965
Yorktown,IA,40.7692,-95.2163
Yorktown,IN,40.1836,-85.4960
Yorktown,TX,28.9892,-97.5121
Yorktown,VA,37.2287,-76.5423
Yorktown Heights,NY,41.2999,-73.7924
Yorkville,CA,38.9089,-123.2339
Yorkville,IL,41.6387,-88.4438
Yorkville,NY,43.1116,-75.2756
Yorkville,OH,40.1581,-80.7077
Yorkville,TN,36.0994,-89.1189
Yosemite,KY,37.3074,-84.8124
Yosemite National Park,CA,37.7467,-119.5836
Young,AZ,34.1014,-110.9631
Young America,IN,40.5686,-86.3467
Young America,MN,44.7827,-93.9133
Young America,MN,44.8148,-93.9210
Young Harris,GA,34.9588,-83.8688
Youngstown,FL,30.3269,-85.5169
Youngstown,NY,43.2461,-79.0245
Youngstown,OH,41.0986,-80.6474
Youngstown,PA,40.2797,-79.3658
Youngsville,LA,30.0975,-92.0096
Youngsville,NC,36.0078,-78.4412
Youngsville,NM,36.1875,-106.5558
Youngsville,NY,41.8032,-74.8888
Youngsville,PA,41.8537,-79.3187
Youngtown,AZ,33.5908,-112.3013
Youngwood,PA,40.2395,-79.5823
Yountville,CA,38.4038,-122.3585
Ypsilanti,MI,42.2325,-83.6336
Ypsilanti,ND,46.7719,-98.4876
Yreka,CA,41.7206,-122.6376
Yuba City,CA,39.1286,-121.6216
Yucaipa,CA,34.0282,-117.0489
Yucca,AZ,34.8722,-114.1486
Yucca Valley,CA,34.1559,-116.4313
Yukon,MO,37.2311,-91.8244
Yukon,OK,35.5067,-97.7622
Yukon,PA,40.2155,-79.6849
Yulan,NY,41.5384,-74.9262
Yulee,FL,30.6317,-81.6067
Yuma,AZ,32.7015,-114.6424
Yuma,CO,40.1301,-102.7072
Yuma,TN,35.8680,-88.3819
Yutan,NE,41.2340,-96.3932
Zacata,VA,38.1200,-76.7825
Zachary,LA,30.6561,-91.1358
Zachow,WI,44.7403,-88.4447
Zahl,ND,48.5787,-103.6599
Zaleski,OH,39.2822,-82.3950
Zalma,MO,37.1365,-90.0757
Zamora,CA,38.7999,-121.9065
Zanesfield,OH,40.3024,-83.6648
Zanesville,IN,40.9158,-85.2811
Zanesville,OH,39.9443,-82.0089
Zanoni,MO,36.6925,-92.3047
Zap,ND,47.2897,-101.9256
Zapata,TX,26.8897,-99.2506
Zarephath,NJ,40.5364,-74.5750
Zavalla,TX,31.1569,-94.3871
Zearing,IA,42.1535,-93.2928
Zebulon,GA,33.1002,-84.3108
Zebulon,NC,35.8321,-78.3174
Zeeland,MI,42.8256,-86.0104
Zeeland,ND,46.0055,-99.7725
Zeigler,IL,37.9069,-89.0603
Zelienople,PA,40.7314,-80.1286
Zellwood,FL,28.7194,-81.5762
Zenda,KS,37.4373,-98.2874
Zenda,WI,42.5119,-88.4817
Zenia,CA,40.2056,-123.4908
Zephyr,TX,31.6694,-98.8182
Zephyr Cove,NV,39.0022,-119.9550
Zephyrhills,FL,28.2333,-82.1813
Zieglerville,PA,40.2817,-75.4855
Zillah,WA,46.4158,-120.2662
Zimmerman,MN,45.4553,-93.5879
Zion,IL,42.4442,-87.8389
Zion Grove,PA,40.9372,-76.2310
Zionhill,PA,40.4842,-75.3942
Zionsville,IN,39.9561,-86.2767
Zionsville,PA,40.4734,-75.5261
Zionville,NC,36.3194,-81.7476
Zirconia,NC,35.2153,-82.4574
Zoar,OH,40.6142,-81.4225
Zoe,KY,37.6664,-83.6688
Zolfo Springs,FL,27.4800,-81.7423
Zortman,MT,47.8743,-108.3495
Zullinger,PA,39.7700,-77.6300
Zumbro Falls,MN,44.2488,-92.4040
Zumbrota,MN,44.3032,-92.6719
Zuni,NM,35.0684,-108.8336
Zuni,VA,36.8437,-76.8110
Zurich,MT,48.5844,-109.0297
Zwingle,IA,42.2775,-90.7507
Zwolle,LA,31.6138,-93.6636
